run,label_idx,alpha,tp,fp,tn,fn,name
0,0,0.1,581,290,2787,68,df_ml_cc_w_demo_ip
0,1,0.1,521,308,2854,43,df_ml_cc_w_demo_ip
0,2,0.1,2614,85,710,317,df_ml_cc_w_demo_ip
1,0,0.1,546,287,2830,66,df_ml_cc_w_demo_ip
1,1,0.1,503,321,2859,46,df_ml_cc_w_demo_ip
1,2,0.1,2631,72,713,313,df_ml_cc_w_demo_ip
2,0,0.1,542,344,2781,52,df_ml_cc_w_demo_ip
2,1,0.1,492,307,2867,53,df_ml_cc_w_demo_ip
2,2,0.1,2658,70,703,288,df_ml_cc_w_demo_ip
3,0,0.1,557,294,2803,69,df_ml_cc_w_demo_ip
3,1,0.1,530,275,2854,64,df_ml_cc_w_demo_ip
3,2,0.1,2618,62,757,286,df_ml_cc_w_demo_ip
4,0,0.1,553,303,2816,54,df_ml_cc_w_demo_ip
4,1,0.1,518,299,2850,59,df_ml_cc_w_demo_ip
4,2,0.1,2657,74,712,283,df_ml_cc_w_demo_ip
5,0,0.1,557,313,2806,47,df_ml_cc_w_demo_ip
5,1,0.1,538,352,2766,67,df_ml_cc_w_demo_ip
5,2,0.1,2614,69,751,289,df_ml_cc_w_demo_ip
6,0,0.1,545,327,2802,48,df_ml_cc_w_demo_ip
6,1,0.1,527,320,2814,61,df_ml_cc_w_demo_ip
6,2,0.1,2666,82,693,281,df_ml_cc_w_demo_ip
7,0,0.1,518,294,2842,66,df_ml_cc_w_demo_ip
7,1,0.1,519,281,2852,68,df_ml_cc_w_demo_ip
7,2,0.1,2634,93,684,309,df_ml_cc_w_demo_ip
8,0,0.1,542,296,2834,52,df_ml_cc_w_demo_ip
8,1,0.1,481,374,2811,58,df_ml_cc_w_demo_ip
8,2,0.1,2669,100,670,285,df_ml_cc_w_demo_ip
9,0,0.1,543,289,2832,58,df_ml_cc_w_demo_ip
9,1,0.1,516,277,2873,56,df_ml_cc_w_demo_ip
9,2,0.1,2632,68,731,291,df_ml_cc_w_demo_ip
10,0,0.1,566,305,2802,44,df_ml_cc_w_demo_ip
10,1,0.1,531,315,2823,48,df_ml_cc_w_demo_ip
10,2,0.1,2590,60,746,321,df_ml_cc_w_demo_ip
11,0,0.1,529,310,2818,63,df_ml_cc_w_demo_ip
11,1,0.1,495,317,2852,56,df_ml_cc_w_demo_ip
11,2,0.1,2681,76,699,264,df_ml_cc_w_demo_ip
12,0,0.1,581,298,2791,46,df_ml_cc_w_demo_ip
12,1,0.1,556,333,2770,57,df_ml_cc_w_demo_ip
12,2,0.1,2613,86,750,267,df_ml_cc_w_demo_ip
13,0,0.1,566,330,2768,64,df_ml_cc_w_demo_ip
13,1,0.1,560,342,2774,52,df_ml_cc_w_demo_ip
13,2,0.1,2598,73,754,303,df_ml_cc_w_demo_ip
14,0,0.1,520,314,2817,61,df_ml_cc_w_demo_ip
14,1,0.1,513,304,2854,41,df_ml_cc_w_demo_ip
14,2,0.1,2674,61,707,270,df_ml_cc_w_demo_ip
15,0,0.1,556,360,2730,76,df_ml_cc_w_demo_ip
15,1,0.1,531,333,2807,51,df_ml_cc_w_demo_ip
15,2,0.1,2568,94,723,337,df_ml_cc_w_demo_ip
16,0,0.1,528,315,2819,60,df_ml_cc_w_demo_ip
16,1,0.1,515,321,2831,55,df_ml_cc_w_demo_ip
16,2,0.1,2642,83,702,295,df_ml_cc_w_demo_ip
17,0,0.1,569,302,2787,61,df_ml_cc_w_demo_ip
17,1,0.1,504,349,2794,72,df_ml_cc_w_demo_ip
17,2,0.1,2605,92,721,301,df_ml_cc_w_demo_ip
18,0,0.1,514,298,2836,70,df_ml_cc_w_demo_ip
18,1,0.1,510,337,2832,39,df_ml_cc_w_demo_ip
18,2,0.1,2663,83,680,292,df_ml_cc_w_demo_ip
19,0,0.1,544,301,2806,71,df_ml_cc_w_demo_ip
19,1,0.1,505,290,2864,63,df_ml_cc_w_demo_ip
19,2,0.1,2651,83,710,278,df_ml_cc_w_demo_ip
20,0,0.1,565,310,2796,50,df_ml_cc_w_demo_ip
20,1,0.1,513,303,2835,70,df_ml_cc_w_demo_ip
20,2,0.1,2605,74,737,305,df_ml_cc_w_demo_ip
21,0,0.1,534,319,2774,92,df_ml_cc_w_demo_ip
21,1,0.1,534,293,2841,51,df_ml_cc_w_demo_ip
21,2,0.1,2612,88,719,300,df_ml_cc_w_demo_ip
22,0,0.1,551,317,2787,67,df_ml_cc_w_demo_ip
22,1,0.1,568,321,2784,49,df_ml_cc_w_demo_ip
22,2,0.1,2559,96,735,332,df_ml_cc_w_demo_ip
23,0,0.1,564,301,2816,50,df_ml_cc_w_demo_ip
23,1,0.1,539,334,2811,47,df_ml_cc_w_demo_ip
23,2,0.1,2632,88,706,305,df_ml_cc_w_demo_ip
24,0,0.1,570,293,2803,57,df_ml_cc_w_demo_ip
24,1,0.1,551,251,2875,46,df_ml_cc_w_demo_ip
24,2,0.1,2649,48,780,246,df_ml_cc_w_demo_ip
25,0,0.1,552,295,2811,66,df_ml_cc_w_demo_ip
25,1,0.1,540,318,2812,54,df_ml_cc_w_demo_ip
25,2,0.1,2619,77,736,292,df_ml_cc_w_demo_ip
26,0,0.1,585,291,2781,64,df_ml_cc_w_demo_ip
26,1,0.1,575,314,2781,51,df_ml_cc_w_demo_ip
26,2,0.1,2644,98,733,246,df_ml_cc_w_demo_ip
27,0,0.1,555,310,2815,41,df_ml_cc_w_demo_ip
27,1,0.1,477,280,2883,81,df_ml_cc_w_demo_ip
27,2,0.1,2685,72,689,275,df_ml_cc_w_demo_ip
28,0,0.1,580,301,2784,56,df_ml_cc_w_demo_ip
28,1,0.1,526,305,2837,53,df_ml_cc_w_demo_ip
28,2,0.1,2643,75,730,273,df_ml_cc_w_demo_ip
29,0,0.1,512,314,2824,77,df_ml_cc_w_demo_ip
29,1,0.1,556,302,2827,42,df_ml_cc_w_demo_ip
29,2,0.1,2635,86,710,296,df_ml_cc_w_demo_ip
30,0,0.1,509,330,2810,75,df_ml_cc_w_demo_ip
30,1,0.1,489,350,2831,54,df_ml_cc_w_demo_ip
30,2,0.1,2653,70,686,315,df_ml_cc_w_demo_ip
31,0,0.1,559,332,2786,51,df_ml_cc_w_demo_ip
31,1,0.1,527,317,2837,47,df_ml_cc_w_demo_ip
31,2,0.1,2626,69,732,301,df_ml_cc_w_demo_ip
32,0,0.1,562,285,2816,61,df_ml_cc_w_demo_ip
32,1,0.1,538,323,2801,62,df_ml_cc_w_demo_ip
32,2,0.1,2610,79,744,291,df_ml_cc_w_demo_ip
33,0,0.1,542,317,2807,56,df_ml_cc_w_demo_ip
33,1,0.1,513,273,2876,60,df_ml_cc_w_demo_ip
33,2,0.1,2669,89,693,271,df_ml_cc_w_demo_ip
34,0,0.1,553,283,2830,56,df_ml_cc_w_demo_ip
34,1,0.1,525,280,2868,49,df_ml_cc_w_demo_ip
34,2,0.1,2631,75,734,282,df_ml_cc_w_demo_ip
35,0,0.1,525,283,2846,75,df_ml_cc_w_demo_ip
35,1,0.1,533,287,2853,56,df_ml_cc_w_demo_ip
35,2,0.1,2626,105,706,292,df_ml_cc_w_demo_ip
36,0,0.1,573,303,2787,60,df_ml_cc_w_demo_ip
36,1,0.1,565,340,2775,43,df_ml_cc_w_demo_ip
36,2,0.1,2622,86,751,264,df_ml_cc_w_demo_ip
37,0,0.1,522,287,2817,89,df_ml_cc_w_demo_ip
37,1,0.1,509,284,2851,71,df_ml_cc_w_demo_ip
37,2,0.1,2586,105,706,318,df_ml_cc_w_demo_ip
38,0,0.1,555,295,2825,49,df_ml_cc_w_demo_ip
38,1,0.1,520,343,2803,58,df_ml_cc_w_demo_ip
38,2,0.1,2684,67,715,258,df_ml_cc_w_demo_ip
39,0,0.1,577,298,2790,64,df_ml_cc_w_demo_ip
39,1,0.1,551,329,2796,53,df_ml_cc_w_demo_ip
39,2,0.1,2592,68,762,307,df_ml_cc_w_demo_ip
40,0,0.1,559,272,2819,67,df_ml_cc_w_demo_ip
40,1,0.1,551,316,2798,52,df_ml_cc_w_demo_ip
40,2,0.1,2625,65,751,276,df_ml_cc_w_demo_ip
41,0,0.1,528,304,2835,49,df_ml_cc_w_demo_ip
41,1,0.1,491,321,2847,57,df_ml_cc_w_demo_ip
41,2,0.1,2686,71,686,273,df_ml_cc_w_demo_ip
42,0,0.1,573,295,2794,67,df_ml_cc_w_demo_ip
42,1,0.1,545,314,2811,59,df_ml_cc_w_demo_ip
42,2,0.1,2659,91,732,247,df_ml_cc_w_demo_ip
43,0,0.1,541,344,2775,63,df_ml_cc_w_demo_ip
43,1,0.1,515,316,2835,57,df_ml_cc_w_demo_ip
43,2,0.1,2625,78,695,325,df_ml_cc_w_demo_ip
44,0,0.1,557,329,2785,53,df_ml_cc_w_demo_ip
44,1,0.1,542,295,2835,52,df_ml_cc_w_demo_ip
44,2,0.1,2625,93,724,282,df_ml_cc_w_demo_ip
45,0,0.1,540,287,2844,52,df_ml_cc_w_demo_ip
45,1,0.1,535,306,2835,47,df_ml_cc_w_demo_ip
45,2,0.1,2678,85,704,256,df_ml_cc_w_demo_ip
46,0,0.1,548,311,2810,57,df_ml_cc_w_demo_ip
46,1,0.1,540,303,2841,42,df_ml_cc_w_demo_ip
46,2,0.1,2640,65,741,280,df_ml_cc_w_demo_ip
47,0,0.1,533,337,2801,48,df_ml_cc_w_demo_ip
47,1,0.1,489,324,2851,55,df_ml_cc_w_demo_ip
47,2,0.1,2670,69,687,293,df_ml_cc_w_demo_ip
48,0,0.1,579,296,2768,79,df_ml_cc_w_demo_ip
48,1,0.1,524,316,2817,65,df_ml_cc_w_demo_ip
48,2,0.1,2634,99,731,258,df_ml_cc_w_demo_ip
49,0,0.1,539,356,2771,58,df_ml_cc_w_demo_ip
49,1,0.1,523,306,2840,55,df_ml_cc_w_demo_ip
49,2,0.1,2617,81,709,317,df_ml_cc_w_demo_ip
50,0,0.1,545,322,2795,56,df_ml_cc_w_demo_ip
50,1,0.1,525,330,2822,41,df_ml_cc_w_demo_ip
50,2,0.1,2650,51,741,276,df_ml_cc_w_demo_ip
51,0,0.1,552,366,2742,62,df_ml_cc_w_demo_ip
51,1,0.1,521,316,2823,62,df_ml_cc_w_demo_ip
51,2,0.1,2585,72,736,329,df_ml_cc_w_demo_ip
52,0,0.1,562,282,2801,68,df_ml_cc_w_demo_ip
52,1,0.1,525,312,2830,46,df_ml_cc_w_demo_ip
52,2,0.1,2603,68,744,298,df_ml_cc_w_demo_ip
53,0,0.1,559,314,2788,59,df_ml_cc_w_demo_ip
53,1,0.1,537,281,2847,55,df_ml_cc_w_demo_ip
53,2,0.1,2622,78,735,285,df_ml_cc_w_demo_ip
54,0,0.1,548,312,2794,69,df_ml_cc_w_demo_ip
54,1,0.1,526,302,2841,54,df_ml_cc_w_demo_ip
54,2,0.1,2669,75,728,251,df_ml_cc_w_demo_ip
55,0,0.1,572,277,2831,53,df_ml_cc_w_demo_ip
55,1,0.1,560,336,2793,44,df_ml_cc_w_demo_ip
55,2,0.1,2653,75,738,267,df_ml_cc_w_demo_ip
56,0,0.1,575,323,2759,65,df_ml_cc_w_demo_ip
56,1,0.1,527,341,2787,67,df_ml_cc_w_demo_ip
56,2,0.1,2599,99,730,294,df_ml_cc_w_demo_ip
57,0,0.1,545,321,2800,57,df_ml_cc_w_demo_ip
57,1,0.1,498,312,2820,93,df_ml_cc_w_demo_ip
57,2,0.1,2648,81,720,274,df_ml_cc_w_demo_ip
58,0,0.1,559,286,2816,56,df_ml_cc_w_demo_ip
58,1,0.1,526,320,2816,55,df_ml_cc_w_demo_ip
58,2,0.1,2637,84,707,289,df_ml_cc_w_demo_ip
59,0,0.1,539,288,2831,71,df_ml_cc_w_demo_ip
59,1,0.1,520,316,2845,48,df_ml_cc_w_demo_ip
59,2,0.1,2671,50,743,265,df_ml_cc_w_demo_ip
60,0,0.1,546,257,2852,64,df_ml_cc_w_demo_ip
60,1,0.1,565,305,2803,46,df_ml_cc_w_demo_ip
60,2,0.1,2639,66,741,273,df_ml_cc_w_demo_ip
61,0,0.1,545,333,2754,91,df_ml_cc_w_demo_ip
61,1,0.1,535,323,2822,43,df_ml_cc_w_demo_ip
61,2,0.1,2623,75,743,282,df_ml_cc_w_demo_ip
62,0,0.1,577,284,2797,60,df_ml_cc_w_demo_ip
62,1,0.1,537,340,2796,45,df_ml_cc_w_demo_ip
62,2,0.1,2620,101,714,283,df_ml_cc_w_demo_ip
63,0,0.1,535,328,2793,65,df_ml_cc_w_demo_ip
63,1,0.1,502,320,2843,56,df_ml_cc_w_demo_ip
63,2,0.1,2675,66,718,262,df_ml_cc_w_demo_ip
64,0,0.1,577,310,2776,62,df_ml_cc_w_demo_ip
64,1,0.1,560,322,2791,52,df_ml_cc_w_demo_ip
64,2,0.1,2629,79,744,273,df_ml_cc_w_demo_ip
65,0,0.1,541,333,2770,77,df_ml_cc_w_demo_ip
65,1,0.1,558,337,2762,64,df_ml_cc_w_demo_ip
65,2,0.1,2613,85,749,274,df_ml_cc_w_demo_ip
66,0,0.1,542,322,2814,44,df_ml_cc_w_demo_ip
66,1,0.1,536,287,2847,52,df_ml_cc_w_demo_ip
66,2,0.1,2626,88,719,289,df_ml_cc_w_demo_ip
67,0,0.1,566,274,2826,54,df_ml_cc_w_demo_ip
67,1,0.1,528,311,2799,82,df_ml_cc_w_demo_ip
67,2,0.1,2599,95,722,304,df_ml_cc_w_demo_ip
68,0,0.1,569,297,2792,62,df_ml_cc_w_demo_ip
68,1,0.1,524,296,2823,77,df_ml_cc_w_demo_ip
68,2,0.1,2587,81,752,300,df_ml_cc_w_demo_ip
69,0,0.1,589,310,2772,54,df_ml_cc_w_demo_ip
69,1,0.1,510,220,2922,73,df_ml_cc_w_demo_ip
69,2,0.1,2592,104,719,310,df_ml_cc_w_demo_ip
70,0,0.1,562,288,2813,49,df_ml_cc_w_demo_ip
70,1,0.1,499,303,2831,79,df_ml_cc_w_demo_ip
70,2,0.1,2611,92,716,293,df_ml_cc_w_demo_ip
71,0,0.1,548,323,2781,71,df_ml_cc_w_demo_ip
71,1,0.1,496,262,2892,73,df_ml_cc_w_demo_ip
71,2,0.1,2658,84,723,258,df_ml_cc_w_demo_ip
72,0,0.1,585,337,2729,71,df_ml_cc_w_demo_ip
72,1,0.1,537,316,2802,67,df_ml_cc_w_demo_ip
72,2,0.1,2545,71,770,336,df_ml_cc_w_demo_ip
73,0,0.1,563,314,2789,57,df_ml_cc_w_demo_ip
73,1,0.1,514,353,2802,54,df_ml_cc_w_demo_ip
73,2,0.1,2612,69,731,311,df_ml_cc_w_demo_ip
74,0,0.1,568,330,2753,70,df_ml_cc_w_demo_ip
74,1,0.1,530,286,2848,57,df_ml_cc_w_demo_ip
74,2,0.1,2547,91,729,354,df_ml_cc_w_demo_ip
75,0,0.1,562,310,2791,57,df_ml_cc_w_demo_ip
75,1,0.1,516,348,2806,50,df_ml_cc_w_demo_ip
75,2,0.1,2624,85,711,300,df_ml_cc_w_demo_ip
76,0,0.1,549,322,2785,64,df_ml_cc_w_demo_ip
76,1,0.1,513,317,2833,57,df_ml_cc_w_demo_ip
76,2,0.1,2650,73,721,276,df_ml_cc_w_demo_ip
77,0,0.1,545,290,2826,61,df_ml_cc_w_demo_ip
77,1,0.1,521,319,2826,56,df_ml_cc_w_demo_ip
77,2,0.1,2648,75,720,279,df_ml_cc_w_demo_ip
78,0,0.1,548,284,2825,67,df_ml_cc_w_demo_ip
78,1,0.1,532,312,2824,56,df_ml_cc_w_demo_ip
78,2,0.1,2601,91,731,301,df_ml_cc_w_demo_ip
79,0,0.1,573,273,2822,53,df_ml_cc_w_demo_ip
79,1,0.1,547,307,2809,58,df_ml_cc_w_demo_ip
79,2,0.1,2603,92,739,287,df_ml_cc_w_demo_ip
80,0,0.1,542,326,2791,62,df_ml_cc_w_demo_ip
80,1,0.1,540,293,2830,58,df_ml_cc_w_demo_ip
80,2,0.1,2646,66,730,279,df_ml_cc_w_demo_ip
81,0,0.1,533,293,2837,59,df_ml_cc_w_demo_ip
81,1,0.1,519,296,2849,58,df_ml_cc_w_demo_ip
81,2,0.1,2670,93,700,259,df_ml_cc_w_demo_ip
82,0,0.1,513,313,2803,88,df_ml_cc_w_demo_ip
82,1,0.1,529,288,2834,66,df_ml_cc_w_demo_ip
82,2,0.1,2656,66,736,259,df_ml_cc_w_demo_ip
83,0,0.1,553,285,2821,62,df_ml_cc_w_demo_ip
83,1,0.1,522,320,2822,57,df_ml_cc_w_demo_ip
83,2,0.1,2666,85,712,258,df_ml_cc_w_demo_ip
84,0,0.1,576,323,2760,54,df_ml_cc_w_demo_ip
84,1,0.1,547,324,2776,66,df_ml_cc_w_demo_ip
84,2,0.1,2645,69,753,246,df_ml_cc_w_demo_ip
85,0,0.1,567,306,2781,65,df_ml_cc_w_demo_ip
85,1,0.1,558,321,2786,54,df_ml_cc_w_demo_ip
85,2,0.1,2619,78,748,274,df_ml_cc_w_demo_ip
86,0,0.1,553,324,2797,48,df_ml_cc_w_demo_ip
86,1,0.1,519,298,2839,66,df_ml_cc_w_demo_ip
86,2,0.1,2654,84,704,280,df_ml_cc_w_demo_ip
87,0,0.1,531,287,2851,59,df_ml_cc_w_demo_ip
87,1,0.1,507,347,2814,60,df_ml_cc_w_demo_ip
87,2,0.1,2648,86,694,300,df_ml_cc_w_demo_ip
88,0,0.1,572,305,2788,54,df_ml_cc_w_demo_ip
88,1,0.1,519,320,2819,61,df_ml_cc_w_demo_ip
88,2,0.1,2580,83,732,324,df_ml_cc_w_demo_ip
89,0,0.1,563,327,2777,58,df_ml_cc_w_demo_ip
89,1,0.1,521,298,2851,55,df_ml_cc_w_demo_ip
89,2,0.1,2629,78,721,297,df_ml_cc_w_demo_ip
90,0,0.1,571,294,2797,64,df_ml_cc_w_demo_ip
90,1,0.1,527,307,2840,52,df_ml_cc_w_demo_ip
90,2,0.1,2622,69,742,293,df_ml_cc_w_demo_ip
91,0,0.1,536,283,2838,71,df_ml_cc_w_demo_ip
91,1,0.1,502,323,2850,53,df_ml_cc_w_demo_ip
91,2,0.1,2663,80,705,280,df_ml_cc_w_demo_ip
92,0,0.1,540,350,2760,68,df_ml_cc_w_demo_ip
92,1,0.1,530,335,2794,59,df_ml_cc_w_demo_ip
92,2,0.1,2598,78,734,308,df_ml_cc_w_demo_ip
93,0,0.1,526,315,2819,64,df_ml_cc_w_demo_ip
93,1,0.1,503,319,2859,43,df_ml_cc_w_demo_ip
93,2,0.1,2654,76,697,297,df_ml_cc_w_demo_ip
94,0,0.1,575,339,2750,59,df_ml_cc_w_demo_ip
94,1,0.1,553,352,2767,51,df_ml_cc_w_demo_ip
94,2,0.1,2573,77,748,325,df_ml_cc_w_demo_ip
95,0,0.1,589,322,2772,43,df_ml_cc_w_demo_ip
95,1,0.1,549,338,2786,53,df_ml_cc_w_demo_ip
95,2,0.1,2627,80,740,279,df_ml_cc_w_demo_ip
96,0,0.1,533,344,2781,67,df_ml_cc_w_demo_ip
96,1,0.1,498,337,2827,63,df_ml_cc_w_demo_ip
96,2,0.1,2653,89,692,291,df_ml_cc_w_demo_ip
97,0,0.1,576,302,2792,57,df_ml_cc_w_demo_ip
97,1,0.1,537,326,2808,56,df_ml_cc_w_demo_ip
97,2,0.1,2627,67,762,271,df_ml_cc_w_demo_ip
98,0,0.1,558,328,2775,56,df_ml_cc_w_demo_ip
98,1,0.1,536,303,2824,54,df_ml_cc_w_demo_ip
98,2,0.1,2614,72,741,290,df_ml_cc_w_demo_ip
99,0,0.1,576,302,2799,44,df_ml_cc_w_demo_ip
99,1,0.1,540,317,2814,50,df_ml_cc_w_demo_ip
99,2,0.1,2614,84,725,298,df_ml_cc_w_demo_ip
0,0,0.25,472,713,2364,177,df_ml_cc_w_demo_ip
0,1,0.25,449,773,2389,115,df_ml_cc_w_demo_ip
0,2,0.25,2171,206,589,760,df_ml_cc_w_demo_ip
1,0,0.25,436,760,2357,176,df_ml_cc_w_demo_ip
1,1,0.25,416,872,2308,133,df_ml_cc_w_demo_ip
1,2,0.25,2204,190,595,740,df_ml_cc_w_demo_ip
2,0,0.25,442,802,2323,152,df_ml_cc_w_demo_ip
2,1,0.25,417,759,2415,128,df_ml_cc_w_demo_ip
2,2,0.25,2257,183,590,689,df_ml_cc_w_demo_ip
3,0,0.25,476,704,2393,150,df_ml_cc_w_demo_ip
3,1,0.25,446,769,2360,148,df_ml_cc_w_demo_ip
3,2,0.25,2182,216,603,722,df_ml_cc_w_demo_ip
4,0,0.25,469,799,2320,138,df_ml_cc_w_demo_ip
4,1,0.25,430,803,2346,147,df_ml_cc_w_demo_ip
4,2,0.25,2255,184,602,685,df_ml_cc_w_demo_ip
5,0,0.25,454,743,2376,150,df_ml_cc_w_demo_ip
5,1,0.25,459,818,2300,146,df_ml_cc_w_demo_ip
5,2,0.25,2210,167,653,693,df_ml_cc_w_demo_ip
6,0,0.25,439,818,2311,154,df_ml_cc_w_demo_ip
6,1,0.25,447,765,2369,141,df_ml_cc_w_demo_ip
6,2,0.25,2211,207,568,736,df_ml_cc_w_demo_ip
7,0,0.25,433,719,2417,151,df_ml_cc_w_demo_ip
7,1,0.25,433,787,2346,154,df_ml_cc_w_demo_ip
7,2,0.25,2201,219,558,742,df_ml_cc_w_demo_ip
8,0,0.25,453,754,2376,141,df_ml_cc_w_demo_ip
8,1,0.25,391,789,2396,148,df_ml_cc_w_demo_ip
8,2,0.25,2230,227,543,724,df_ml_cc_w_demo_ip
9,0,0.25,437,772,2349,164,df_ml_cc_w_demo_ip
9,1,0.25,420,792,2358,152,df_ml_cc_w_demo_ip
9,2,0.25,2211,183,616,712,df_ml_cc_w_demo_ip
10,0,0.25,476,831,2276,134,df_ml_cc_w_demo_ip
10,1,0.25,448,800,2338,131,df_ml_cc_w_demo_ip
10,2,0.25,2158,191,615,753,df_ml_cc_w_demo_ip
11,0,0.25,427,829,2299,165,df_ml_cc_w_demo_ip
11,1,0.25,432,769,2400,119,df_ml_cc_w_demo_ip
11,2,0.25,2177,197,578,768,df_ml_cc_w_demo_ip
12,0,0.25,490,780,2309,137,df_ml_cc_w_demo_ip
12,1,0.25,463,812,2291,150,df_ml_cc_w_demo_ip
12,2,0.25,2181,199,637,699,df_ml_cc_w_demo_ip
13,0,0.25,493,802,2296,137,df_ml_cc_w_demo_ip
13,1,0.25,484,773,2343,128,df_ml_cc_w_demo_ip
13,2,0.25,2203,194,633,698,df_ml_cc_w_demo_ip
14,0,0.25,457,765,2366,124,df_ml_cc_w_demo_ip
14,1,0.25,414,799,2359,140,df_ml_cc_w_demo_ip
14,2,0.25,2224,158,610,720,df_ml_cc_w_demo_ip
15,0,0.25,458,846,2244,174,df_ml_cc_w_demo_ip
15,1,0.25,432,811,2329,150,df_ml_cc_w_demo_ip
15,2,0.25,2158,208,609,747,df_ml_cc_w_demo_ip
16,0,0.25,451,767,2367,137,df_ml_cc_w_demo_ip
16,1,0.25,422,779,2373,148,df_ml_cc_w_demo_ip
16,2,0.25,2200,177,608,737,df_ml_cc_w_demo_ip
17,0,0.25,461,795,2294,169,df_ml_cc_w_demo_ip
17,1,0.25,441,831,2312,135,df_ml_cc_w_demo_ip
17,2,0.25,2146,200,613,760,df_ml_cc_w_demo_ip
18,0,0.25,430,763,2371,154,df_ml_cc_w_demo_ip
18,1,0.25,414,745,2424,135,df_ml_cc_w_demo_ip
18,2,0.25,2206,199,564,749,df_ml_cc_w_demo_ip
19,0,0.25,464,774,2333,151,df_ml_cc_w_demo_ip
19,1,0.25,403,775,2379,165,df_ml_cc_w_demo_ip
19,2,0.25,2175,231,562,754,df_ml_cc_w_demo_ip
20,0,0.25,448,749,2357,167,df_ml_cc_w_demo_ip
20,1,0.25,421,745,2393,162,df_ml_cc_w_demo_ip
20,2,0.25,2177,197,614,733,df_ml_cc_w_demo_ip
21,0,0.25,448,759,2334,178,df_ml_cc_w_demo_ip
21,1,0.25,427,729,2405,158,df_ml_cc_w_demo_ip
21,2,0.25,2195,230,577,717,df_ml_cc_w_demo_ip
22,0,0.25,446,744,2360,172,df_ml_cc_w_demo_ip
22,1,0.25,500,807,2298,117,df_ml_cc_w_demo_ip
22,2,0.25,2150,203,628,741,df_ml_cc_w_demo_ip
23,0,0.25,454,802,2315,160,df_ml_cc_w_demo_ip
23,1,0.25,449,792,2353,137,df_ml_cc_w_demo_ip
23,2,0.25,2152,199,595,785,df_ml_cc_w_demo_ip
24,0,0.25,466,786,2310,161,df_ml_cc_w_demo_ip
24,1,0.25,466,717,2409,131,df_ml_cc_w_demo_ip
24,2,0.25,2209,170,658,686,df_ml_cc_w_demo_ip
25,0,0.25,461,764,2342,157,df_ml_cc_w_demo_ip
25,1,0.25,459,796,2334,135,df_ml_cc_w_demo_ip
25,2,0.25,2190,178,635,721,df_ml_cc_w_demo_ip
26,0,0.25,482,681,2391,167,df_ml_cc_w_demo_ip
26,1,0.25,489,760,2335,137,df_ml_cc_w_demo_ip
26,2,0.25,2229,230,601,661,df_ml_cc_w_demo_ip
27,0,0.25,437,770,2355,159,df_ml_cc_w_demo_ip
27,1,0.25,400,727,2436,158,df_ml_cc_w_demo_ip
27,2,0.25,2213,185,576,747,df_ml_cc_w_demo_ip
28,0,0.25,489,764,2321,147,df_ml_cc_w_demo_ip
28,1,0.25,463,798,2344,116,df_ml_cc_w_demo_ip
28,2,0.25,2207,193,612,709,df_ml_cc_w_demo_ip
29,0,0.25,418,779,2359,171,df_ml_cc_w_demo_ip
29,1,0.25,475,795,2334,123,df_ml_cc_w_demo_ip
29,2,0.25,2216,206,590,715,df_ml_cc_w_demo_ip
30,0,0.25,422,753,2387,162,df_ml_cc_w_demo_ip
30,1,0.25,412,833,2348,131,df_ml_cc_w_demo_ip
30,2,0.25,2207,172,584,761,df_ml_cc_w_demo_ip
31,0,0.25,465,797,2321,145,df_ml_cc_w_demo_ip
31,1,0.25,436,794,2360,138,df_ml_cc_w_demo_ip
31,2,0.25,2210,178,623,717,df_ml_cc_w_demo_ip
32,0,0.25,468,744,2357,155,df_ml_cc_w_demo_ip
32,1,0.25,442,795,2329,158,df_ml_cc_w_demo_ip
32,2,0.25,2202,192,631,699,df_ml_cc_w_demo_ip
33,0,0.25,434,782,2342,164,df_ml_cc_w_demo_ip
33,1,0.25,444,757,2392,129,df_ml_cc_w_demo_ip
33,2,0.25,2213,218,564,727,df_ml_cc_w_demo_ip
34,0,0.25,440,685,2428,169,df_ml_cc_w_demo_ip
34,1,0.25,444,747,2401,130,df_ml_cc_w_demo_ip
34,2,0.25,2188,198,611,725,df_ml_cc_w_demo_ip
35,0,0.25,448,742,2387,152,df_ml_cc_w_demo_ip
35,1,0.25,449,775,2365,140,df_ml_cc_w_demo_ip
35,2,0.25,2189,212,599,729,df_ml_cc_w_demo_ip
36,0,0.25,472,818,2272,161,df_ml_cc_w_demo_ip
36,1,0.25,478,781,2334,130,df_ml_cc_w_demo_ip
36,2,0.25,2182,199,638,704,df_ml_cc_w_demo_ip
37,0,0.25,437,792,2312,174,df_ml_cc_w_demo_ip
37,1,0.25,409,773,2362,171,df_ml_cc_w_demo_ip
37,2,0.25,2160,253,558,744,df_ml_cc_w_demo_ip
38,0,0.25,443,736,2384,161,df_ml_cc_w_demo_ip
38,1,0.25,435,774,2372,143,df_ml_cc_w_demo_ip
38,2,0.25,2242,179,603,700,df_ml_cc_w_demo_ip
39,0,0.25,505,765,2323,136,df_ml_cc_w_demo_ip
39,1,0.25,482,784,2341,122,df_ml_cc_w_demo_ip
39,2,0.25,2183,188,642,716,df_ml_cc_w_demo_ip
40,0,0.25,469,742,2349,157,df_ml_cc_w_demo_ip
40,1,0.25,453,765,2349,150,df_ml_cc_w_demo_ip
40,2,0.25,2155,173,643,746,df_ml_cc_w_demo_ip
41,0,0.25,445,764,2375,132,df_ml_cc_w_demo_ip
41,1,0.25,419,782,2386,129,df_ml_cc_w_demo_ip
41,2,0.25,2196,173,584,763,df_ml_cc_w_demo_ip
42,0,0.25,479,787,2302,161,df_ml_cc_w_demo_ip
42,1,0.25,443,780,2345,161,df_ml_cc_w_demo_ip
42,2,0.25,2193,204,619,713,df_ml_cc_w_demo_ip
43,0,0.25,446,852,2267,158,df_ml_cc_w_demo_ip
43,1,0.25,406,783,2368,166,df_ml_cc_w_demo_ip
43,2,0.25,2169,190,583,781,df_ml_cc_w_demo_ip
44,0,0.25,460,832,2282,150,df_ml_cc_w_demo_ip
44,1,0.25,438,756,2374,156,df_ml_cc_w_demo_ip
44,2,0.25,2216,212,605,691,df_ml_cc_w_demo_ip
45,0,0.25,437,745,2386,155,df_ml_cc_w_demo_ip
45,1,0.25,442,783,2358,140,df_ml_cc_w_demo_ip
45,2,0.25,2236,196,593,698,df_ml_cc_w_demo_ip
46,0,0.25,467,744,2377,138,df_ml_cc_w_demo_ip
46,1,0.25,443,765,2379,139,df_ml_cc_w_demo_ip
46,2,0.25,2192,163,643,728,df_ml_cc_w_demo_ip
47,0,0.25,433,837,2301,148,df_ml_cc_w_demo_ip
47,1,0.25,419,831,2344,125,df_ml_cc_w_demo_ip
47,2,0.25,2181,178,578,782,df_ml_cc_w_demo_ip
48,0,0.25,472,755,2309,186,df_ml_cc_w_demo_ip
48,1,0.25,446,767,2366,143,df_ml_cc_w_demo_ip
48,2,0.25,2216,246,584,676,df_ml_cc_w_demo_ip
49,0,0.25,453,819,2308,144,df_ml_cc_w_demo_ip
49,1,0.25,441,836,2310,137,df_ml_cc_w_demo_ip
49,2,0.25,2189,195,595,745,df_ml_cc_w_demo_ip
50,0,0.25,446,788,2329,155,df_ml_cc_w_demo_ip
50,1,0.25,447,792,2360,119,df_ml_cc_w_demo_ip
50,2,0.25,2205,160,632,721,df_ml_cc_w_demo_ip
51,0,0.25,462,840,2268,152,df_ml_cc_w_demo_ip
51,1,0.25,439,830,2309,144,df_ml_cc_w_demo_ip
51,2,0.25,2135,178,630,779,df_ml_cc_w_demo_ip
52,0,0.25,447,752,2331,183,df_ml_cc_w_demo_ip
52,1,0.25,422,805,2337,149,df_ml_cc_w_demo_ip
52,2,0.25,2192,183,629,709,df_ml_cc_w_demo_ip
53,0,0.25,473,735,2367,145,df_ml_cc_w_demo_ip
53,1,0.25,456,739,2389,136,df_ml_cc_w_demo_ip
53,2,0.25,2152,207,606,755,df_ml_cc_w_demo_ip
54,0,0.25,439,798,2308,178,df_ml_cc_w_demo_ip
54,1,0.25,433,766,2377,147,df_ml_cc_w_demo_ip
54,2,0.25,2196,211,592,724,df_ml_cc_w_demo_ip
55,0,0.25,476,753,2355,149,df_ml_cc_w_demo_ip
55,1,0.25,470,782,2347,134,df_ml_cc_w_demo_ip
55,2,0.25,2169,178,635,751,df_ml_cc_w_demo_ip
56,0,0.25,471,773,2309,169,df_ml_cc_w_demo_ip
56,1,0.25,435,757,2371,159,df_ml_cc_w_demo_ip
56,2,0.25,2184,204,625,709,df_ml_cc_w_demo_ip
57,0,0.25,468,742,2379,134,df_ml_cc_w_demo_ip
57,1,0.25,418,750,2382,173,df_ml_cc_w_demo_ip
57,2,0.25,2198,209,592,724,df_ml_cc_w_demo_ip
58,0,0.25,465,758,2344,150,df_ml_cc_w_demo_ip
58,1,0.25,437,806,2330,144,df_ml_cc_w_demo_ip
58,2,0.25,2211,186,605,715,df_ml_cc_w_demo_ip
59,0,0.25,459,771,2348,151,df_ml_cc_w_demo_ip
59,1,0.25,425,766,2395,143,df_ml_cc_w_demo_ip
59,2,0.25,2214,163,630,722,df_ml_cc_w_demo_ip
60,0,0.25,446,723,2386,164,df_ml_cc_w_demo_ip
60,1,0.25,473,737,2371,138,df_ml_cc_w_demo_ip
60,2,0.25,2201,207,600,711,df_ml_cc_w_demo_ip
61,0,0.25,452,812,2275,184,df_ml_cc_w_demo_ip
61,1,0.25,459,832,2313,119,df_ml_cc_w_demo_ip
61,2,0.25,2135,185,633,770,df_ml_cc_w_demo_ip
62,0,0.25,489,773,2308,148,df_ml_cc_w_demo_ip
62,1,0.25,458,798,2338,124,df_ml_cc_w_demo_ip
62,2,0.25,2172,207,608,731,df_ml_cc_w_demo_ip
63,0,0.25,431,846,2275,169,df_ml_cc_w_demo_ip
63,1,0.25,414,831,2332,144,df_ml_cc_w_demo_ip
63,2,0.25,2218,196,588,719,df_ml_cc_w_demo_ip
64,0,0.25,489,787,2299,150,df_ml_cc_w_demo_ip
64,1,0.25,454,741,2372,158,df_ml_cc_w_demo_ip
64,2,0.25,2223,173,650,679,df_ml_cc_w_demo_ip
65,0,0.25,461,824,2279,157,df_ml_cc_w_demo_ip
65,1,0.25,448,768,2331,174,df_ml_cc_w_demo_ip
65,2,0.25,2172,209,625,715,df_ml_cc_w_demo_ip
66,0,0.25,461,780,2356,125,df_ml_cc_w_demo_ip
66,1,0.25,444,736,2398,144,df_ml_cc_w_demo_ip
66,2,0.25,2216,183,624,699,df_ml_cc_w_demo_ip
67,0,0.25,482,729,2371,138,df_ml_cc_w_demo_ip
67,1,0.25,437,766,2344,173,df_ml_cc_w_demo_ip
67,2,0.25,2154,213,604,749,df_ml_cc_w_demo_ip
68,0,0.25,457,749,2340,174,df_ml_cc_w_demo_ip
68,1,0.25,421,758,2361,180,df_ml_cc_w_demo_ip
68,2,0.25,2198,222,611,689,df_ml_cc_w_demo_ip
69,0,0.25,491,772,2310,152,df_ml_cc_w_demo_ip
69,1,0.25,437,715,2427,146,df_ml_cc_w_demo_ip
69,2,0.25,2175,225,598,727,df_ml_cc_w_demo_ip
70,0,0.25,471,778,2323,140,df_ml_cc_w_demo_ip
70,1,0.25,391,790,2344,187,df_ml_cc_w_demo_ip
70,2,0.25,2179,231,577,725,df_ml_cc_w_demo_ip
71,0,0.25,452,771,2333,167,df_ml_cc_w_demo_ip
71,1,0.25,409,737,2417,160,df_ml_cc_w_demo_ip
71,2,0.25,2214,241,566,702,df_ml_cc_w_demo_ip
72,0,0.25,506,832,2234,150,df_ml_cc_w_demo_ip
72,1,0.25,432,838,2280,172,df_ml_cc_w_demo_ip
72,2,0.25,2141,179,662,740,df_ml_cc_w_demo_ip
73,0,0.25,472,745,2358,148,df_ml_cc_w_demo_ip
73,1,0.25,417,822,2333,151,df_ml_cc_w_demo_ip
73,2,0.25,2188,202,598,735,df_ml_cc_w_demo_ip
74,0,0.25,494,842,2241,144,df_ml_cc_w_demo_ip
74,1,0.25,444,773,2361,143,df_ml_cc_w_demo_ip
74,2,0.25,2111,212,608,790,df_ml_cc_w_demo_ip
75,0,0.25,483,752,2349,136,df_ml_cc_w_demo_ip
75,1,0.25,439,825,2329,127,df_ml_cc_w_demo_ip
75,2,0.25,2172,218,578,752,df_ml_cc_w_demo_ip
76,0,0.25,449,820,2287,164,df_ml_cc_w_demo_ip
76,1,0.25,406,754,2396,164,df_ml_cc_w_demo_ip
76,2,0.25,2160,198,596,766,df_ml_cc_w_demo_ip
77,0,0.25,442,745,2371,164,df_ml_cc_w_demo_ip
77,1,0.25,454,754,2391,123,df_ml_cc_w_demo_ip
77,2,0.25,2209,218,577,718,df_ml_cc_w_demo_ip
78,0,0.25,454,784,2325,161,df_ml_cc_w_demo_ip
78,1,0.25,434,791,2345,154,df_ml_cc_w_demo_ip
78,2,0.25,2185,229,593,717,df_ml_cc_w_demo_ip
79,0,0.25,464,788,2307,162,df_ml_cc_w_demo_ip
79,1,0.25,458,761,2355,147,df_ml_cc_w_demo_ip
79,2,0.25,2163,217,614,727,df_ml_cc_w_demo_ip
80,0,0.25,459,839,2278,145,df_ml_cc_w_demo_ip
80,1,0.25,460,753,2370,138,df_ml_cc_w_demo_ip
80,2,0.25,2174,180,616,751,df_ml_cc_w_demo_ip
81,0,0.25,443,711,2419,149,df_ml_cc_w_demo_ip
81,1,0.25,433,768,2377,144,df_ml_cc_w_demo_ip
81,2,0.25,2241,172,621,688,df_ml_cc_w_demo_ip
82,0,0.25,429,732,2384,172,df_ml_cc_w_demo_ip
82,1,0.25,433,781,2341,162,df_ml_cc_w_demo_ip
82,2,0.25,2236,224,578,679,df_ml_cc_w_demo_ip
83,0,0.25,451,755,2351,164,df_ml_cc_w_demo_ip
83,1,0.25,429,776,2366,150,df_ml_cc_w_demo_ip
83,2,0.25,2200,196,601,724,df_ml_cc_w_demo_ip
84,0,0.25,487,772,2311,143,df_ml_cc_w_demo_ip
84,1,0.25,452,730,2370,161,df_ml_cc_w_demo_ip
84,2,0.25,2133,218,604,758,df_ml_cc_w_demo_ip
85,0,0.25,465,752,2335,167,df_ml_cc_w_demo_ip
85,1,0.25,449,782,2325,163,df_ml_cc_w_demo_ip
85,2,0.25,2200,209,617,693,df_ml_cc_w_demo_ip
86,0,0.25,452,822,2299,149,df_ml_cc_w_demo_ip
86,1,0.25,439,733,2404,146,df_ml_cc_w_demo_ip
86,2,0.25,2180,207,581,754,df_ml_cc_w_demo_ip
87,0,0.25,428,767,2371,162,df_ml_cc_w_demo_ip
87,1,0.25,438,763,2398,129,df_ml_cc_w_demo_ip
87,2,0.25,2181,211,569,767,df_ml_cc_w_demo_ip
88,0,0.25,472,762,2331,154,df_ml_cc_w_demo_ip
88,1,0.25,448,814,2325,132,df_ml_cc_w_demo_ip
88,2,0.25,2176,217,598,728,df_ml_cc_w_demo_ip
89,0,0.25,450,822,2282,171,df_ml_cc_w_demo_ip
89,1,0.25,443,776,2373,133,df_ml_cc_w_demo_ip
89,2,0.25,2175,191,608,751,df_ml_cc_w_demo_ip
90,0,0.25,499,762,2329,136,df_ml_cc_w_demo_ip
90,1,0.25,431,750,2397,148,df_ml_cc_w_demo_ip
90,2,0.25,2195,175,636,720,df_ml_cc_w_demo_ip
91,0,0.25,444,741,2380,163,df_ml_cc_w_demo_ip
91,1,0.25,404,781,2392,151,df_ml_cc_w_demo_ip
91,2,0.25,2235,166,619,708,df_ml_cc_w_demo_ip
92,0,0.25,457,783,2327,151,df_ml_cc_w_demo_ip
92,1,0.25,464,779,2350,125,df_ml_cc_w_demo_ip
92,2,0.25,2110,197,615,796,df_ml_cc_w_demo_ip
93,0,0.25,433,721,2413,157,df_ml_cc_w_demo_ip
93,1,0.25,413,797,2381,133,df_ml_cc_w_demo_ip
93,2,0.25,2254,187,586,697,df_ml_cc_w_demo_ip
94,0,0.25,485,746,2343,149,df_ml_cc_w_demo_ip
94,1,0.25,462,800,2319,142,df_ml_cc_w_demo_ip
94,2,0.25,2153,205,620,745,df_ml_cc_w_demo_ip
95,0,0.25,506,762,2332,126,df_ml_cc_w_demo_ip
95,1,0.25,457,799,2325,145,df_ml_cc_w_demo_ip
95,2,0.25,2187,197,623,719,df_ml_cc_w_demo_ip
96,0,0.25,441,802,2323,159,df_ml_cc_w_demo_ip
96,1,0.25,428,784,2380,133,df_ml_cc_w_demo_ip
96,2,0.25,2196,202,579,748,df_ml_cc_w_demo_ip
97,0,0.25,477,776,2318,156,df_ml_cc_w_demo_ip
97,1,0.25,463,805,2329,130,df_ml_cc_w_demo_ip
97,2,0.25,2206,193,636,692,df_ml_cc_w_demo_ip
98,0,0.25,466,771,2332,148,df_ml_cc_w_demo_ip
98,1,0.25,451,787,2340,139,df_ml_cc_w_demo_ip
98,2,0.25,2211,214,599,693,df_ml_cc_w_demo_ip
99,0,0.25,478,833,2268,142,df_ml_cc_w_demo_ip
99,1,0.25,443,776,2355,147,df_ml_cc_w_demo_ip
99,2,0.25,2185,208,601,727,df_ml_cc_w_demo_ip
0,0,0.1,578,304,2773,71,df_ml_cc_wo_demo_ip
0,1,0.1,515,307,2855,49,df_ml_cc_wo_demo_ip
0,2,0.1,2641,81,714,290,df_ml_cc_wo_demo_ip
1,0,0.1,548,289,2828,64,df_ml_cc_wo_demo_ip
1,1,0.1,492,349,2831,57,df_ml_cc_wo_demo_ip
1,2,0.1,2623,77,708,321,df_ml_cc_wo_demo_ip
2,0,0.1,533,329,2796,61,df_ml_cc_wo_demo_ip
2,1,0.1,490,299,2875,55,df_ml_cc_wo_demo_ip
2,2,0.1,2624,60,713,322,df_ml_cc_wo_demo_ip
3,0,0.1,553,336,2761,73,df_ml_cc_wo_demo_ip
3,1,0.1,524,314,2815,70,df_ml_cc_wo_demo_ip
3,2,0.1,2564,75,744,340,df_ml_cc_wo_demo_ip
4,0,0.1,560,304,2815,47,df_ml_cc_wo_demo_ip
4,1,0.1,518,293,2856,59,df_ml_cc_wo_demo_ip
4,2,0.1,2661,75,711,279,df_ml_cc_wo_demo_ip
5,0,0.1,548,317,2802,56,df_ml_cc_wo_demo_ip
5,1,0.1,545,324,2794,60,df_ml_cc_wo_demo_ip
5,2,0.1,2631,92,728,272,df_ml_cc_wo_demo_ip
6,0,0.1,543,315,2814,50,df_ml_cc_wo_demo_ip
6,1,0.1,532,342,2792,56,df_ml_cc_wo_demo_ip
6,2,0.1,2643,74,701,304,df_ml_cc_wo_demo_ip
7,0,0.1,518,241,2895,66,df_ml_cc_wo_demo_ip
7,1,0.1,523,309,2824,64,df_ml_cc_wo_demo_ip
7,2,0.1,2655,79,698,288,df_ml_cc_wo_demo_ip
8,0,0.1,525,319,2811,69,df_ml_cc_wo_demo_ip
8,1,0.1,483,344,2841,56,df_ml_cc_wo_demo_ip
8,2,0.1,2640,93,677,314,df_ml_cc_wo_demo_ip
9,0,0.1,540,313,2808,61,df_ml_cc_wo_demo_ip
9,1,0.1,500,303,2847,72,df_ml_cc_wo_demo_ip
9,2,0.1,2635,69,730,288,df_ml_cc_wo_demo_ip
10,0,0.1,556,282,2825,54,df_ml_cc_wo_demo_ip
10,1,0.1,513,302,2836,66,df_ml_cc_wo_demo_ip
10,2,0.1,2636,81,725,275,df_ml_cc_wo_demo_ip
11,0,0.1,538,299,2829,54,df_ml_cc_wo_demo_ip
11,1,0.1,499,286,2883,52,df_ml_cc_wo_demo_ip
11,2,0.1,2675,89,686,270,df_ml_cc_wo_demo_ip
12,0,0.1,555,274,2815,72,df_ml_cc_wo_demo_ip
12,1,0.1,550,296,2807,63,df_ml_cc_wo_demo_ip
12,2,0.1,2595,92,744,285,df_ml_cc_wo_demo_ip
13,0,0.1,562,373,2725,68,df_ml_cc_wo_demo_ip
13,1,0.1,555,312,2804,57,df_ml_cc_wo_demo_ip
13,2,0.1,2585,79,748,316,df_ml_cc_wo_demo_ip
14,0,0.1,520,324,2807,61,df_ml_cc_wo_demo_ip
14,1,0.1,497,322,2836,57,df_ml_cc_wo_demo_ip
14,2,0.1,2636,64,704,308,df_ml_cc_wo_demo_ip
15,0,0.1,542,347,2743,90,df_ml_cc_wo_demo_ip
15,1,0.1,521,304,2836,61,df_ml_cc_wo_demo_ip
15,2,0.1,2573,92,725,332,df_ml_cc_wo_demo_ip
16,0,0.1,545,320,2814,43,df_ml_cc_wo_demo_ip
16,1,0.1,523,312,2840,47,df_ml_cc_wo_demo_ip
16,2,0.1,2636,66,719,301,df_ml_cc_wo_demo_ip
17,0,0.1,571,328,2761,59,df_ml_cc_wo_demo_ip
17,1,0.1,527,358,2785,49,df_ml_cc_wo_demo_ip
17,2,0.1,2590,65,748,316,df_ml_cc_wo_demo_ip
18,0,0.1,513,313,2821,71,df_ml_cc_wo_demo_ip
18,1,0.1,493,324,2845,56,df_ml_cc_wo_demo_ip
18,2,0.1,2641,77,686,314,df_ml_cc_wo_demo_ip
19,0,0.1,561,341,2766,54,df_ml_cc_wo_demo_ip
19,1,0.1,504,314,2840,64,df_ml_cc_wo_demo_ip
19,2,0.1,2637,67,726,292,df_ml_cc_wo_demo_ip
20,0,0.1,559,310,2796,56,df_ml_cc_wo_demo_ip
20,1,0.1,517,318,2820,66,df_ml_cc_wo_demo_ip
20,2,0.1,2596,86,725,314,df_ml_cc_wo_demo_ip
21,0,0.1,564,337,2756,62,df_ml_cc_wo_demo_ip
21,1,0.1,508,304,2830,77,df_ml_cc_wo_demo_ip
21,2,0.1,2593,89,718,319,df_ml_cc_wo_demo_ip
22,0,0.1,564,273,2831,54,df_ml_cc_wo_demo_ip
22,1,0.1,550,307,2798,67,df_ml_cc_wo_demo_ip
22,2,0.1,2631,102,729,260,df_ml_cc_wo_demo_ip
23,0,0.1,553,296,2821,61,df_ml_cc_wo_demo_ip
23,1,0.1,540,305,2840,46,df_ml_cc_wo_demo_ip
23,2,0.1,2637,82,712,300,df_ml_cc_wo_demo_ip
24,0,0.1,547,332,2764,80,df_ml_cc_wo_demo_ip
24,1,0.1,550,298,2828,47,df_ml_cc_wo_demo_ip
24,2,0.1,2639,76,752,256,df_ml_cc_wo_demo_ip
25,0,0.1,541,296,2810,77,df_ml_cc_wo_demo_ip
25,1,0.1,534,314,2816,60,df_ml_cc_wo_demo_ip
25,2,0.1,2631,73,740,280,df_ml_cc_wo_demo_ip
26,0,0.1,582,277,2795,67,df_ml_cc_wo_demo_ip
26,1,0.1,575,298,2797,51,df_ml_cc_wo_demo_ip
26,2,0.1,2639,94,737,251,df_ml_cc_wo_demo_ip
27,0,0.1,535,327,2798,61,df_ml_cc_wo_demo_ip
27,1,0.1,498,311,2852,60,df_ml_cc_wo_demo_ip
27,2,0.1,2674,84,677,286,df_ml_cc_wo_demo_ip
28,0,0.1,581,286,2799,55,df_ml_cc_wo_demo_ip
28,1,0.1,529,357,2785,50,df_ml_cc_wo_demo_ip
28,2,0.1,2618,78,727,298,df_ml_cc_wo_demo_ip
29,0,0.1,530,292,2846,59,df_ml_cc_wo_demo_ip
29,1,0.1,554,292,2837,44,df_ml_cc_wo_demo_ip
29,2,0.1,2661,83,713,270,df_ml_cc_wo_demo_ip
30,0,0.1,526,339,2801,58,df_ml_cc_wo_demo_ip
30,1,0.1,500,332,2849,43,df_ml_cc_wo_demo_ip
30,2,0.1,2655,73,683,313,df_ml_cc_wo_demo_ip
31,0,0.1,547,291,2827,63,df_ml_cc_wo_demo_ip
31,1,0.1,531,301,2853,43,df_ml_cc_wo_demo_ip
31,2,0.1,2635,85,716,292,df_ml_cc_wo_demo_ip
32,0,0.1,568,282,2819,55,df_ml_cc_wo_demo_ip
32,1,0.1,534,322,2802,66,df_ml_cc_wo_demo_ip
32,2,0.1,2600,80,743,301,df_ml_cc_wo_demo_ip
33,0,0.1,547,288,2836,51,df_ml_cc_wo_demo_ip
33,1,0.1,516,292,2857,57,df_ml_cc_wo_demo_ip
33,2,0.1,2619,95,687,321,df_ml_cc_wo_demo_ip
34,0,0.1,567,309,2804,42,df_ml_cc_wo_demo_ip
34,1,0.1,516,298,2850,58,df_ml_cc_wo_demo_ip
34,2,0.1,2627,65,744,286,df_ml_cc_wo_demo_ip
35,0,0.1,547,351,2778,53,df_ml_cc_wo_demo_ip
35,1,0.1,527,335,2805,62,df_ml_cc_wo_demo_ip
35,2,0.1,2623,80,731,295,df_ml_cc_wo_demo_ip
36,0,0.1,573,313,2777,60,df_ml_cc_wo_demo_ip
36,1,0.1,555,302,2813,53,df_ml_cc_wo_demo_ip
36,2,0.1,2614,97,740,272,df_ml_cc_wo_demo_ip
37,0,0.1,530,293,2811,81,df_ml_cc_wo_demo_ip
37,1,0.1,512,271,2864,68,df_ml_cc_wo_demo_ip
37,2,0.1,2649,102,709,255,df_ml_cc_wo_demo_ip
38,0,0.1,529,308,2812,75,df_ml_cc_wo_demo_ip
38,1,0.1,525,320,2826,53,df_ml_cc_wo_demo_ip
38,2,0.1,2654,78,704,288,df_ml_cc_wo_demo_ip
39,0,0.1,585,292,2796,56,df_ml_cc_wo_demo_ip
39,1,0.1,558,313,2812,46,df_ml_cc_wo_demo_ip
39,2,0.1,2601,61,769,298,df_ml_cc_wo_demo_ip
40,0,0.1,572,302,2789,54,df_ml_cc_wo_demo_ip
40,1,0.1,562,314,2800,41,df_ml_cc_wo_demo_ip
40,2,0.1,2619,71,745,282,df_ml_cc_wo_demo_ip
41,0,0.1,527,319,2820,50,df_ml_cc_wo_demo_ip
41,1,0.1,486,277,2891,62,df_ml_cc_wo_demo_ip
41,2,0.1,2647,83,674,312,df_ml_cc_wo_demo_ip
42,0,0.1,570,313,2776,70,df_ml_cc_wo_demo_ip
42,1,0.1,515,354,2771,89,df_ml_cc_wo_demo_ip
42,2,0.1,2617,87,736,289,df_ml_cc_wo_demo_ip
43,0,0.1,543,321,2798,61,df_ml_cc_wo_demo_ip
43,1,0.1,506,331,2820,66,df_ml_cc_wo_demo_ip
43,2,0.1,2677,78,695,273,df_ml_cc_wo_demo_ip
44,0,0.1,560,320,2794,50,df_ml_cc_wo_demo_ip
44,1,0.1,547,296,2834,47,df_ml_cc_wo_demo_ip
44,2,0.1,2631,81,736,276,df_ml_cc_wo_demo_ip
45,0,0.1,536,338,2793,56,df_ml_cc_wo_demo_ip
45,1,0.1,541,296,2845,41,df_ml_cc_wo_demo_ip
45,2,0.1,2639,91,698,295,df_ml_cc_wo_demo_ip
46,0,0.1,556,306,2815,49,df_ml_cc_wo_demo_ip
46,1,0.1,541,306,2838,41,df_ml_cc_wo_demo_ip
46,2,0.1,2620,66,740,300,df_ml_cc_wo_demo_ip
47,0,0.1,517,313,2825,64,df_ml_cc_wo_demo_ip
47,1,0.1,496,340,2835,48,df_ml_cc_wo_demo_ip
47,2,0.1,2658,61,695,305,df_ml_cc_wo_demo_ip
48,0,0.1,598,309,2755,60,df_ml_cc_wo_demo_ip
48,1,0.1,512,299,2834,77,df_ml_cc_wo_demo_ip
48,2,0.1,2622,101,729,270,df_ml_cc_wo_demo_ip
49,0,0.1,548,341,2786,49,df_ml_cc_wo_demo_ip
49,1,0.1,512,333,2813,66,df_ml_cc_wo_demo_ip
49,2,0.1,2578,79,711,356,df_ml_cc_wo_demo_ip
50,0,0.1,550,321,2796,51,df_ml_cc_wo_demo_ip
50,1,0.1,520,340,2812,46,df_ml_cc_wo_demo_ip
50,2,0.1,2630,51,741,296,df_ml_cc_wo_demo_ip
51,0,0.1,544,310,2798,70,df_ml_cc_wo_demo_ip
51,1,0.1,535,351,2788,48,df_ml_cc_wo_demo_ip
51,2,0.1,2613,68,740,301,df_ml_cc_wo_demo_ip
52,0,0.1,566,318,2765,64,df_ml_cc_wo_demo_ip
52,1,0.1,502,326,2816,69,df_ml_cc_wo_demo_ip
52,2,0.1,2577,94,718,324,df_ml_cc_wo_demo_ip
53,0,0.1,561,292,2810,57,df_ml_cc_wo_demo_ip
53,1,0.1,546,321,2807,46,df_ml_cc_wo_demo_ip
53,2,0.1,2625,82,731,282,df_ml_cc_wo_demo_ip
54,0,0.1,551,321,2785,66,df_ml_cc_wo_demo_ip
54,1,0.1,521,328,2815,59,df_ml_cc_wo_demo_ip
54,2,0.1,2627,82,721,293,df_ml_cc_wo_demo_ip
55,0,0.1,575,288,2820,50,df_ml_cc_wo_demo_ip
55,1,0.1,553,306,2823,51,df_ml_cc_wo_demo_ip
55,2,0.1,2635,67,746,285,df_ml_cc_wo_demo_ip
56,0,0.1,582,340,2742,58,df_ml_cc_wo_demo_ip
56,1,0.1,543,346,2782,51,df_ml_cc_wo_demo_ip
56,2,0.1,2583,74,755,310,df_ml_cc_wo_demo_ip
57,0,0.1,551,300,2821,51,df_ml_cc_wo_demo_ip
57,1,0.1,513,320,2812,78,df_ml_cc_wo_demo_ip
57,2,0.1,2622,87,714,300,df_ml_cc_wo_demo_ip
58,0,0.1,552,283,2819,63,df_ml_cc_wo_demo_ip
58,1,0.1,509,311,2825,72,df_ml_cc_wo_demo_ip
58,2,0.1,2629,69,722,297,df_ml_cc_wo_demo_ip
59,0,0.1,540,274,2845,70,df_ml_cc_wo_demo_ip
59,1,0.1,513,321,2840,55,df_ml_cc_wo_demo_ip
59,2,0.1,2667,59,734,269,df_ml_cc_wo_demo_ip
60,0,0.1,563,299,2810,47,df_ml_cc_wo_demo_ip
60,1,0.1,557,276,2832,54,df_ml_cc_wo_demo_ip
60,2,0.1,2669,59,748,243,df_ml_cc_wo_demo_ip
61,0,0.1,560,357,2730,76,df_ml_cc_wo_demo_ip
61,1,0.1,525,311,2834,53,df_ml_cc_wo_demo_ip
61,2,0.1,2593,62,756,312,df_ml_cc_wo_demo_ip
62,0,0.1,576,320,2761,61,df_ml_cc_wo_demo_ip
62,1,0.1,528,371,2765,54,df_ml_cc_wo_demo_ip
62,2,0.1,2587,86,729,316,df_ml_cc_wo_demo_ip
63,0,0.1,538,352,2769,62,df_ml_cc_wo_demo_ip
63,1,0.1,515,328,2835,43,df_ml_cc_wo_demo_ip
63,2,0.1,2647,88,696,290,df_ml_cc_wo_demo_ip
64,0,0.1,573,318,2768,66,df_ml_cc_wo_demo_ip
64,1,0.1,557,283,2830,55,df_ml_cc_wo_demo_ip
64,2,0.1,2569,71,752,333,df_ml_cc_wo_demo_ip
65,0,0.1,553,307,2796,65,df_ml_cc_wo_demo_ip
65,1,0.1,559,273,2826,63,df_ml_cc_wo_demo_ip
65,2,0.1,2621,100,734,266,df_ml_cc_wo_demo_ip
66,0,0.1,525,288,2848,61,df_ml_cc_wo_demo_ip
66,1,0.1,539,301,2833,49,df_ml_cc_wo_demo_ip
66,2,0.1,2644,73,734,271,df_ml_cc_wo_demo_ip
67,0,0.1,564,299,2801,56,df_ml_cc_wo_demo_ip
67,1,0.1,547,303,2807,63,df_ml_cc_wo_demo_ip
67,2,0.1,2599,87,730,304,df_ml_cc_wo_demo_ip
68,0,0.1,560,282,2807,71,df_ml_cc_wo_demo_ip
68,1,0.1,514,282,2837,87,df_ml_cc_wo_demo_ip
68,2,0.1,2611,84,749,276,df_ml_cc_wo_demo_ip
69,0,0.1,584,311,2771,59,df_ml_cc_wo_demo_ip
69,1,0.1,523,283,2859,60,df_ml_cc_wo_demo_ip
69,2,0.1,2626,82,741,276,df_ml_cc_wo_demo_ip
70,0,0.1,559,272,2829,52,df_ml_cc_wo_demo_ip
70,1,0.1,507,299,2835,71,df_ml_cc_wo_demo_ip
70,2,0.1,2626,110,698,278,df_ml_cc_wo_demo_ip
71,0,0.1,541,285,2819,78,df_ml_cc_wo_demo_ip
71,1,0.1,522,282,2872,47,df_ml_cc_wo_demo_ip
71,2,0.1,2663,88,719,253,df_ml_cc_wo_demo_ip
72,0,0.1,587,351,2715,69,df_ml_cc_wo_demo_ip
72,1,0.1,538,331,2787,66,df_ml_cc_wo_demo_ip
72,2,0.1,2548,80,761,333,df_ml_cc_wo_demo_ip
73,0,0.1,565,249,2854,55,df_ml_cc_wo_demo_ip
73,1,0.1,509,342,2813,59,df_ml_cc_wo_demo_ip
73,2,0.1,2602,70,730,321,df_ml_cc_wo_demo_ip
74,0,0.1,575,323,2760,63,df_ml_cc_wo_demo_ip
74,1,0.1,534,306,2828,53,df_ml_cc_wo_demo_ip
74,2,0.1,2613,90,730,288,df_ml_cc_wo_demo_ip
75,0,0.1,570,338,2763,49,df_ml_cc_wo_demo_ip
75,1,0.1,500,377,2777,66,df_ml_cc_wo_demo_ip
75,2,0.1,2607,87,709,317,df_ml_cc_wo_demo_ip
76,0,0.1,549,324,2783,64,df_ml_cc_wo_demo_ip
76,1,0.1,517,346,2804,53,df_ml_cc_wo_demo_ip
76,2,0.1,2596,76,718,330,df_ml_cc_wo_demo_ip
77,0,0.1,548,263,2853,58,df_ml_cc_wo_demo_ip
77,1,0.1,513,309,2836,64,df_ml_cc_wo_demo_ip
77,2,0.1,2647,64,731,280,df_ml_cc_wo_demo_ip
78,0,0.1,542,288,2821,73,df_ml_cc_wo_demo_ip
78,1,0.1,533,301,2835,55,df_ml_cc_wo_demo_ip
78,2,0.1,2641,98,724,261,df_ml_cc_wo_demo_ip
79,0,0.1,551,306,2789,75,df_ml_cc_wo_demo_ip
79,1,0.1,550,331,2785,55,df_ml_cc_wo_demo_ip
79,2,0.1,2609,99,732,281,df_ml_cc_wo_demo_ip
80,0,0.1,563,316,2801,41,df_ml_cc_wo_demo_ip
80,1,0.1,537,313,2810,61,df_ml_cc_wo_demo_ip
80,2,0.1,2589,78,718,336,df_ml_cc_wo_demo_ip
81,0,0.1,526,314,2816,66,df_ml_cc_wo_demo_ip
81,1,0.1,514,309,2836,63,df_ml_cc_wo_demo_ip
81,2,0.1,2641,63,730,288,df_ml_cc_wo_demo_ip
82,0,0.1,519,320,2796,82,df_ml_cc_wo_demo_ip
82,1,0.1,529,276,2846,66,df_ml_cc_wo_demo_ip
82,2,0.1,2632,99,703,283,df_ml_cc_wo_demo_ip
83,0,0.1,563,317,2789,52,df_ml_cc_wo_demo_ip
83,1,0.1,527,305,2837,52,df_ml_cc_wo_demo_ip
83,2,0.1,2653,71,726,271,df_ml_cc_wo_demo_ip
84,0,0.1,569,327,2756,61,df_ml_cc_wo_demo_ip
84,1,0.1,544,306,2794,69,df_ml_cc_wo_demo_ip
84,2,0.1,2627,80,742,264,df_ml_cc_wo_demo_ip
85,0,0.1,572,264,2823,60,df_ml_cc_wo_demo_ip
85,1,0.1,565,318,2789,47,df_ml_cc_wo_demo_ip
85,2,0.1,2609,84,742,284,df_ml_cc_wo_demo_ip
86,0,0.1,547,291,2830,54,df_ml_cc_wo_demo_ip
86,1,0.1,522,282,2855,63,df_ml_cc_wo_demo_ip
86,2,0.1,2673,82,706,261,df_ml_cc_wo_demo_ip
87,0,0.1,523,311,2827,67,df_ml_cc_wo_demo_ip
87,1,0.1,504,300,2861,63,df_ml_cc_wo_demo_ip
87,2,0.1,2639,96,684,309,df_ml_cc_wo_demo_ip
88,0,0.1,571,287,2806,55,df_ml_cc_wo_demo_ip
88,1,0.1,534,335,2804,46,df_ml_cc_wo_demo_ip
88,2,0.1,2657,91,724,247,df_ml_cc_wo_demo_ip
89,0,0.1,552,330,2774,69,df_ml_cc_wo_demo_ip
89,1,0.1,518,310,2839,58,df_ml_cc_wo_demo_ip
89,2,0.1,2655,80,719,271,df_ml_cc_wo_demo_ip
90,0,0.1,581,310,2781,54,df_ml_cc_wo_demo_ip
90,1,0.1,523,334,2813,56,df_ml_cc_wo_demo_ip
90,2,0.1,2592,85,726,323,df_ml_cc_wo_demo_ip
91,0,0.1,550,344,2777,57,df_ml_cc_wo_demo_ip
91,1,0.1,504,338,2835,51,df_ml_cc_wo_demo_ip
91,2,0.1,2646,74,711,297,df_ml_cc_wo_demo_ip
92,0,0.1,567,308,2802,41,df_ml_cc_wo_demo_ip
92,1,0.1,521,333,2796,68,df_ml_cc_wo_demo_ip
92,2,0.1,2604,73,739,302,df_ml_cc_wo_demo_ip
93,0,0.1,534,328,2806,56,df_ml_cc_wo_demo_ip
93,1,0.1,497,318,2860,49,df_ml_cc_wo_demo_ip
93,2,0.1,2685,64,709,266,df_ml_cc_wo_demo_ip
94,0,0.1,581,279,2810,53,df_ml_cc_wo_demo_ip
94,1,0.1,552,319,2800,52,df_ml_cc_wo_demo_ip
94,2,0.1,2589,69,756,309,df_ml_cc_wo_demo_ip
95,0,0.1,578,286,2808,54,df_ml_cc_wo_demo_ip
95,1,0.1,556,284,2840,46,df_ml_cc_wo_demo_ip
95,2,0.1,2595,90,730,311,df_ml_cc_wo_demo_ip
96,0,0.1,545,270,2855,55,df_ml_cc_wo_demo_ip
96,1,0.1,511,331,2833,50,df_ml_cc_wo_demo_ip
96,2,0.1,2651,91,690,293,df_ml_cc_wo_demo_ip
97,0,0.1,578,303,2791,55,df_ml_cc_wo_demo_ip
97,1,0.1,535,311,2823,58,df_ml_cc_wo_demo_ip
97,2,0.1,2625,70,759,273,df_ml_cc_wo_demo_ip
98,0,0.1,550,321,2782,64,df_ml_cc_wo_demo_ip
98,1,0.1,520,304,2823,70,df_ml_cc_wo_demo_ip
98,2,0.1,2615,80,733,289,df_ml_cc_wo_demo_ip
99,0,0.1,573,351,2750,47,df_ml_cc_wo_demo_ip
99,1,0.1,524,309,2822,66,df_ml_cc_wo_demo_ip
99,2,0.1,2618,78,731,294,df_ml_cc_wo_demo_ip
0,0,0.25,494,794,2283,155,df_ml_cc_wo_demo_ip
0,1,0.25,434,794,2368,130,df_ml_cc_wo_demo_ip
0,2,0.25,2175,252,543,756,df_ml_cc_wo_demo_ip
1,0,0.25,452,748,2369,160,df_ml_cc_wo_demo_ip
1,1,0.25,410,815,2365,139,df_ml_cc_wo_demo_ip
1,2,0.25,2166,199,586,778,df_ml_cc_wo_demo_ip
2,0,0.25,458,797,2328,136,df_ml_cc_wo_demo_ip
2,1,0.25,421,766,2408,124,df_ml_cc_wo_demo_ip
2,2,0.25,2186,177,596,760,df_ml_cc_wo_demo_ip
3,0,0.25,487,771,2326,139,df_ml_cc_wo_demo_ip
3,1,0.25,432,786,2343,162,df_ml_cc_wo_demo_ip
3,2,0.25,2142,190,629,762,df_ml_cc_wo_demo_ip
4,0,0.25,489,733,2386,118,df_ml_cc_wo_demo_ip
4,1,0.25,425,748,2401,152,df_ml_cc_wo_demo_ip
4,2,0.25,2268,202,584,672,df_ml_cc_wo_demo_ip
5,0,0.25,462,803,2316,142,df_ml_cc_wo_demo_ip
5,1,0.25,472,789,2329,133,df_ml_cc_wo_demo_ip
5,2,0.25,2160,202,618,743,df_ml_cc_wo_demo_ip
6,0,0.25,436,837,2292,157,df_ml_cc_wo_demo_ip
6,1,0.25,448,783,2351,140,df_ml_cc_wo_demo_ip
6,2,0.25,2191,194,581,756,df_ml_cc_wo_demo_ip
7,0,0.25,428,723,2413,156,df_ml_cc_wo_demo_ip
7,1,0.25,412,777,2356,175,df_ml_cc_wo_demo_ip
7,2,0.25,2211,222,555,732,df_ml_cc_wo_demo_ip
8,0,0.25,422,773,2357,172,df_ml_cc_wo_demo_ip
8,1,0.25,413,808,2377,126,df_ml_cc_wo_demo_ip
8,2,0.25,2218,212,558,736,df_ml_cc_wo_demo_ip
9,0,0.25,440,769,2352,161,df_ml_cc_wo_demo_ip
9,1,0.25,421,719,2431,151,df_ml_cc_wo_demo_ip
9,2,0.25,2200,203,596,723,df_ml_cc_wo_demo_ip
10,0,0.25,480,770,2337,130,df_ml_cc_wo_demo_ip
10,1,0.25,442,719,2419,137,df_ml_cc_wo_demo_ip
10,2,0.25,2200,189,617,711,df_ml_cc_wo_demo_ip
11,0,0.25,442,763,2365,150,df_ml_cc_wo_demo_ip
11,1,0.25,417,748,2421,134,df_ml_cc_wo_demo_ip
11,2,0.25,2206,176,599,739,df_ml_cc_wo_demo_ip
12,0,0.25,458,845,2244,169,df_ml_cc_wo_demo_ip
12,1,0.25,478,809,2294,135,df_ml_cc_wo_demo_ip
12,2,0.25,2155,218,618,725,df_ml_cc_wo_demo_ip
13,0,0.25,472,860,2238,158,df_ml_cc_wo_demo_ip
13,1,0.25,452,720,2396,160,df_ml_cc_wo_demo_ip
13,2,0.25,2167,200,627,734,df_ml_cc_wo_demo_ip
14,0,0.25,444,786,2345,137,df_ml_cc_wo_demo_ip
14,1,0.25,416,798,2360,138,df_ml_cc_wo_demo_ip
14,2,0.25,2235,194,574,709,df_ml_cc_wo_demo_ip
15,0,0.25,465,852,2238,167,df_ml_cc_wo_demo_ip
15,1,0.25,443,814,2326,139,df_ml_cc_wo_demo_ip
15,2,0.25,2126,224,593,779,df_ml_cc_wo_demo_ip
16,0,0.25,465,827,2307,123,df_ml_cc_wo_demo_ip
16,1,0.25,436,795,2357,134,df_ml_cc_wo_demo_ip
16,2,0.25,2218,173,612,719,df_ml_cc_wo_demo_ip
17,0,0.25,480,811,2278,150,df_ml_cc_wo_demo_ip
17,1,0.25,432,861,2282,144,df_ml_cc_wo_demo_ip
17,2,0.25,2158,180,633,748,df_ml_cc_wo_demo_ip
18,0,0.25,412,771,2363,172,df_ml_cc_wo_demo_ip
18,1,0.25,414,779,2390,135,df_ml_cc_wo_demo_ip
18,2,0.25,2176,200,563,779,df_ml_cc_wo_demo_ip
19,0,0.25,460,835,2272,155,df_ml_cc_wo_demo_ip
19,1,0.25,395,768,2386,173,df_ml_cc_wo_demo_ip
19,2,0.25,2195,210,583,734,df_ml_cc_wo_demo_ip
20,0,0.25,457,811,2295,158,df_ml_cc_wo_demo_ip
20,1,0.25,423,831,2307,160,df_ml_cc_wo_demo_ip
20,2,0.25,2113,181,630,797,df_ml_cc_wo_demo_ip
21,0,0.25,462,776,2317,164,df_ml_cc_wo_demo_ip
21,1,0.25,428,819,2315,157,df_ml_cc_wo_demo_ip
21,2,0.25,2166,210,597,746,df_ml_cc_wo_demo_ip
22,0,0.25,456,742,2362,162,df_ml_cc_wo_demo_ip
22,1,0.25,457,757,2348,160,df_ml_cc_wo_demo_ip
22,2,0.25,2202,244,587,689,df_ml_cc_wo_demo_ip
23,0,0.25,424,745,2372,190,df_ml_cc_wo_demo_ip
23,1,0.25,455,770,2375,131,df_ml_cc_wo_demo_ip
23,2,0.25,2208,210,584,729,df_ml_cc_wo_demo_ip
24,0,0.25,463,769,2327,164,df_ml_cc_wo_demo_ip
24,1,0.25,475,753,2373,122,df_ml_cc_wo_demo_ip
24,2,0.25,2263,198,630,632,df_ml_cc_wo_demo_ip
25,0,0.25,447,767,2339,171,df_ml_cc_wo_demo_ip
25,1,0.25,425,830,2300,169,df_ml_cc_wo_demo_ip
25,2,0.25,2208,194,619,703,df_ml_cc_wo_demo_ip
26,0,0.25,485,701,2371,164,df_ml_cc_wo_demo_ip
26,1,0.25,486,772,2323,140,df_ml_cc_wo_demo_ip
26,2,0.25,2229,226,605,661,df_ml_cc_wo_demo_ip
27,0,0.25,454,818,2307,142,df_ml_cc_wo_demo_ip
27,1,0.25,405,773,2390,153,df_ml_cc_wo_demo_ip
27,2,0.25,2230,182,579,730,df_ml_cc_wo_demo_ip
28,0,0.25,490,787,2298,146,df_ml_cc_wo_demo_ip
28,1,0.25,440,812,2330,139,df_ml_cc_wo_demo_ip
28,2,0.25,2250,190,615,666,df_ml_cc_wo_demo_ip
29,0,0.25,457,765,2373,132,df_ml_cc_wo_demo_ip
29,1,0.25,460,733,2396,138,df_ml_cc_wo_demo_ip
29,2,0.25,2217,197,599,714,df_ml_cc_wo_demo_ip
30,0,0.25,408,833,2307,176,df_ml_cc_wo_demo_ip
30,1,0.25,407,809,2372,136,df_ml_cc_wo_demo_ip
30,2,0.25,2211,209,547,757,df_ml_cc_wo_demo_ip
31,0,0.25,447,759,2359,163,df_ml_cc_wo_demo_ip
31,1,0.25,449,786,2368,125,df_ml_cc_wo_demo_ip
31,2,0.25,2240,191,610,687,df_ml_cc_wo_demo_ip
32,0,0.25,459,755,2346,164,df_ml_cc_wo_demo_ip
32,1,0.25,444,809,2315,156,df_ml_cc_wo_demo_ip
32,2,0.25,2182,201,622,719,df_ml_cc_wo_demo_ip
33,0,0.25,423,791,2333,175,df_ml_cc_wo_demo_ip
33,1,0.25,425,781,2368,148,df_ml_cc_wo_demo_ip
33,2,0.25,2158,226,556,782,df_ml_cc_wo_demo_ip
34,0,0.25,458,789,2324,151,df_ml_cc_wo_demo_ip
34,1,0.25,448,806,2342,126,df_ml_cc_wo_demo_ip
34,2,0.25,2281,177,632,632,df_ml_cc_wo_demo_ip
35,0,0.25,470,796,2333,130,df_ml_cc_wo_demo_ip
35,1,0.25,429,762,2378,160,df_ml_cc_wo_demo_ip
35,2,0.25,2166,222,589,752,df_ml_cc_wo_demo_ip
36,0,0.25,472,774,2316,161,df_ml_cc_wo_demo_ip
36,1,0.25,464,778,2337,144,df_ml_cc_wo_demo_ip
36,2,0.25,2172,202,635,714,df_ml_cc_wo_demo_ip
37,0,0.25,442,725,2379,169,df_ml_cc_wo_demo_ip
37,1,0.25,430,733,2402,150,df_ml_cc_wo_demo_ip
37,2,0.25,2206,227,584,698,df_ml_cc_wo_demo_ip
38,0,0.25,449,772,2348,155,df_ml_cc_wo_demo_ip
38,1,0.25,423,780,2366,155,df_ml_cc_wo_demo_ip
38,2,0.25,2229,195,587,713,df_ml_cc_wo_demo_ip
39,0,0.25,494,739,2349,147,df_ml_cc_wo_demo_ip
39,1,0.25,465,767,2358,139,df_ml_cc_wo_demo_ip
39,2,0.25,2215,192,638,684,df_ml_cc_wo_demo_ip
40,0,0.25,485,746,2345,141,df_ml_cc_wo_demo_ip
40,1,0.25,475,726,2388,128,df_ml_cc_wo_demo_ip
40,2,0.25,2183,159,657,718,df_ml_cc_wo_demo_ip
41,0,0.25,430,781,2358,147,df_ml_cc_wo_demo_ip
41,1,0.25,388,779,2389,160,df_ml_cc_wo_demo_ip
41,2,0.25,2196,200,557,763,df_ml_cc_wo_demo_ip
42,0,0.25,471,765,2324,169,df_ml_cc_wo_demo_ip
42,1,0.25,429,757,2368,175,df_ml_cc_wo_demo_ip
42,2,0.25,2174,204,619,732,df_ml_cc_wo_demo_ip
43,0,0.25,445,810,2309,159,df_ml_cc_wo_demo_ip
43,1,0.25,420,807,2344,152,df_ml_cc_wo_demo_ip
43,2,0.25,2212,212,561,738,df_ml_cc_wo_demo_ip
44,0,0.25,445,823,2291,165,df_ml_cc_wo_demo_ip
44,1,0.25,448,733,2397,146,df_ml_cc_wo_demo_ip
44,2,0.25,2182,205,612,725,df_ml_cc_wo_demo_ip
45,0,0.25,443,789,2342,149,df_ml_cc_wo_demo_ip
45,1,0.25,460,769,2372,122,df_ml_cc_wo_demo_ip
45,2,0.25,2252,200,589,682,df_ml_cc_wo_demo_ip
46,0,0.25,473,828,2293,132,df_ml_cc_wo_demo_ip
46,1,0.25,438,791,2353,144,df_ml_cc_wo_demo_ip
46,2,0.25,2141,202,604,779,df_ml_cc_wo_demo_ip
47,0,0.25,460,757,2381,121,df_ml_cc_wo_demo_ip
47,1,0.25,409,879,2296,135,df_ml_cc_wo_demo_ip
47,2,0.25,2199,141,615,764,df_ml_cc_wo_demo_ip
48,0,0.25,506,803,2261,152,df_ml_cc_wo_demo_ip
48,1,0.25,442,773,2360,147,df_ml_cc_wo_demo_ip
48,2,0.25,2158,229,601,734,df_ml_cc_wo_demo_ip
49,0,0.25,455,829,2298,142,df_ml_cc_wo_demo_ip
49,1,0.25,422,831,2315,156,df_ml_cc_wo_demo_ip
49,2,0.25,2140,189,601,794,df_ml_cc_wo_demo_ip
50,0,0.25,457,792,2325,144,df_ml_cc_wo_demo_ip
50,1,0.25,447,802,2350,119,df_ml_cc_wo_demo_ip
50,2,0.25,2211,169,623,715,df_ml_cc_wo_demo_ip
51,0,0.25,453,796,2312,161,df_ml_cc_wo_demo_ip
51,1,0.25,443,770,2369,140,df_ml_cc_wo_demo_ip
51,2,0.25,2200,183,625,714,df_ml_cc_wo_demo_ip
52,0,0.25,449,786,2297,181,df_ml_cc_wo_demo_ip
52,1,0.25,421,817,2325,150,df_ml_cc_wo_demo_ip
52,2,0.25,2155,232,580,746,df_ml_cc_wo_demo_ip
53,0,0.25,463,763,2339,155,df_ml_cc_wo_demo_ip
53,1,0.25,451,792,2336,141,df_ml_cc_wo_demo_ip
53,2,0.25,2156,217,596,751,df_ml_cc_wo_demo_ip
54,0,0.25,439,826,2280,178,df_ml_cc_wo_demo_ip
54,1,0.25,436,765,2378,144,df_ml_cc_wo_demo_ip
54,2,0.25,2161,200,603,759,df_ml_cc_wo_demo_ip
55,0,0.25,469,711,2397,156,df_ml_cc_wo_demo_ip
55,1,0.25,460,812,2317,144,df_ml_cc_wo_demo_ip
55,2,0.25,2174,188,625,746,df_ml_cc_wo_demo_ip
56,0,0.25,487,773,2309,153,df_ml_cc_wo_demo_ip
56,1,0.25,446,808,2320,148,df_ml_cc_wo_demo_ip
56,2,0.25,2190,187,642,703,df_ml_cc_wo_demo_ip
57,0,0.25,462,718,2403,140,df_ml_cc_wo_demo_ip
57,1,0.25,424,749,2383,167,df_ml_cc_wo_demo_ip
57,2,0.25,2157,199,602,765,df_ml_cc_wo_demo_ip
58,0,0.25,455,746,2356,160,df_ml_cc_wo_demo_ip
58,1,0.25,436,862,2274,145,df_ml_cc_wo_demo_ip
58,2,0.25,2183,198,593,743,df_ml_cc_wo_demo_ip
59,0,0.25,459,752,2367,151,df_ml_cc_wo_demo_ip
59,1,0.25,412,788,2373,156,df_ml_cc_wo_demo_ip
59,2,0.25,2231,179,614,705,df_ml_cc_wo_demo_ip
60,0,0.25,466,726,2383,144,df_ml_cc_wo_demo_ip
60,1,0.25,469,745,2363,142,df_ml_cc_wo_demo_ip
60,2,0.25,2199,197,610,713,df_ml_cc_wo_demo_ip
61,0,0.25,455,803,2284,181,df_ml_cc_wo_demo_ip
61,1,0.25,450,796,2349,128,df_ml_cc_wo_demo_ip
61,2,0.25,2167,190,628,738,df_ml_cc_wo_demo_ip
62,0,0.25,476,813,2268,161,df_ml_cc_wo_demo_ip
62,1,0.25,458,853,2283,124,df_ml_cc_wo_demo_ip
62,2,0.25,2213,218,597,690,df_ml_cc_wo_demo_ip
63,0,0.25,431,865,2256,169,df_ml_cc_wo_demo_ip
63,1,0.25,436,797,2366,122,df_ml_cc_wo_demo_ip
63,2,0.25,2201,213,571,736,df_ml_cc_wo_demo_ip
64,0,0.25,484,863,2223,155,df_ml_cc_wo_demo_ip
64,1,0.25,477,804,2309,135,df_ml_cc_wo_demo_ip
64,2,0.25,2187,198,625,715,df_ml_cc_wo_demo_ip
65,0,0.25,449,782,2321,169,df_ml_cc_wo_demo_ip
65,1,0.25,461,753,2346,161,df_ml_cc_wo_demo_ip
65,2,0.25,2149,244,590,738,df_ml_cc_wo_demo_ip
66,0,0.25,436,741,2395,150,df_ml_cc_wo_demo_ip
66,1,0.25,451,764,2370,137,df_ml_cc_wo_demo_ip
66,2,0.25,2203,194,613,712,df_ml_cc_wo_demo_ip
67,0,0.25,466,740,2360,154,df_ml_cc_wo_demo_ip
67,1,0.25,456,755,2355,154,df_ml_cc_wo_demo_ip
67,2,0.25,2186,215,602,717,df_ml_cc_wo_demo_ip
68,0,0.25,472,740,2349,159,df_ml_cc_wo_demo_ip
68,1,0.25,407,798,2321,194,df_ml_cc_wo_demo_ip
68,2,0.25,2198,209,624,689,df_ml_cc_wo_demo_ip
69,0,0.25,479,766,2316,164,df_ml_cc_wo_demo_ip
69,1,0.25,436,715,2427,147,df_ml_cc_wo_demo_ip
69,2,0.25,2126,212,611,776,df_ml_cc_wo_demo_ip
70,0,0.25,467,740,2361,144,df_ml_cc_wo_demo_ip
70,1,0.25,408,787,2347,170,df_ml_cc_wo_demo_ip
70,2,0.25,2192,230,578,712,df_ml_cc_wo_demo_ip
71,0,0.25,429,753,2351,190,df_ml_cc_wo_demo_ip
71,1,0.25,435,742,2412,134,df_ml_cc_wo_demo_ip
71,2,0.25,2238,204,603,678,df_ml_cc_wo_demo_ip
72,0,0.25,503,827,2239,153,df_ml_cc_wo_demo_ip
72,1,0.25,455,803,2315,149,df_ml_cc_wo_demo_ip
72,2,0.25,2105,195,646,776,df_ml_cc_wo_demo_ip
73,0,0.25,469,723,2380,151,df_ml_cc_wo_demo_ip
73,1,0.25,413,816,2339,155,df_ml_cc_wo_demo_ip
73,2,0.25,2150,204,596,773,df_ml_cc_wo_demo_ip
74,0,0.25,474,800,2283,164,df_ml_cc_wo_demo_ip
74,1,0.25,436,775,2359,151,df_ml_cc_wo_demo_ip
74,2,0.25,2151,207,613,750,df_ml_cc_wo_demo_ip
75,0,0.25,480,810,2291,139,df_ml_cc_wo_demo_ip
75,1,0.25,424,855,2299,142,df_ml_cc_wo_demo_ip
75,2,0.25,2152,198,598,772,df_ml_cc_wo_demo_ip
76,0,0.25,458,783,2324,155,df_ml_cc_wo_demo_ip
76,1,0.25,424,784,2366,146,df_ml_cc_wo_demo_ip
76,2,0.25,2120,201,593,806,df_ml_cc_wo_demo_ip
77,0,0.25,459,741,2375,147,df_ml_cc_wo_demo_ip
77,1,0.25,420,765,2380,157,df_ml_cc_wo_demo_ip
77,2,0.25,2219,200,595,708,df_ml_cc_wo_demo_ip
78,0,0.25,457,759,2350,158,df_ml_cc_wo_demo_ip
78,1,0.25,445,748,2388,143,df_ml_cc_wo_demo_ip
78,2,0.25,2239,220,602,663,df_ml_cc_wo_demo_ip
79,0,0.25,445,770,2325,181,df_ml_cc_wo_demo_ip
79,1,0.25,454,832,2284,151,df_ml_cc_wo_demo_ip
79,2,0.25,2168,248,583,722,df_ml_cc_wo_demo_ip
80,0,0.25,466,817,2300,138,df_ml_cc_wo_demo_ip
80,1,0.25,452,779,2344,146,df_ml_cc_wo_demo_ip
80,2,0.25,2206,207,589,719,df_ml_cc_wo_demo_ip
81,0,0.25,434,737,2393,158,df_ml_cc_wo_demo_ip
81,1,0.25,413,809,2336,164,df_ml_cc_wo_demo_ip
81,2,0.25,2213,203,590,716,df_ml_cc_wo_demo_ip
82,0,0.25,400,797,2319,201,df_ml_cc_wo_demo_ip
82,1,0.25,436,748,2374,159,df_ml_cc_wo_demo_ip
82,2,0.25,2160,220,582,755,df_ml_cc_wo_demo_ip
83,0,0.25,448,771,2335,167,df_ml_cc_wo_demo_ip
83,1,0.25,440,807,2335,139,df_ml_cc_wo_demo_ip
83,2,0.25,2173,211,586,751,df_ml_cc_wo_demo_ip
84,0,0.25,478,765,2318,152,df_ml_cc_wo_demo_ip
84,1,0.25,451,772,2328,162,df_ml_cc_wo_demo_ip
84,2,0.25,2156,224,598,735,df_ml_cc_wo_demo_ip
85,0,0.25,471,674,2413,161,df_ml_cc_wo_demo_ip
85,1,0.25,477,787,2320,135,df_ml_cc_wo_demo_ip
85,2,0.25,2181,219,607,712,df_ml_cc_wo_demo_ip
86,0,0.25,474,764,2357,127,df_ml_cc_wo_demo_ip
86,1,0.25,431,754,2383,154,df_ml_cc_wo_demo_ip
86,2,0.25,2266,190,598,668,df_ml_cc_wo_demo_ip
87,0,0.25,425,783,2355,165,df_ml_cc_wo_demo_ip
87,1,0.25,414,790,2371,153,df_ml_cc_wo_demo_ip
87,2,0.25,2222,208,572,726,df_ml_cc_wo_demo_ip
88,0,0.25,462,746,2347,164,df_ml_cc_wo_demo_ip
88,1,0.25,456,802,2337,124,df_ml_cc_wo_demo_ip
88,2,0.25,2225,202,613,679,df_ml_cc_wo_demo_ip
89,0,0.25,457,799,2305,164,df_ml_cc_wo_demo_ip
89,1,0.25,427,768,2381,149,df_ml_cc_wo_demo_ip
89,2,0.25,2182,192,607,744,df_ml_cc_wo_demo_ip
90,0,0.25,489,784,2307,146,df_ml_cc_wo_demo_ip
90,1,0.25,447,820,2327,132,df_ml_cc_wo_demo_ip
90,2,0.25,2177,182,629,738,df_ml_cc_wo_demo_ip
91,0,0.25,464,828,2293,143,df_ml_cc_wo_demo_ip
91,1,0.25,426,764,2409,129,df_ml_cc_wo_demo_ip
91,2,0.25,2225,177,608,718,df_ml_cc_wo_demo_ip
92,0,0.25,455,799,2311,153,df_ml_cc_wo_demo_ip
92,1,0.25,428,821,2308,161,df_ml_cc_wo_demo_ip
92,2,0.25,2163,222,590,743,df_ml_cc_wo_demo_ip
93,0,0.25,451,720,2414,139,df_ml_cc_wo_demo_ip
93,1,0.25,408,795,2383,138,df_ml_cc_wo_demo_ip
93,2,0.25,2272,196,577,679,df_ml_cc_wo_demo_ip
94,0,0.25,461,804,2285,173,df_ml_cc_wo_demo_ip
94,1,0.25,460,832,2287,144,df_ml_cc_wo_demo_ip
94,2,0.25,2168,177,648,730,df_ml_cc_wo_demo_ip
95,0,0.25,497,753,2341,135,df_ml_cc_wo_demo_ip
95,1,0.25,488,729,2395,114,df_ml_cc_wo_demo_ip
95,2,0.25,2188,187,633,718,df_ml_cc_wo_demo_ip
96,0,0.25,445,778,2347,155,df_ml_cc_wo_demo_ip
96,1,0.25,407,806,2358,154,df_ml_cc_wo_demo_ip
96,2,0.25,2196,183,598,748,df_ml_cc_wo_demo_ip
97,0,0.25,466,806,2288,167,df_ml_cc_wo_demo_ip
97,1,0.25,449,788,2346,144,df_ml_cc_wo_demo_ip
97,2,0.25,2179,191,638,719,df_ml_cc_wo_demo_ip
98,0,0.25,453,763,2340,161,df_ml_cc_wo_demo_ip
98,1,0.25,445,793,2334,145,df_ml_cc_wo_demo_ip
98,2,0.25,2179,218,595,725,df_ml_cc_wo_demo_ip
99,0,0.25,460,783,2318,160,df_ml_cc_wo_demo_ip
99,1,0.25,434,814,2317,156,df_ml_cc_wo_demo_ip
99,2,0.25,2169,211,598,743,df_ml_cc_wo_demo_ip
0,0,0.1,243,3,3074,406,df_ml_nc_w_demo_ip
0,1,0.1,236,19,3143,328,df_ml_nc_w_demo_ip
0,2,0.1,2548,29,766,383,df_ml_nc_w_demo_ip
1,0,0.1,254,25,3092,358,df_ml_nc_w_demo_ip
1,1,0.1,202,0,3180,347,df_ml_nc_w_demo_ip
1,2,0.1,2565,1,784,379,df_ml_nc_w_demo_ip
2,0,0.1,261,53,3072,333,df_ml_nc_w_demo_ip
2,1,0.1,242,35,3139,303,df_ml_nc_w_demo_ip
2,2,0.1,2611,30,743,335,df_ml_nc_w_demo_ip
3,0,0.1,302,41,3056,324,df_ml_nc_w_demo_ip
3,1,0.1,280,63,3066,314,df_ml_nc_w_demo_ip
3,2,0.1,2584,36,783,320,df_ml_nc_w_demo_ip
4,0,0.1,298,8,3111,309,df_ml_nc_w_demo_ip
4,1,0.1,221,2,3147,356,df_ml_nc_w_demo_ip
4,2,0.1,2572,5,781,368,df_ml_nc_w_demo_ip
5,0,0.1,291,21,3098,313,df_ml_nc_w_demo_ip
5,1,0.1,224,2,3116,381,df_ml_nc_w_demo_ip
5,2,0.1,2530,0,820,373,df_ml_nc_w_demo_ip
6,0,0.1,263,22,3107,330,df_ml_nc_w_demo_ip
6,1,0.1,243,10,3124,345,df_ml_nc_w_demo_ip
6,2,0.1,2586,7,768,361,df_ml_nc_w_demo_ip
7,0,0.1,197,0,3136,387,df_ml_nc_w_demo_ip
7,1,0.1,230,0,3133,357,df_ml_nc_w_demo_ip
7,2,0.1,2547,0,777,396,df_ml_nc_w_demo_ip
8,0,0.1,256,1,3129,338,df_ml_nc_w_demo_ip
8,1,0.1,219,2,3183,320,df_ml_nc_w_demo_ip
8,2,0.1,2612,0,770,342,df_ml_nc_w_demo_ip
9,0,0.1,255,2,3119,346,df_ml_nc_w_demo_ip
9,1,0.1,212,2,3148,360,df_ml_nc_w_demo_ip
9,2,0.1,2540,6,793,383,df_ml_nc_w_demo_ip
10,0,0.1,364,96,3011,246,df_ml_nc_w_demo_ip
10,1,0.1,323,100,3038,256,df_ml_nc_w_demo_ip
10,2,0.1,2660,132,674,251,df_ml_nc_w_demo_ip
11,0,0.1,325,84,3044,267,df_ml_nc_w_demo_ip
11,1,0.1,318,97,3072,233,df_ml_nc_w_demo_ip
11,2,0.1,2669,59,716,276,df_ml_nc_w_demo_ip
12,0,0.1,320,72,3017,307,df_ml_nc_w_demo_ip
12,1,0.1,245,32,3071,368,df_ml_nc_w_demo_ip
12,2,0.1,2568,21,815,312,df_ml_nc_w_demo_ip
13,0,0.1,302,71,3027,328,df_ml_nc_w_demo_ip
13,1,0.1,277,21,3095,335,df_ml_nc_w_demo_ip
13,2,0.1,2575,42,785,326,df_ml_nc_w_demo_ip
14,0,0.1,359,130,3001,222,df_ml_nc_w_demo_ip
14,1,0.1,259,47,3111,295,df_ml_nc_w_demo_ip
14,2,0.1,2618,25,743,326,df_ml_nc_w_demo_ip
15,0,0.1,351,149,2941,281,df_ml_nc_w_demo_ip
15,1,0.1,282,99,3041,300,df_ml_nc_w_demo_ip
15,2,0.1,2553,57,760,352,df_ml_nc_w_demo_ip
16,0,0.1,279,57,3077,309,df_ml_nc_w_demo_ip
16,1,0.1,253,48,3104,317,df_ml_nc_w_demo_ip
16,2,0.1,2571,15,770,366,df_ml_nc_w_demo_ip
17,0,0.1,262,36,3053,368,df_ml_nc_w_demo_ip
17,1,0.1,237,24,3119,339,df_ml_nc_w_demo_ip
17,2,0.1,2519,0,813,387,df_ml_nc_w_demo_ip
18,0,0.1,254,44,3090,330,df_ml_nc_w_demo_ip
18,1,0.1,204,1,3168,345,df_ml_nc_w_demo_ip
18,2,0.1,2594,1,762,361,df_ml_nc_w_demo_ip
19,0,0.1,253,6,3101,362,df_ml_nc_w_demo_ip
19,1,0.1,192,2,3152,376,df_ml_nc_w_demo_ip
19,2,0.1,2576,2,791,353,df_ml_nc_w_demo_ip
20,0,0.1,299,69,3037,316,df_ml_nc_w_demo_ip
20,1,0.1,233,50,3088,350,df_ml_nc_w_demo_ip
20,2,0.1,2575,31,780,335,df_ml_nc_w_demo_ip
21,0,0.1,303,63,3030,323,df_ml_nc_w_demo_ip
21,1,0.1,273,77,3057,312,df_ml_nc_w_demo_ip
21,2,0.1,2569,25,782,343,df_ml_nc_w_demo_ip
22,0,0.1,262,15,3089,356,df_ml_nc_w_demo_ip
22,1,0.1,262,0,3105,355,df_ml_nc_w_demo_ip
22,2,0.1,2499,2,829,392,df_ml_nc_w_demo_ip
23,0,0.1,239,62,3055,375,df_ml_nc_w_demo_ip
23,1,0.1,324,115,3030,262,df_ml_nc_w_demo_ip
23,2,0.1,2627,87,707,310,df_ml_nc_w_demo_ip
24,0,0.1,335,109,2987,292,df_ml_nc_w_demo_ip
24,1,0.1,324,50,3076,273,df_ml_nc_w_demo_ip
24,2,0.1,2624,34,794,271,df_ml_nc_w_demo_ip
25,0,0.1,230,17,3089,388,df_ml_nc_w_demo_ip
25,1,0.1,208,4,3126,386,df_ml_nc_w_demo_ip
25,2,0.1,2615,77,736,296,df_ml_nc_w_demo_ip
26,0,0.1,313,35,3037,336,df_ml_nc_w_demo_ip
26,1,0.1,292,87,3008,334,df_ml_nc_w_demo_ip
26,2,0.1,2586,13,818,304,df_ml_nc_w_demo_ip
27,0,0.1,242,13,3112,354,df_ml_nc_w_demo_ip
27,1,0.1,198,8,3155,360,df_ml_nc_w_demo_ip
27,2,0.1,2596,5,756,364,df_ml_nc_w_demo_ip
28,0,0.1,326,39,3046,310,df_ml_nc_w_demo_ip
28,1,0.1,298,67,3075,281,df_ml_nc_w_demo_ip
28,2,0.1,2627,58,747,289,df_ml_nc_w_demo_ip
29,0,0.1,264,34,3104,325,df_ml_nc_w_demo_ip
29,1,0.1,345,101,3028,253,df_ml_nc_w_demo_ip
29,2,0.1,2576,17,779,355,df_ml_nc_w_demo_ip
30,0,0.1,223,4,3136,361,df_ml_nc_w_demo_ip
30,1,0.1,208,14,3167,335,df_ml_nc_w_demo_ip
30,2,0.1,2589,12,744,379,df_ml_nc_w_demo_ip
31,0,0.1,267,14,3104,343,df_ml_nc_w_demo_ip
31,1,0.1,227,4,3150,347,df_ml_nc_w_demo_ip
31,2,0.1,2732,183,618,195,df_ml_nc_w_demo_ip
32,0,0.1,366,98,3003,257,df_ml_nc_w_demo_ip
32,1,0.1,287,72,3052,313,df_ml_nc_w_demo_ip
32,2,0.1,2592,44,779,309,df_ml_nc_w_demo_ip
33,0,0.1,227,9,3115,371,df_ml_nc_w_demo_ip
33,1,0.1,212,0,3149,361,df_ml_nc_w_demo_ip
33,2,0.1,2569,7,775,371,df_ml_nc_w_demo_ip
34,0,0.1,267,34,3079,342,df_ml_nc_w_demo_ip
34,1,0.1,215,17,3131,359,df_ml_nc_w_demo_ip
34,2,0.1,2572,14,795,341,df_ml_nc_w_demo_ip
35,0,0.1,281,11,3118,319,df_ml_nc_w_demo_ip
35,1,0.1,242,22,3118,347,df_ml_nc_w_demo_ip
35,2,0.1,2626,107,704,292,df_ml_nc_w_demo_ip
36,0,0.1,265,9,3081,368,df_ml_nc_w_demo_ip
36,1,0.1,215,3,3112,393,df_ml_nc_w_demo_ip
36,2,0.1,2526,2,835,360,df_ml_nc_w_demo_ip
37,0,0.1,295,60,3044,316,df_ml_nc_w_demo_ip
37,1,0.1,180,7,3128,400,df_ml_nc_w_demo_ip
37,2,0.1,2512,9,802,392,df_ml_nc_w_demo_ip
38,0,0.1,236,13,3107,368,df_ml_nc_w_demo_ip
38,1,0.1,214,0,3146,364,df_ml_nc_w_demo_ip
38,2,0.1,2599,9,773,343,df_ml_nc_w_demo_ip
39,0,0.1,304,38,3050,337,df_ml_nc_w_demo_ip
39,1,0.1,233,24,3101,371,df_ml_nc_w_demo_ip
39,2,0.1,2573,39,791,326,df_ml_nc_w_demo_ip
40,0,0.1,257,0,3091,369,df_ml_nc_w_demo_ip
40,1,0.1,251,22,3092,352,df_ml_nc_w_demo_ip
40,2,0.1,2540,3,813,361,df_ml_nc_w_demo_ip
41,0,0.1,300,55,3084,277,df_ml_nc_w_demo_ip
41,1,0.1,355,155,3013,193,df_ml_nc_w_demo_ip
41,2,0.1,2642,31,726,317,df_ml_nc_w_demo_ip
42,0,0.1,361,91,2998,279,df_ml_nc_w_demo_ip
42,1,0.1,271,45,3080,333,df_ml_nc_w_demo_ip
42,2,0.1,2677,106,717,229,df_ml_nc_w_demo_ip
43,0,0.1,367,175,2944,237,df_ml_nc_w_demo_ip
43,1,0.1,302,120,3031,270,df_ml_nc_w_demo_ip
43,2,0.1,2598,54,719,352,df_ml_nc_w_demo_ip
44,0,0.1,246,0,3114,364,df_ml_nc_w_demo_ip
44,1,0.1,227,1,3129,367,df_ml_nc_w_demo_ip
44,2,0.1,2548,1,816,359,df_ml_nc_w_demo_ip
45,0,0.1,246,2,3129,346,df_ml_nc_w_demo_ip
45,1,0.1,251,15,3126,331,df_ml_nc_w_demo_ip
45,2,0.1,2588,3,786,346,df_ml_nc_w_demo_ip
46,0,0.1,285,28,3093,320,df_ml_nc_w_demo_ip
46,1,0.1,210,7,3137,372,df_ml_nc_w_demo_ip
46,2,0.1,2556,1,805,364,df_ml_nc_w_demo_ip
47,0,0.1,296,74,3064,285,df_ml_nc_w_demo_ip
47,1,0.1,282,31,3144,262,df_ml_nc_w_demo_ip
47,2,0.1,2655,46,710,308,df_ml_nc_w_demo_ip
48,0,0.1,264,0,3064,394,df_ml_nc_w_demo_ip
48,1,0.1,248,12,3121,341,df_ml_nc_w_demo_ip
48,2,0.1,2541,2,828,351,df_ml_nc_w_demo_ip
49,0,0.1,284,53,3074,313,df_ml_nc_w_demo_ip
49,1,0.1,209,4,3142,369,df_ml_nc_w_demo_ip
49,2,0.1,2560,15,775,374,df_ml_nc_w_demo_ip
50,0,0.1,261,28,3089,340,df_ml_nc_w_demo_ip
50,1,0.1,291,72,3080,275,df_ml_nc_w_demo_ip
50,2,0.1,2602,2,790,324,df_ml_nc_w_demo_ip
51,0,0.1,270,6,3102,344,df_ml_nc_w_demo_ip
51,1,0.1,260,50,3089,323,df_ml_nc_w_demo_ip
51,2,0.1,2516,8,800,398,df_ml_nc_w_demo_ip
52,0,0.1,355,118,2965,275,df_ml_nc_w_demo_ip
52,1,0.1,275,79,3063,296,df_ml_nc_w_demo_ip
52,2,0.1,2635,90,722,266,df_ml_nc_w_demo_ip
53,0,0.1,241,8,3094,377,df_ml_nc_w_demo_ip
53,1,0.1,207,1,3127,385,df_ml_nc_w_demo_ip
53,2,0.1,2545,0,813,362,df_ml_nc_w_demo_ip
54,0,0.1,253,1,3105,364,df_ml_nc_w_demo_ip
54,1,0.1,264,57,3086,316,df_ml_nc_w_demo_ip
54,2,0.1,2561,0,803,359,df_ml_nc_w_demo_ip
55,0,0.1,302,23,3085,323,df_ml_nc_w_demo_ip
55,1,0.1,232,13,3116,372,df_ml_nc_w_demo_ip
55,2,0.1,2564,0,813,356,df_ml_nc_w_demo_ip
56,0,0.1,286,22,3060,354,df_ml_nc_w_demo_ip
56,1,0.1,210,10,3118,384,df_ml_nc_w_demo_ip
56,2,0.1,2554,34,795,339,df_ml_nc_w_demo_ip
57,0,0.1,318,81,3040,284,df_ml_nc_w_demo_ip
57,1,0.1,249,48,3084,342,df_ml_nc_w_demo_ip
57,2,0.1,2590,22,779,332,df_ml_nc_w_demo_ip
58,0,0.1,307,23,3079,308,df_ml_nc_w_demo_ip
58,1,0.1,256,34,3102,325,df_ml_nc_w_demo_ip
58,2,0.1,2565,9,782,361,df_ml_nc_w_demo_ip
59,0,0.1,263,2,3117,347,df_ml_nc_w_demo_ip
59,1,0.1,226,19,3142,342,df_ml_nc_w_demo_ip
59,2,0.1,2583,0,793,353,df_ml_nc_w_demo_ip
60,0,0.1,236,30,3079,374,df_ml_nc_w_demo_ip
60,1,0.1,238,2,3106,373,df_ml_nc_w_demo_ip
60,2,0.1,2567,0,807,345,df_ml_nc_w_demo_ip
61,0,0.1,247,6,3081,389,df_ml_nc_w_demo_ip
61,1,0.1,235,4,3141,343,df_ml_nc_w_demo_ip
61,2,0.1,2557,17,801,348,df_ml_nc_w_demo_ip
62,0,0.1,273,34,3047,364,df_ml_nc_w_demo_ip
62,1,0.1,224,0,3136,358,df_ml_nc_w_demo_ip
62,2,0.1,2542,0,815,361,df_ml_nc_w_demo_ip
63,0,0.1,246,14,3107,354,df_ml_nc_w_demo_ip
63,1,0.1,227,2,3161,331,df_ml_nc_w_demo_ip
63,2,0.1,2598,1,783,339,df_ml_nc_w_demo_ip
64,0,0.1,365,50,3036,274,df_ml_nc_w_demo_ip
64,1,0.1,316,77,3036,296,df_ml_nc_w_demo_ip
64,2,0.1,2598,47,776,304,df_ml_nc_w_demo_ip
65,0,0.1,315,106,2997,303,df_ml_nc_w_demo_ip
65,1,0.1,245,17,3082,377,df_ml_nc_w_demo_ip
65,2,0.1,2572,58,776,315,df_ml_nc_w_demo_ip
66,0,0.1,291,26,3110,295,df_ml_nc_w_demo_ip
66,1,0.1,293,66,3068,295,df_ml_nc_w_demo_ip
66,2,0.1,2626,90,717,289,df_ml_nc_w_demo_ip
67,0,0.1,396,91,3009,224,df_ml_nc_w_demo_ip
67,1,0.1,319,102,3008,291,df_ml_nc_w_demo_ip
67,2,0.1,2586,92,725,317,df_ml_nc_w_demo_ip
68,0,0.1,319,84,3005,312,df_ml_nc_w_demo_ip
68,1,0.1,322,105,3014,279,df_ml_nc_w_demo_ip
68,2,0.1,2550,44,789,337,df_ml_nc_w_demo_ip
69,0,0.1,252,17,3065,391,df_ml_nc_w_demo_ip
69,1,0.1,219,0,3142,364,df_ml_nc_w_demo_ip
69,2,0.1,2507,1,822,395,df_ml_nc_w_demo_ip
70,0,0.1,280,14,3087,331,df_ml_nc_w_demo_ip
70,1,0.1,248,47,3087,330,df_ml_nc_w_demo_ip
70,2,0.1,2639,137,671,265,df_ml_nc_w_demo_ip
71,0,0.1,321,122,2982,298,df_ml_nc_w_demo_ip
71,1,0.1,246,50,3104,323,df_ml_nc_w_demo_ip
71,2,0.1,2629,55,752,287,df_ml_nc_w_demo_ip
72,0,0.1,256,23,3043,400,df_ml_nc_w_demo_ip
72,1,0.1,210,10,3108,394,df_ml_nc_w_demo_ip
72,2,0.1,2484,18,823,397,df_ml_nc_w_demo_ip
73,0,0.1,321,56,3047,299,df_ml_nc_w_demo_ip
73,1,0.1,199,34,3121,369,df_ml_nc_w_demo_ip
73,2,0.1,2568,29,771,355,df_ml_nc_w_demo_ip
74,0,0.1,256,1,3082,382,df_ml_nc_w_demo_ip
74,1,0.1,212,19,3115,375,df_ml_nc_w_demo_ip
74,2,0.1,2474,0,820,427,df_ml_nc_w_demo_ip
75,0,0.1,365,87,3014,254,df_ml_nc_w_demo_ip
75,1,0.1,297,99,3055,269,df_ml_nc_w_demo_ip
75,2,0.1,2539,17,779,385,df_ml_nc_w_demo_ip
76,0,0.1,215,8,3099,398,df_ml_nc_w_demo_ip
76,1,0.1,183,1,3149,387,df_ml_nc_w_demo_ip
76,2,0.1,2571,1,793,355,df_ml_nc_w_demo_ip
77,0,0.1,285,33,3083,321,df_ml_nc_w_demo_ip
77,1,0.1,244,64,3081,333,df_ml_nc_w_demo_ip
77,2,0.1,2574,12,783,353,df_ml_nc_w_demo_ip
78,0,0.1,354,106,3003,261,df_ml_nc_w_demo_ip
78,1,0.1,315,92,3044,273,df_ml_nc_w_demo_ip
78,2,0.1,2579,69,753,323,df_ml_nc_w_demo_ip
79,0,0.1,277,29,3066,349,df_ml_nc_w_demo_ip
79,1,0.1,234,28,3088,371,df_ml_nc_w_demo_ip
79,2,0.1,2554,39,792,336,df_ml_nc_w_demo_ip
80,0,0.1,289,63,3054,315,df_ml_nc_w_demo_ip
80,1,0.1,312,76,3047,286,df_ml_nc_w_demo_ip
80,2,0.1,2632,62,734,293,df_ml_nc_w_demo_ip
81,0,0.1,316,88,3042,276,df_ml_nc_w_demo_ip
81,1,0.1,291,71,3074,286,df_ml_nc_w_demo_ip
81,2,0.1,2653,76,717,276,df_ml_nc_w_demo_ip
82,0,0.1,309,83,3033,292,df_ml_nc_w_demo_ip
82,1,0.1,304,57,3065,291,df_ml_nc_w_demo_ip
82,2,0.1,2622,44,758,293,df_ml_nc_w_demo_ip
83,0,0.1,259,34,3072,356,df_ml_nc_w_demo_ip
83,1,0.1,220,3,3139,359,df_ml_nc_w_demo_ip
83,2,0.1,2588,0,797,336,df_ml_nc_w_demo_ip
84,0,0.1,304,44,3039,326,df_ml_nc_w_demo_ip
84,1,0.1,250,6,3094,363,df_ml_nc_w_demo_ip
84,2,0.1,2569,7,815,322,df_ml_nc_w_demo_ip
85,0,0.1,261,16,3071,371,df_ml_nc_w_demo_ip
85,1,0.1,244,7,3100,368,df_ml_nc_w_demo_ip
85,2,0.1,2560,20,806,333,df_ml_nc_w_demo_ip
86,0,0.1,292,50,3071,309,df_ml_nc_w_demo_ip
86,1,0.1,271,86,3051,314,df_ml_nc_w_demo_ip
86,2,0.1,2572,12,776,362,df_ml_nc_w_demo_ip
87,0,0.1,332,89,3049,258,df_ml_nc_w_demo_ip
87,1,0.1,306,111,3050,261,df_ml_nc_w_demo_ip
87,2,0.1,2648,81,699,300,df_ml_nc_w_demo_ip
88,0,0.1,306,89,3004,320,df_ml_nc_w_demo_ip
88,1,0.1,264,45,3094,316,df_ml_nc_w_demo_ip
88,2,0.1,2591,99,716,313,df_ml_nc_w_demo_ip
89,0,0.1,264,13,3091,357,df_ml_nc_w_demo_ip
89,1,0.1,213,23,3126,363,df_ml_nc_w_demo_ip
89,2,0.1,2530,4,795,396,df_ml_nc_w_demo_ip
90,0,0.1,253,6,3085,382,df_ml_nc_w_demo_ip
90,1,0.1,176,4,3143,403,df_ml_nc_w_demo_ip
90,2,0.1,2545,1,810,370,df_ml_nc_w_demo_ip
91,0,0.1,301,67,3054,306,df_ml_nc_w_demo_ip
91,1,0.1,270,81,3092,285,df_ml_nc_w_demo_ip
91,2,0.1,2602,22,763,341,df_ml_nc_w_demo_ip
92,0,0.1,321,71,3039,287,df_ml_nc_w_demo_ip
92,1,0.1,215,22,3107,374,df_ml_nc_w_demo_ip
92,2,0.1,2527,28,784,379,df_ml_nc_w_demo_ip
93,0,0.1,259,11,3123,331,df_ml_nc_w_demo_ip
93,1,0.1,213,6,3172,333,df_ml_nc_w_demo_ip
93,2,0.1,2573,9,764,378,df_ml_nc_w_demo_ip
94,0,0.1,274,33,3056,360,df_ml_nc_w_demo_ip
94,1,0.1,216,20,3099,388,df_ml_nc_w_demo_ip
94,2,0.1,2552,66,759,346,df_ml_nc_w_demo_ip
95,0,0.1,269,27,3067,363,df_ml_nc_w_demo_ip
95,1,0.1,200,0,3124,402,df_ml_nc_w_demo_ip
95,2,0.1,2567,3,817,339,df_ml_nc_w_demo_ip
96,0,0.1,328,93,3032,272,df_ml_nc_w_demo_ip
96,1,0.1,308,129,3035,253,df_ml_nc_w_demo_ip
96,2,0.1,2629,61,720,315,df_ml_nc_w_demo_ip
97,0,0.1,307,46,3048,326,df_ml_nc_w_demo_ip
97,1,0.1,251,54,3080,342,df_ml_nc_w_demo_ip
97,2,0.1,2583,19,810,315,df_ml_nc_w_demo_ip
98,0,0.1,273,10,3093,341,df_ml_nc_w_demo_ip
98,1,0.1,242,0,3127,348,df_ml_nc_w_demo_ip
98,2,0.1,2505,5,808,399,df_ml_nc_w_demo_ip
99,0,0.1,333,77,3024,287,df_ml_nc_w_demo_ip
99,1,0.1,215,2,3129,375,df_ml_nc_w_demo_ip
99,2,0.1,2557,15,794,355,df_ml_nc_w_demo_ip
0,0,0.25,3,326,2751,646,df_ml_nc_w_demo_ip
0,1,0.25,16,362,2800,548,df_ml_nc_w_demo_ip
0,2,0.25,2029,51,744,902,df_ml_nc_w_demo_ip
1,0,0.25,48,370,2747,564,df_ml_nc_w_demo_ip
1,1,0.25,0,360,2820,549,df_ml_nc_w_demo_ip
1,2,0.25,1997,4,781,947,df_ml_nc_w_demo_ip
2,0,0.25,73,445,2680,521,df_ml_nc_w_demo_ip
2,1,0.25,57,393,2781,488,df_ml_nc_w_demo_ip
2,2,0.25,2156,67,706,790,df_ml_nc_w_demo_ip
3,0,0.25,58,342,2755,568,df_ml_nc_w_demo_ip
3,1,0.25,83,413,2716,511,df_ml_nc_w_demo_ip
3,2,0.25,2102,119,700,802,df_ml_nc_w_demo_ip
4,0,0.25,25,306,2813,582,df_ml_nc_w_demo_ip
4,1,0.25,4,310,2839,573,df_ml_nc_w_demo_ip
4,2,0.25,2080,12,774,860,df_ml_nc_w_demo_ip
5,0,0.25,38,327,2792,566,df_ml_nc_w_demo_ip
5,1,0.25,4,394,2724,601,df_ml_nc_w_demo_ip
5,2,0.25,2007,0,820,896,df_ml_nc_w_demo_ip
6,0,0.25,22,340,2789,571,df_ml_nc_w_demo_ip
6,1,0.25,8,358,2776,580,df_ml_nc_w_demo_ip
6,2,0.25,2055,13,762,892,df_ml_nc_w_demo_ip
7,0,0.25,5,311,2825,579,df_ml_nc_w_demo_ip
7,1,0.25,2,330,2803,585,df_ml_nc_w_demo_ip
7,2,0.25,2025,10,767,918,df_ml_nc_w_demo_ip
8,0,0.25,3,292,2838,591,df_ml_nc_w_demo_ip
8,1,0.25,3,376,2809,536,df_ml_nc_w_demo_ip
8,2,0.25,2036,5,765,918,df_ml_nc_w_demo_ip
9,0,0.25,5,312,2809,596,df_ml_nc_w_demo_ip
9,1,0.25,6,322,2828,566,df_ml_nc_w_demo_ip
9,2,0.25,2030,15,784,893,df_ml_nc_w_demo_ip
10,0,0.25,152,485,2622,458,df_ml_nc_w_demo_ip
10,1,0.25,121,465,2673,458,df_ml_nc_w_demo_ip
10,2,0.25,2233,287,519,678,df_ml_nc_w_demo_ip
11,0,0.25,123,440,2688,469,df_ml_nc_w_demo_ip
11,1,0.25,115,469,2700,436,df_ml_nc_w_demo_ip
11,2,0.25,2133,155,620,812,df_ml_nc_w_demo_ip
12,0,0.25,132,426,2663,495,df_ml_nc_w_demo_ip
12,1,0.25,23,424,2679,590,df_ml_nc_w_demo_ip
12,2,0.25,2012,51,785,868,df_ml_nc_w_demo_ip
13,0,0.25,57,398,2700,573,df_ml_nc_w_demo_ip
13,1,0.25,38,368,2748,574,df_ml_nc_w_demo_ip
13,2,0.25,2142,131,696,759,df_ml_nc_w_demo_ip
14,0,0.25,164,509,2622,417,df_ml_nc_w_demo_ip
14,1,0.25,61,413,2745,493,df_ml_nc_w_demo_ip
14,2,0.25,2109,75,693,835,df_ml_nc_w_demo_ip
15,0,0.25,149,538,2552,483,df_ml_nc_w_demo_ip
15,1,0.25,85,475,2665,497,df_ml_nc_w_demo_ip
15,2,0.25,2091,138,679,814,df_ml_nc_w_demo_ip
16,0,0.25,80,417,2717,508,df_ml_nc_w_demo_ip
16,1,0.25,59,436,2716,511,df_ml_nc_w_demo_ip
16,2,0.25,2037,44,741,900,df_ml_nc_w_demo_ip
17,0,0.25,80,418,2671,550,df_ml_nc_w_demo_ip
17,1,0.25,37,392,2751,539,df_ml_nc_w_demo_ip
17,2,0.25,1935,7,806,971,df_ml_nc_w_demo_ip
18,0,0.25,64,368,2766,520,df_ml_nc_w_demo_ip
18,1,0.25,0,361,2808,549,df_ml_nc_w_demo_ip
18,2,0.25,2044,37,726,911,df_ml_nc_w_demo_ip
19,0,0.25,7,319,2788,608,df_ml_nc_w_demo_ip
19,1,0.25,4,320,2834,564,df_ml_nc_w_demo_ip
19,2,0.25,1996,5,788,933,df_ml_nc_w_demo_ip
20,0,0.25,86,431,2675,529,df_ml_nc_w_demo_ip
20,1,0.25,51,401,2737,532,df_ml_nc_w_demo_ip
20,2,0.25,2092,107,704,818,df_ml_nc_w_demo_ip
21,0,0.25,93,452,2641,533,df_ml_nc_w_demo_ip
21,1,0.25,107,403,2731,478,df_ml_nc_w_demo_ip
21,2,0.25,2054,68,739,858,df_ml_nc_w_demo_ip
22,0,0.25,24,328,2776,594,df_ml_nc_w_demo_ip
22,1,0.25,0,341,2764,617,df_ml_nc_w_demo_ip
22,2,0.25,1968,4,827,923,df_ml_nc_w_demo_ip
23,0,0.25,72,390,2727,542,df_ml_nc_w_demo_ip
23,1,0.25,142,527,2618,444,df_ml_nc_w_demo_ip
23,2,0.25,2155,201,593,782,df_ml_nc_w_demo_ip
24,0,0.25,171,480,2616,456,df_ml_nc_w_demo_ip
24,1,0.25,128,401,2725,469,df_ml_nc_w_demo_ip
24,2,0.25,2167,104,724,728,df_ml_nc_w_demo_ip
25,0,0.25,23,321,2785,595,df_ml_nc_w_demo_ip
25,1,0.25,7,356,2774,587,df_ml_nc_w_demo_ip
25,2,0.25,2202,198,615,709,df_ml_nc_w_demo_ip
26,0,0.25,65,349,2723,584,df_ml_nc_w_demo_ip
26,1,0.25,74,435,2660,552,df_ml_nc_w_demo_ip
26,2,0.25,2093,39,792,797,df_ml_nc_w_demo_ip
27,0,0.25,27,342,2783,569,df_ml_nc_w_demo_ip
27,1,0.25,10,321,2842,548,df_ml_nc_w_demo_ip
27,2,0.25,2043,13,748,917,df_ml_nc_w_demo_ip
28,0,0.25,70,369,2716,566,df_ml_nc_w_demo_ip
28,1,0.25,105,442,2700,474,df_ml_nc_w_demo_ip
28,2,0.25,2191,167,638,725,df_ml_nc_w_demo_ip
29,0,0.25,56,372,2766,533,df_ml_nc_w_demo_ip
29,1,0.25,154,503,2626,444,df_ml_nc_w_demo_ip
29,2,0.25,2064,57,739,867,df_ml_nc_w_demo_ip
30,0,0.25,3,335,2805,581,df_ml_nc_w_demo_ip
30,1,0.25,19,383,2798,524,df_ml_nc_w_demo_ip
30,2,0.25,2047,36,720,921,df_ml_nc_w_demo_ip
31,0,0.25,34,344,2774,576,df_ml_nc_w_demo_ip
31,1,0.25,16,348,2806,558,df_ml_nc_w_demo_ip
31,2,0.25,2405,354,447,522,df_ml_nc_w_demo_ip
32,0,0.25,175,473,2628,448,df_ml_nc_w_demo_ip
32,1,0.25,56,397,2727,544,df_ml_nc_w_demo_ip
32,2,0.25,2112,102,721,789,df_ml_nc_w_demo_ip
33,0,0.25,11,323,2801,587,df_ml_nc_w_demo_ip
33,1,0.25,0,302,2847,573,df_ml_nc_w_demo_ip
33,2,0.25,2040,15,767,900,df_ml_nc_w_demo_ip
34,0,0.25,64,353,2760,545,df_ml_nc_w_demo_ip
34,1,0.25,8,339,2809,566,df_ml_nc_w_demo_ip
34,2,0.25,2026,31,778,887,df_ml_nc_w_demo_ip
35,0,0.25,18,276,2853,582,df_ml_nc_w_demo_ip
35,1,0.25,19,315,2825,570,df_ml_nc_w_demo_ip
35,2,0.25,2190,217,594,728,df_ml_nc_w_demo_ip
36,0,0.25,8,333,2757,625,df_ml_nc_w_demo_ip
36,1,0.25,1,400,2715,607,df_ml_nc_w_demo_ip
36,2,0.25,2022,7,830,864,df_ml_nc_w_demo_ip
37,0,0.25,73,396,2708,538,df_ml_nc_w_demo_ip
37,1,0.25,10,330,2805,570,df_ml_nc_w_demo_ip
37,2,0.25,1980,22,789,924,df_ml_nc_w_demo_ip
38,0,0.25,11,320,2800,593,df_ml_nc_w_demo_ip
38,1,0.25,0,373,2773,578,df_ml_nc_w_demo_ip
38,2,0.25,2071,16,766,871,df_ml_nc_w_demo_ip
39,0,0.25,45,357,2731,596,df_ml_nc_w_demo_ip
39,1,0.25,24,420,2705,580,df_ml_nc_w_demo_ip
39,2,0.25,2134,115,715,765,df_ml_nc_w_demo_ip
40,0,0.25,0,279,2812,626,df_ml_nc_w_demo_ip
40,1,0.25,35,362,2752,568,df_ml_nc_w_demo_ip
40,2,0.25,1949,6,810,952,df_ml_nc_w_demo_ip
41,0,0.25,100,383,2756,477,df_ml_nc_w_demo_ip
41,1,0.25,173,490,2678,375,df_ml_nc_w_demo_ip
41,2,0.25,2113,103,654,846,df_ml_nc_w_demo_ip
42,0,0.25,177,440,2649,463,df_ml_nc_w_demo_ip
42,1,0.25,83,398,2727,521,df_ml_nc_w_demo_ip
42,2,0.25,2180,192,631,726,df_ml_nc_w_demo_ip
43,0,0.25,203,573,2546,401,df_ml_nc_w_demo_ip
43,1,0.25,171,508,2643,401,df_ml_nc_w_demo_ip
43,2,0.25,2086,114,659,864,df_ml_nc_w_demo_ip
44,0,0.25,1,325,2789,609,df_ml_nc_w_demo_ip
44,1,0.25,0,319,2811,594,df_ml_nc_w_demo_ip
44,2,0.25,1999,4,813,908,df_ml_nc_w_demo_ip
45,0,0.25,9,287,2844,583,df_ml_nc_w_demo_ip
45,1,0.25,17,369,2772,565,df_ml_nc_w_demo_ip
45,2,0.25,2041,9,780,893,df_ml_nc_w_demo_ip
46,0,0.25,32,330,2791,573,df_ml_nc_w_demo_ip
46,1,0.25,4,343,2801,578,df_ml_nc_w_demo_ip
46,2,0.25,1996,2,804,924,df_ml_nc_w_demo_ip
47,0,0.25,133,420,2718,448,df_ml_nc_w_demo_ip
47,1,0.25,71,443,2732,473,df_ml_nc_w_demo_ip
47,2,0.25,2126,136,620,837,df_ml_nc_w_demo_ip
48,0,0.25,11,296,2768,647,df_ml_nc_w_demo_ip
48,1,0.25,32,363,2770,557,df_ml_nc_w_demo_ip
48,2,0.25,1978,19,811,914,df_ml_nc_w_demo_ip
49,0,0.25,53,429,2698,544,df_ml_nc_w_demo_ip
49,1,0.25,13,384,2762,565,df_ml_nc_w_demo_ip
49,2,0.25,2047,59,731,887,df_ml_nc_w_demo_ip
50,0,0.25,64,417,2700,537,df_ml_nc_w_demo_ip
50,1,0.25,125,471,2681,441,df_ml_nc_w_demo_ip
50,2,0.25,2028,16,776,898,df_ml_nc_w_demo_ip
51,0,0.25,17,348,2760,597,df_ml_nc_w_demo_ip
51,1,0.25,78,416,2723,505,df_ml_nc_w_demo_ip
51,2,0.25,1967,33,775,947,df_ml_nc_w_demo_ip
52,0,0.25,168,482,2601,462,df_ml_nc_w_demo_ip
52,1,0.25,89,408,2734,482,df_ml_nc_w_demo_ip
52,2,0.25,2185,178,634,716,df_ml_nc_w_demo_ip
53,0,0.25,22,347,2755,596,df_ml_nc_w_demo_ip
53,1,0.25,2,327,2801,590,df_ml_nc_w_demo_ip
53,2,0.25,1986,6,807,921,df_ml_nc_w_demo_ip
54,0,0.25,0,295,2811,617,df_ml_nc_w_demo_ip
54,1,0.25,103,437,2706,477,df_ml_nc_w_demo_ip
54,2,0.25,1939,1,802,981,df_ml_nc_w_demo_ip
55,0,0.25,40,321,2787,585,df_ml_nc_w_demo_ip
55,1,0.25,27,405,2724,577,df_ml_nc_w_demo_ip
55,2,0.25,1969,6,807,951,df_ml_nc_w_demo_ip
56,0,0.25,33,369,2713,607,df_ml_nc_w_demo_ip
56,1,0.25,13,365,2763,581,df_ml_nc_w_demo_ip
56,2,0.25,2042,77,752,851,df_ml_nc_w_demo_ip
57,0,0.25,99,399,2722,503,df_ml_nc_w_demo_ip
57,1,0.25,49,409,2723,542,df_ml_nc_w_demo_ip
57,2,0.25,2024,49,752,898,df_ml_nc_w_demo_ip
58,0,0.25,79,369,2733,536,df_ml_nc_w_demo_ip
58,1,0.25,48,412,2724,533,df_ml_nc_w_demo_ip
58,2,0.25,2032,24,767,894,df_ml_nc_w_demo_ip
59,0,0.25,20,299,2820,590,df_ml_nc_w_demo_ip
59,1,0.25,16,368,2793,552,df_ml_nc_w_demo_ip
59,2,0.25,2047,24,769,889,df_ml_nc_w_demo_ip
60,0,0.25,16,291,2818,594,df_ml_nc_w_demo_ip
60,1,0.25,4,357,2751,607,df_ml_nc_w_demo_ip
60,2,0.25,1987,6,801,925,df_ml_nc_w_demo_ip
61,0,0.25,4,347,2740,632,df_ml_nc_w_demo_ip
61,1,0.25,1,356,2789,577,df_ml_nc_w_demo_ip
61,2,0.25,1955,52,766,950,df_ml_nc_w_demo_ip
62,0,0.25,51,356,2725,586,df_ml_nc_w_demo_ip
62,1,0.25,0,377,2759,582,df_ml_nc_w_demo_ip
62,2,0.25,1982,0,815,921,df_ml_nc_w_demo_ip
63,0,0.25,17,335,2786,583,df_ml_nc_w_demo_ip
63,1,0.25,1,337,2826,557,df_ml_nc_w_demo_ip
63,2,0.25,2011,3,781,926,df_ml_nc_w_demo_ip
64,0,0.25,110,417,2669,529,df_ml_nc_w_demo_ip
64,1,0.25,69,414,2699,543,df_ml_nc_w_demo_ip
64,2,0.25,2143,115,708,759,df_ml_nc_w_demo_ip
65,0,0.25,128,496,2607,490,df_ml_nc_w_demo_ip
65,1,0.25,17,399,2700,605,df_ml_nc_w_demo_ip
65,2,0.25,2151,169,665,736,df_ml_nc_w_demo_ip
66,0,0.25,44,342,2794,542,df_ml_nc_w_demo_ip
66,1,0.25,78,365,2769,510,df_ml_nc_w_demo_ip
66,2,0.25,2227,189,618,688,df_ml_nc_w_demo_ip
67,0,0.25,189,440,2660,431,df_ml_nc_w_demo_ip
67,1,0.25,131,455,2655,479,df_ml_nc_w_demo_ip
67,2,0.25,2116,168,649,787,df_ml_nc_w_demo_ip
68,0,0.25,127,440,2649,504,df_ml_nc_w_demo_ip
68,1,0.25,141,465,2654,460,df_ml_nc_w_demo_ip
68,2,0.25,2096,117,716,791,df_ml_nc_w_demo_ip
69,0,0.25,10,328,2754,633,df_ml_nc_w_demo_ip
69,1,0.25,2,266,2876,581,df_ml_nc_w_demo_ip
69,2,0.25,2020,3,820,882,df_ml_nc_w_demo_ip
70,0,0.25,39,340,2761,572,df_ml_nc_w_demo_ip
70,1,0.25,77,415,2719,501,df_ml_nc_w_demo_ip
70,2,0.25,2169,215,593,735,df_ml_nc_w_demo_ip
71,0,0.25,139,497,2607,480,df_ml_nc_w_demo_ip
71,1,0.25,72,374,2780,497,df_ml_nc_w_demo_ip
71,2,0.25,2114,142,665,802,df_ml_nc_w_demo_ip
72,0,0.25,42,420,2646,614,df_ml_nc_w_demo_ip
72,1,0.25,8,375,2743,596,df_ml_nc_w_demo_ip
72,2,0.25,1990,49,792,891,df_ml_nc_w_demo_ip
73,0,0.25,122,410,2693,498,df_ml_nc_w_demo_ip
73,1,0.25,29,419,2736,539,df_ml_nc_w_demo_ip
73,2,0.25,2085,80,720,838,df_ml_nc_w_demo_ip
74,0,0.25,3,350,2733,635,df_ml_nc_w_demo_ip
74,1,0.25,2,352,2782,585,df_ml_nc_w_demo_ip
74,2,0.25,1918,3,817,983,df_ml_nc_w_demo_ip
75,0,0.25,138,414,2687,481,df_ml_nc_w_demo_ip
75,1,0.25,93,479,2675,473,df_ml_nc_w_demo_ip
75,2,0.25,2032,62,734,892,df_ml_nc_w_demo_ip
76,0,0.25,22,377,2730,591,df_ml_nc_w_demo_ip
76,1,0.25,3,360,2790,567,df_ml_nc_w_demo_ip
76,2,0.25,1979,9,785,947,df_ml_nc_w_demo_ip
77,0,0.25,66,350,2766,540,df_ml_nc_w_demo_ip
77,1,0.25,56,400,2745,521,df_ml_nc_w_demo_ip
77,2,0.25,2046,42,753,881,df_ml_nc_w_demo_ip
78,0,0.25,162,443,2666,453,df_ml_nc_w_demo_ip
78,1,0.25,105,495,2641,483,df_ml_nc_w_demo_ip
78,2,0.25,2137,166,656,765,df_ml_nc_w_demo_ip
79,0,0.25,41,317,2778,585,df_ml_nc_w_demo_ip
79,1,0.25,50,395,2721,555,df_ml_nc_w_demo_ip
79,2,0.25,2030,102,729,860,df_ml_nc_w_demo_ip
80,0,0.25,85,422,2695,519,df_ml_nc_w_demo_ip
80,1,0.25,115,419,2704,483,df_ml_nc_w_demo_ip
80,2,0.25,2150,153,643,775,df_ml_nc_w_demo_ip
81,0,0.25,133,383,2747,459,df_ml_nc_w_demo_ip
81,1,0.25,87,423,2722,490,df_ml_nc_w_demo_ip
81,2,0.25,2222,163,630,707,df_ml_nc_w_demo_ip
82,0,0.25,139,464,2652,462,df_ml_nc_w_demo_ip
82,1,0.25,85,414,2708,510,df_ml_nc_w_demo_ip
82,2,0.25,2112,92,710,803,df_ml_nc_w_demo_ip
83,0,0.25,28,337,2769,587,df_ml_nc_w_demo_ip
83,1,0.25,3,356,2786,576,df_ml_nc_w_demo_ip
83,2,0.25,2000,5,792,924,df_ml_nc_w_demo_ip
84,0,0.25,68,388,2695,562,df_ml_nc_w_demo_ip
84,1,0.25,5,340,2760,608,df_ml_nc_w_demo_ip
84,2,0.25,1990,13,809,901,df_ml_nc_w_demo_ip
85,0,0.25,27,335,2752,605,df_ml_nc_w_demo_ip
85,1,0.25,8,345,2762,604,df_ml_nc_w_demo_ip
85,2,0.25,2060,70,756,833,df_ml_nc_w_demo_ip
86,0,0.25,84,413,2708,517,df_ml_nc_w_demo_ip
86,1,0.25,103,431,2706,482,df_ml_nc_w_demo_ip
86,2,0.25,2010,31,757,924,df_ml_nc_w_demo_ip
87,0,0.25,149,452,2686,441,df_ml_nc_w_demo_ip
87,1,0.25,133,507,2654,434,df_ml_nc_w_demo_ip
87,2,0.25,2168,203,577,780,df_ml_nc_w_demo_ip
88,0,0.25,95,445,2648,531,df_ml_nc_w_demo_ip
88,1,0.25,82,429,2710,498,df_ml_nc_w_demo_ip
88,2,0.25,2170,204,611,734,df_ml_nc_w_demo_ip
89,0,0.25,8,335,2769,613,df_ml_nc_w_demo_ip
89,1,0.25,22,359,2790,554,df_ml_nc_w_demo_ip
89,2,0.25,1955,13,786,971,df_ml_nc_w_demo_ip
90,0,0.25,8,322,2769,627,df_ml_nc_w_demo_ip
90,1,0.25,1,379,2768,578,df_ml_nc_w_demo_ip
90,2,0.25,2006,2,809,909,df_ml_nc_w_demo_ip
91,0,0.25,115,416,2705,492,df_ml_nc_w_demo_ip
91,1,0.25,91,417,2756,464,df_ml_nc_w_demo_ip
91,2,0.25,2089,84,701,854,df_ml_nc_w_demo_ip
92,0,0.25,108,455,2655,500,df_ml_nc_w_demo_ip
92,1,0.25,41,404,2725,548,df_ml_nc_w_demo_ip
92,2,0.25,2001,71,741,905,df_ml_nc_w_demo_ip
93,0,0.25,35,337,2797,555,df_ml_nc_w_demo_ip
93,1,0.25,7,342,2836,539,df_ml_nc_w_demo_ip
93,2,0.25,2075,23,750,876,df_ml_nc_w_demo_ip
94,0,0.25,18,388,2701,616,df_ml_nc_w_demo_ip
94,1,0.25,16,401,2718,588,df_ml_nc_w_demo_ip
94,2,0.25,2139,178,647,759,df_ml_nc_w_demo_ip
95,0,0.25,49,379,2715,583,df_ml_nc_w_demo_ip
95,1,0.25,1,395,2729,601,df_ml_nc_w_demo_ip
95,2,0.25,2018,13,807,888,df_ml_nc_w_demo_ip
96,0,0.25,120,447,2678,480,df_ml_nc_w_demo_ip
96,1,0.25,142,498,2666,419,df_ml_nc_w_demo_ip
96,2,0.25,2099,120,661,845,df_ml_nc_w_demo_ip
97,0,0.25,71,379,2715,562,df_ml_nc_w_demo_ip
97,1,0.25,78,426,2708,515,df_ml_nc_w_demo_ip
97,2,0.25,2056,50,779,842,df_ml_nc_w_demo_ip
98,0,0.25,14,313,2790,600,df_ml_nc_w_demo_ip
98,1,0.25,0,307,2820,590,df_ml_nc_w_demo_ip
98,2,0.25,1985,12,801,919,df_ml_nc_w_demo_ip
99,0,0.25,170,452,2649,450,df_ml_nc_w_demo_ip
99,1,0.25,4,335,2796,586,df_ml_nc_w_demo_ip
99,2,0.25,2013,41,768,899,df_ml_nc_w_demo_ip
0,0,0.1,244,1,3076,405,df_ml_nc_wo_demo_ip
0,1,0.1,224,10,3152,340,df_ml_nc_wo_demo_ip
0,2,0.1,2569,4,791,362,df_ml_nc_wo_demo_ip
1,0,0.1,311,77,3040,301,df_ml_nc_wo_demo_ip
1,1,0.1,215,13,3167,334,df_ml_nc_wo_demo_ip
1,2,0.1,2549,1,784,395,df_ml_nc_wo_demo_ip
2,0,0.1,282,74,3051,312,df_ml_nc_wo_demo_ip
2,1,0.1,244,30,3144,301,df_ml_nc_wo_demo_ip
2,2,0.1,2567,12,761,379,df_ml_nc_wo_demo_ip
3,0,0.1,340,83,3014,286,df_ml_nc_wo_demo_ip
3,1,0.1,296,97,3032,298,df_ml_nc_wo_demo_ip
3,2,0.1,2544,58,761,360,df_ml_nc_wo_demo_ip
4,0,0.1,289,12,3107,318,df_ml_nc_wo_demo_ip
4,1,0.1,221,3,3146,356,df_ml_nc_wo_demo_ip
4,2,0.1,2605,17,769,335,df_ml_nc_wo_demo_ip
5,0,0.1,351,84,3035,253,df_ml_nc_wo_demo_ip
5,1,0.1,312,47,3071,293,df_ml_nc_wo_demo_ip
5,2,0.1,2555,13,807,348,df_ml_nc_wo_demo_ip
6,0,0.1,309,104,3025,284,df_ml_nc_wo_demo_ip
6,1,0.1,273,47,3087,315,df_ml_nc_wo_demo_ip
6,2,0.1,2618,34,741,329,df_ml_nc_wo_demo_ip
7,0,0.1,222,0,3136,362,df_ml_nc_wo_demo_ip
7,1,0.1,203,4,3129,384,df_ml_nc_wo_demo_ip
7,2,0.1,2567,0,777,376,df_ml_nc_wo_demo_ip
8,0,0.1,251,3,3127,343,df_ml_nc_wo_demo_ip
8,1,0.1,224,16,3169,315,df_ml_nc_wo_demo_ip
8,2,0.1,2561,0,770,393,df_ml_nc_wo_demo_ip
9,0,0.1,285,95,3026,316,df_ml_nc_wo_demo_ip
9,1,0.1,212,23,3127,360,df_ml_nc_wo_demo_ip
9,2,0.1,2577,4,795,346,df_ml_nc_wo_demo_ip
10,0,0.1,355,69,3038,255,df_ml_nc_wo_demo_ip
10,1,0.1,234,20,3118,345,df_ml_nc_wo_demo_ip
10,2,0.1,2587,18,788,324,df_ml_nc_wo_demo_ip
11,0,0.1,317,50,3078,275,df_ml_nc_wo_demo_ip
11,1,0.1,266,54,3115,285,df_ml_nc_wo_demo_ip
11,2,0.1,2568,9,766,377,df_ml_nc_wo_demo_ip
12,0,0.1,307,79,3010,320,df_ml_nc_wo_demo_ip
12,1,0.1,251,22,3081,362,df_ml_nc_wo_demo_ip
12,2,0.1,2522,7,829,358,df_ml_nc_wo_demo_ip
13,0,0.1,317,99,2999,313,df_ml_nc_wo_demo_ip
13,1,0.1,279,19,3097,333,df_ml_nc_wo_demo_ip
13,2,0.1,2501,2,825,400,df_ml_nc_wo_demo_ip
14,0,0.1,333,79,3052,248,df_ml_nc_wo_demo_ip
14,1,0.1,254,47,3111,300,df_ml_nc_wo_demo_ip
14,2,0.1,2597,36,732,347,df_ml_nc_wo_demo_ip
15,0,0.1,317,127,2963,315,df_ml_nc_wo_demo_ip
15,1,0.1,273,46,3094,309,df_ml_nc_wo_demo_ip
15,2,0.1,2528,33,784,377,df_ml_nc_wo_demo_ip
16,0,0.1,301,62,3072,287,df_ml_nc_wo_demo_ip
16,1,0.1,257,37,3115,313,df_ml_nc_wo_demo_ip
16,2,0.1,2566,5,780,371,df_ml_nc_wo_demo_ip
17,0,0.1,354,102,2987,276,df_ml_nc_wo_demo_ip
17,1,0.1,298,97,3046,278,df_ml_nc_wo_demo_ip
17,2,0.1,2598,66,747,308,df_ml_nc_wo_demo_ip
18,0,0.1,248,36,3098,336,df_ml_nc_wo_demo_ip
18,1,0.1,212,1,3168,337,df_ml_nc_wo_demo_ip
18,2,0.1,2544,4,759,411,df_ml_nc_wo_demo_ip
19,0,0.1,236,12,3095,379,df_ml_nc_wo_demo_ip
19,1,0.1,280,105,3049,288,df_ml_nc_wo_demo_ip
19,2,0.1,2572,2,791,357,df_ml_nc_wo_demo_ip
20,0,0.1,346,93,3013,269,df_ml_nc_wo_demo_ip
20,1,0.1,272,73,3065,311,df_ml_nc_wo_demo_ip
20,2,0.1,2569,60,751,341,df_ml_nc_wo_demo_ip
21,0,0.1,302,108,2985,324,df_ml_nc_wo_demo_ip
21,1,0.1,288,95,3039,297,df_ml_nc_wo_demo_ip
21,2,0.1,2554,48,759,358,df_ml_nc_wo_demo_ip
22,0,0.1,391,127,2977,227,df_ml_nc_wo_demo_ip
22,1,0.1,304,51,3054,313,df_ml_nc_wo_demo_ip
22,2,0.1,2650,127,704,241,df_ml_nc_wo_demo_ip
23,0,0.1,249,35,3082,365,df_ml_nc_wo_demo_ip
23,1,0.1,219,3,3142,367,df_ml_nc_wo_demo_ip
23,2,0.1,2574,0,794,363,df_ml_nc_wo_demo_ip
24,0,0.1,319,139,2957,308,df_ml_nc_wo_demo_ip
24,1,0.1,294,59,3067,303,df_ml_nc_wo_demo_ip
24,2,0.1,2605,12,816,290,df_ml_nc_wo_demo_ip
25,0,0.1,225,6,3100,393,df_ml_nc_wo_demo_ip
25,1,0.1,206,9,3121,388,df_ml_nc_wo_demo_ip
25,2,0.1,2605,49,764,306,df_ml_nc_wo_demo_ip
26,0,0.1,285,37,3035,364,df_ml_nc_wo_demo_ip
26,1,0.1,270,51,3044,356,df_ml_nc_wo_demo_ip
26,2,0.1,2526,5,826,364,df_ml_nc_wo_demo_ip
27,0,0.1,314,55,3070,282,df_ml_nc_wo_demo_ip
27,1,0.1,225,41,3122,333,df_ml_nc_wo_demo_ip
27,2,0.1,2585,14,747,375,df_ml_nc_wo_demo_ip
28,0,0.1,306,46,3039,330,df_ml_nc_wo_demo_ip
28,1,0.1,312,93,3049,267,df_ml_nc_wo_demo_ip
28,2,0.1,2612,67,738,304,df_ml_nc_wo_demo_ip
29,0,0.1,296,45,3093,293,df_ml_nc_wo_demo_ip
29,1,0.1,235,24,3105,363,df_ml_nc_wo_demo_ip
29,2,0.1,2590,2,794,341,df_ml_nc_wo_demo_ip
30,0,0.1,216,0,3140,368,df_ml_nc_wo_demo_ip
30,1,0.1,200,2,3179,343,df_ml_nc_wo_demo_ip
30,2,0.1,2561,0,756,407,df_ml_nc_wo_demo_ip
31,0,0.1,269,33,3085,341,df_ml_nc_wo_demo_ip
31,1,0.1,227,14,3140,347,df_ml_nc_wo_demo_ip
31,2,0.1,2643,90,711,284,df_ml_nc_wo_demo_ip
32,0,0.1,294,67,3034,329,df_ml_nc_wo_demo_ip
32,1,0.1,246,33,3091,354,df_ml_nc_wo_demo_ip
32,2,0.1,2547,36,787,354,df_ml_nc_wo_demo_ip
33,0,0.1,223,0,3124,375,df_ml_nc_wo_demo_ip
33,1,0.1,213,0,3149,360,df_ml_nc_wo_demo_ip
33,2,0.1,2537,9,773,403,df_ml_nc_wo_demo_ip
34,0,0.1,354,113,3000,255,df_ml_nc_wo_demo_ip
34,1,0.1,265,63,3085,309,df_ml_nc_wo_demo_ip
34,2,0.1,2580,26,783,333,df_ml_nc_wo_demo_ip
35,0,0.1,264,17,3112,336,df_ml_nc_wo_demo_ip
35,1,0.1,245,5,3135,344,df_ml_nc_wo_demo_ip
35,2,0.1,2548,23,788,370,df_ml_nc_wo_demo_ip
36,0,0.1,251,23,3067,382,df_ml_nc_wo_demo_ip
36,1,0.1,187,4,3111,421,df_ml_nc_wo_demo_ip
36,2,0.1,2529,0,837,357,df_ml_nc_wo_demo_ip
37,0,0.1,236,41,3063,375,df_ml_nc_wo_demo_ip
37,1,0.1,203,17,3118,377,df_ml_nc_wo_demo_ip
37,2,0.1,2595,4,807,309,df_ml_nc_wo_demo_ip
38,0,0.1,252,10,3110,352,df_ml_nc_wo_demo_ip
38,1,0.1,215,0,3146,363,df_ml_nc_wo_demo_ip
38,2,0.1,2573,11,771,369,df_ml_nc_wo_demo_ip
39,0,0.1,258,38,3050,383,df_ml_nc_wo_demo_ip
39,1,0.1,255,36,3089,349,df_ml_nc_wo_demo_ip
39,2,0.1,2558,10,820,341,df_ml_nc_wo_demo_ip
40,0,0.1,321,51,3040,305,df_ml_nc_wo_demo_ip
40,1,0.1,312,59,3055,291,df_ml_nc_wo_demo_ip
40,2,0.1,2571,36,780,330,df_ml_nc_wo_demo_ip
41,0,0.1,266,54,3085,311,df_ml_nc_wo_demo_ip
41,1,0.1,210,20,3148,338,df_ml_nc_wo_demo_ip
41,2,0.1,2563,13,744,396,df_ml_nc_wo_demo_ip
42,0,0.1,336,59,3030,304,df_ml_nc_wo_demo_ip
42,1,0.1,272,36,3089,332,df_ml_nc_wo_demo_ip
42,2,0.1,2560,40,783,346,df_ml_nc_wo_demo_ip
43,0,0.1,288,65,3054,316,df_ml_nc_wo_demo_ip
43,1,0.1,206,21,3130,366,df_ml_nc_wo_demo_ip
43,2,0.1,2599,9,764,351,df_ml_nc_wo_demo_ip
44,0,0.1,242,1,3113,368,df_ml_nc_wo_demo_ip
44,1,0.1,233,4,3126,361,df_ml_nc_wo_demo_ip
44,2,0.1,2545,0,817,362,df_ml_nc_wo_demo_ip
45,0,0.1,243,5,3126,349,df_ml_nc_wo_demo_ip
45,1,0.1,241,6,3135,341,df_ml_nc_wo_demo_ip
45,2,0.1,2557,2,787,377,df_ml_nc_wo_demo_ip
46,0,0.1,292,11,3110,313,df_ml_nc_wo_demo_ip
46,1,0.1,194,0,3144,388,df_ml_nc_wo_demo_ip
46,2,0.1,2520,4,802,400,df_ml_nc_wo_demo_ip
47,0,0.1,335,90,3048,246,df_ml_nc_wo_demo_ip
47,1,0.1,258,64,3111,286,df_ml_nc_wo_demo_ip
47,2,0.1,2628,38,718,335,df_ml_nc_wo_demo_ip
48,0,0.1,363,86,2978,295,df_ml_nc_wo_demo_ip
48,1,0.1,256,47,3086,333,df_ml_nc_wo_demo_ip
48,2,0.1,2548,28,802,344,df_ml_nc_wo_demo_ip
49,0,0.1,257,22,3105,340,df_ml_nc_wo_demo_ip
49,1,0.1,198,5,3141,380,df_ml_nc_wo_demo_ip
49,2,0.1,2508,10,780,426,df_ml_nc_wo_demo_ip
50,0,0.1,269,30,3087,332,df_ml_nc_wo_demo_ip
50,1,0.1,298,95,3057,268,df_ml_nc_wo_demo_ip
50,2,0.1,2558,3,789,368,df_ml_nc_wo_demo_ip
51,0,0.1,253,5,3103,361,df_ml_nc_wo_demo_ip
51,1,0.1,263,53,3086,320,df_ml_nc_wo_demo_ip
51,2,0.1,2542,3,805,372,df_ml_nc_wo_demo_ip
52,0,0.1,325,139,2944,305,df_ml_nc_wo_demo_ip
52,1,0.1,249,83,3059,322,df_ml_nc_wo_demo_ip
52,2,0.1,2558,63,749,343,df_ml_nc_wo_demo_ip
53,0,0.1,265,18,3084,353,df_ml_nc_wo_demo_ip
53,1,0.1,233,0,3128,359,df_ml_nc_wo_demo_ip
53,2,0.1,2539,0,813,368,df_ml_nc_wo_demo_ip
54,0,0.1,267,13,3093,350,df_ml_nc_wo_demo_ip
54,1,0.1,226,10,3133,354,df_ml_nc_wo_demo_ip
54,2,0.1,2531,3,800,389,df_ml_nc_wo_demo_ip
55,0,0.1,280,20,3088,345,df_ml_nc_wo_demo_ip
55,1,0.1,254,45,3084,350,df_ml_nc_wo_demo_ip
55,2,0.1,2555,1,812,365,df_ml_nc_wo_demo_ip
56,0,0.1,285,9,3073,355,df_ml_nc_wo_demo_ip
56,1,0.1,229,8,3120,365,df_ml_nc_wo_demo_ip
56,2,0.1,2528,20,809,365,df_ml_nc_wo_demo_ip
57,0,0.1,277,32,3089,325,df_ml_nc_wo_demo_ip
57,1,0.1,229,27,3105,362,df_ml_nc_wo_demo_ip
57,2,0.1,2555,10,791,367,df_ml_nc_wo_demo_ip
58,0,0.1,281,25,3077,334,df_ml_nc_wo_demo_ip
58,1,0.1,261,25,3111,320,df_ml_nc_wo_demo_ip
58,2,0.1,2564,1,790,362,df_ml_nc_wo_demo_ip
59,0,0.1,282,10,3109,328,df_ml_nc_wo_demo_ip
59,1,0.1,248,44,3117,320,df_ml_nc_wo_demo_ip
59,2,0.1,2597,0,793,339,df_ml_nc_wo_demo_ip
60,0,0.1,319,112,2997,291,df_ml_nc_wo_demo_ip
60,1,0.1,226,24,3084,385,df_ml_nc_wo_demo_ip
60,2,0.1,2593,1,806,319,df_ml_nc_wo_demo_ip
61,0,0.1,246,19,3068,390,df_ml_nc_wo_demo_ip
61,1,0.1,250,8,3137,328,df_ml_nc_wo_demo_ip
61,2,0.1,2515,1,817,390,df_ml_nc_wo_demo_ip
62,0,0.1,258,7,3074,379,df_ml_nc_wo_demo_ip
62,1,0.1,253,1,3135,329,df_ml_nc_wo_demo_ip
62,2,0.1,2515,3,812,388,df_ml_nc_wo_demo_ip
63,0,0.1,250,4,3117,350,df_ml_nc_wo_demo_ip
63,1,0.1,230,3,3160,328,df_ml_nc_wo_demo_ip
63,2,0.1,2573,0,784,364,df_ml_nc_wo_demo_ip
64,0,0.1,360,84,3002,279,df_ml_nc_wo_demo_ip
64,1,0.1,314,52,3061,298,df_ml_nc_wo_demo_ip
64,2,0.1,2567,66,757,335,df_ml_nc_wo_demo_ip
65,0,0.1,292,68,3035,326,df_ml_nc_wo_demo_ip
65,1,0.1,194,6,3093,428,df_ml_nc_wo_demo_ip
65,2,0.1,2563,27,807,324,df_ml_nc_wo_demo_ip
66,0,0.1,273,33,3103,313,df_ml_nc_wo_demo_ip
66,1,0.1,292,67,3067,296,df_ml_nc_wo_demo_ip
66,2,0.1,2592,25,782,323,df_ml_nc_wo_demo_ip
67,0,0.1,301,59,3041,319,df_ml_nc_wo_demo_ip
67,1,0.1,221,21,3089,389,df_ml_nc_wo_demo_ip
67,2,0.1,2550,31,786,353,df_ml_nc_wo_demo_ip
68,0,0.1,356,100,2989,275,df_ml_nc_wo_demo_ip
68,1,0.1,325,114,3005,276,df_ml_nc_wo_demo_ip
68,2,0.1,2600,80,753,287,df_ml_nc_wo_demo_ip
69,0,0.1,266,12,3070,377,df_ml_nc_wo_demo_ip
69,1,0.1,208,3,3139,375,df_ml_nc_wo_demo_ip
69,2,0.1,2538,0,823,364,df_ml_nc_wo_demo_ip
70,0,0.1,271,25,3076,340,df_ml_nc_wo_demo_ip
70,1,0.1,260,68,3066,318,df_ml_nc_wo_demo_ip
70,2,0.1,2578,58,750,326,df_ml_nc_wo_demo_ip
71,0,0.1,339,114,2990,280,df_ml_nc_wo_demo_ip
71,1,0.1,233,37,3117,336,df_ml_nc_wo_demo_ip
71,2,0.1,2609,35,772,307,df_ml_nc_wo_demo_ip
72,0,0.1,244,28,3038,412,df_ml_nc_wo_demo_ip
72,1,0.1,214,9,3109,390,df_ml_nc_wo_demo_ip
72,2,0.1,2462,0,841,419,df_ml_nc_wo_demo_ip
73,0,0.1,379,100,3003,241,df_ml_nc_wo_demo_ip
73,1,0.1,293,123,3032,275,df_ml_nc_wo_demo_ip
73,2,0.1,2557,27,773,366,df_ml_nc_wo_demo_ip
74,0,0.1,266,3,3080,372,df_ml_nc_wo_demo_ip
74,1,0.1,209,4,3130,378,df_ml_nc_wo_demo_ip
74,2,0.1,2528,1,819,373,df_ml_nc_wo_demo_ip
75,0,0.1,270,2,3099,349,df_ml_nc_wo_demo_ip
75,1,0.1,241,30,3124,325,df_ml_nc_wo_demo_ip
75,2,0.1,2504,0,796,420,df_ml_nc_wo_demo_ip
76,0,0.1,241,10,3097,372,df_ml_nc_wo_demo_ip
76,1,0.1,215,15,3135,355,df_ml_nc_wo_demo_ip
76,2,0.1,2539,19,775,387,df_ml_nc_wo_demo_ip
77,0,0.1,308,65,3051,298,df_ml_nc_wo_demo_ip
77,1,0.1,232,22,3123,345,df_ml_nc_wo_demo_ip
77,2,0.1,2582,18,777,345,df_ml_nc_wo_demo_ip
78,0,0.1,322,86,3023,293,df_ml_nc_wo_demo_ip
78,1,0.1,272,58,3078,316,df_ml_nc_wo_demo_ip
78,2,0.1,2629,69,753,273,df_ml_nc_wo_demo_ip
79,0,0.1,264,20,3075,362,df_ml_nc_wo_demo_ip
79,1,0.1,241,24,3092,364,df_ml_nc_wo_demo_ip
79,2,0.1,2549,18,813,341,df_ml_nc_wo_demo_ip
80,0,0.1,293,82,3035,311,df_ml_nc_wo_demo_ip
80,1,0.1,331,99,3024,267,df_ml_nc_wo_demo_ip
80,2,0.1,2556,38,758,369,df_ml_nc_wo_demo_ip
81,0,0.1,267,30,3100,325,df_ml_nc_wo_demo_ip
81,1,0.1,228,27,3118,349,df_ml_nc_wo_demo_ip
81,2,0.1,2570,0,793,359,df_ml_nc_wo_demo_ip
82,0,0.1,261,3,3113,340,df_ml_nc_wo_demo_ip
82,1,0.1,208,0,3122,387,df_ml_nc_wo_demo_ip
82,2,0.1,2568,2,800,347,df_ml_nc_wo_demo_ip
83,0,0.1,253,14,3092,362,df_ml_nc_wo_demo_ip
83,1,0.1,226,4,3138,353,df_ml_nc_wo_demo_ip
83,2,0.1,2584,0,797,340,df_ml_nc_wo_demo_ip
84,0,0.1,289,36,3047,341,df_ml_nc_wo_demo_ip
84,1,0.1,238,1,3099,375,df_ml_nc_wo_demo_ip
84,2,0.1,2544,1,821,347,df_ml_nc_wo_demo_ip
85,0,0.1,240,9,3078,392,df_ml_nc_wo_demo_ip
85,1,0.1,233,10,3097,379,df_ml_nc_wo_demo_ip
85,2,0.1,2555,7,819,338,df_ml_nc_wo_demo_ip
86,0,0.1,372,107,3014,229,df_ml_nc_wo_demo_ip
86,1,0.1,312,82,3055,273,df_ml_nc_wo_demo_ip
86,2,0.1,2669,75,713,265,df_ml_nc_wo_demo_ip
87,0,0.1,312,119,3019,278,df_ml_nc_wo_demo_ip
87,1,0.1,282,83,3078,285,df_ml_nc_wo_demo_ip
87,2,0.1,2674,127,653,274,df_ml_nc_wo_demo_ip
88,0,0.1,315,69,3024,311,df_ml_nc_wo_demo_ip
88,1,0.1,254,42,3097,326,df_ml_nc_wo_demo_ip
88,2,0.1,2614,34,781,290,df_ml_nc_wo_demo_ip
89,0,0.1,264,7,3097,357,df_ml_nc_wo_demo_ip
89,1,0.1,238,42,3107,338,df_ml_nc_wo_demo_ip
89,2,0.1,2563,3,796,363,df_ml_nc_wo_demo_ip
90,0,0.1,240,7,3084,395,df_ml_nc_wo_demo_ip
90,1,0.1,211,3,3144,368,df_ml_nc_wo_demo_ip
90,2,0.1,2516,1,810,399,df_ml_nc_wo_demo_ip
91,0,0.1,266,12,3109,341,df_ml_nc_wo_demo_ip
91,1,0.1,193,1,3172,362,df_ml_nc_wo_demo_ip
91,2,0.1,2567,0,785,376,df_ml_nc_wo_demo_ip
92,0,0.1,283,40,3070,325,df_ml_nc_wo_demo_ip
92,1,0.1,227,18,3111,362,df_ml_nc_wo_demo_ip
92,2,0.1,2545,16,796,361,df_ml_nc_wo_demo_ip
93,0,0.1,271,30,3104,319,df_ml_nc_wo_demo_ip
93,1,0.1,204,2,3176,342,df_ml_nc_wo_demo_ip
93,2,0.1,2605,3,770,346,df_ml_nc_wo_demo_ip
94,0,0.1,265,36,3053,369,df_ml_nc_wo_demo_ip
94,1,0.1,226,41,3078,378,df_ml_nc_wo_demo_ip
94,2,0.1,2538,20,805,360,df_ml_nc_wo_demo_ip
95,0,0.1,281,22,3072,351,df_ml_nc_wo_demo_ip
95,1,0.1,235,22,3102,367,df_ml_nc_wo_demo_ip
95,2,0.1,2532,1,819,374,df_ml_nc_wo_demo_ip
96,0,0.1,350,86,3039,250,df_ml_nc_wo_demo_ip
96,1,0.1,300,82,3082,261,df_ml_nc_wo_demo_ip
96,2,0.1,2648,90,691,296,df_ml_nc_wo_demo_ip
97,0,0.1,275,47,3047,358,df_ml_nc_wo_demo_ip
97,1,0.1,268,59,3075,325,df_ml_nc_wo_demo_ip
97,2,0.1,2551,7,822,347,df_ml_nc_wo_demo_ip
98,0,0.1,285,23,3080,329,df_ml_nc_wo_demo_ip
98,1,0.1,213,2,3125,377,df_ml_nc_wo_demo_ip
98,2,0.1,2528,2,811,376,df_ml_nc_wo_demo_ip
99,0,0.1,299,50,3051,321,df_ml_nc_wo_demo_ip
99,1,0.1,211,3,3128,379,df_ml_nc_wo_demo_ip
99,2,0.1,2528,19,790,384,df_ml_nc_wo_demo_ip
0,0,0.25,6,328,2749,643,df_ml_nc_wo_demo_ip
0,1,0.25,10,364,2798,554,df_ml_nc_wo_demo_ip
0,2,0.25,2005,10,785,926,df_ml_nc_wo_demo_ip
1,0,0.25,119,448,2669,493,df_ml_nc_wo_demo_ip
1,1,0.25,18,411,2769,531,df_ml_nc_wo_demo_ip
1,2,0.25,1954,7,778,990,df_ml_nc_wo_demo_ip
2,0,0.25,90,453,2672,504,df_ml_nc_wo_demo_ip
2,1,0.25,30,359,2815,515,df_ml_nc_wo_demo_ip
2,2,0.25,2060,29,744,886,df_ml_nc_wo_demo_ip
3,0,0.25,108,471,2626,518,df_ml_nc_wo_demo_ip
3,1,0.25,91,468,2661,503,df_ml_nc_wo_demo_ip
3,2,0.25,2100,150,669,804,df_ml_nc_wo_demo_ip
4,0,0.25,14,291,2828,593,df_ml_nc_wo_demo_ip
4,1,0.25,3,296,2853,574,df_ml_nc_wo_demo_ip
4,2,0.25,2090,27,759,850,df_ml_nc_wo_demo_ip
5,0,0.25,181,466,2653,423,df_ml_nc_wo_demo_ip
5,1,0.25,57,407,2711,548,df_ml_nc_wo_demo_ip
5,2,0.25,2038,71,749,865,df_ml_nc_wo_demo_ip
6,0,0.25,120,483,2646,473,df_ml_nc_wo_demo_ip
6,1,0.25,55,421,2713,533,df_ml_nc_wo_demo_ip
6,2,0.25,2103,104,671,844,df_ml_nc_wo_demo_ip
7,0,0.25,3,257,2879,581,df_ml_nc_wo_demo_ip
7,1,0.25,3,335,2798,584,df_ml_nc_wo_demo_ip
7,2,0.25,2020,1,776,923,df_ml_nc_wo_demo_ip
8,0,0.25,18,310,2820,576,df_ml_nc_wo_demo_ip
8,1,0.25,28,375,2810,511,df_ml_nc_wo_demo_ip
8,2,0.25,2014,4,766,940,df_ml_nc_wo_demo_ip
9,0,0.25,105,396,2725,496,df_ml_nc_wo_demo_ip
9,1,0.25,25,358,2792,547,df_ml_nc_wo_demo_ip
9,2,0.25,2010,24,775,913,df_ml_nc_wo_demo_ip
10,0,0.25,91,374,2733,519,df_ml_nc_wo_demo_ip
10,1,0.25,34,337,2801,545,df_ml_nc_wo_demo_ip
10,2,0.25,2039,54,752,872,df_ml_nc_wo_demo_ip
11,0,0.25,71,356,2772,521,df_ml_nc_wo_demo_ip
11,1,0.25,79,416,2753,472,df_ml_nc_wo_demo_ip
11,2,0.25,2042,41,734,903,df_ml_nc_wo_demo_ip
12,0,0.25,107,430,2659,520,df_ml_nc_wo_demo_ip
12,1,0.25,25,378,2725,588,df_ml_nc_wo_demo_ip
12,2,0.25,1957,22,814,923,df_ml_nc_wo_demo_ip
13,0,0.25,69,453,2645,561,df_ml_nc_wo_demo_ip
13,1,0.25,29,352,2764,583,df_ml_nc_wo_demo_ip
13,2,0.25,1984,14,813,917,df_ml_nc_wo_demo_ip
14,0,0.25,136,467,2664,445,df_ml_nc_wo_demo_ip
14,1,0.25,50,384,2774,504,df_ml_nc_wo_demo_ip
14,2,0.25,2106,61,707,838,df_ml_nc_wo_demo_ip
15,0,0.25,126,517,2573,506,df_ml_nc_wo_demo_ip
15,1,0.25,96,425,2715,486,df_ml_nc_wo_demo_ip
15,2,0.25,2024,108,709,881,df_ml_nc_wo_demo_ip
16,0,0.25,72,448,2686,516,df_ml_nc_wo_demo_ip
16,1,0.25,48,447,2705,522,df_ml_nc_wo_demo_ip
16,2,0.25,2039,21,764,898,df_ml_nc_wo_demo_ip
17,0,0.25,163,480,2609,467,df_ml_nc_wo_demo_ip
17,1,0.25,109,504,2639,467,df_ml_nc_wo_demo_ip
17,2,0.25,2109,142,671,797,df_ml_nc_wo_demo_ip
18,0,0.25,52,368,2766,532,df_ml_nc_wo_demo_ip
18,1,0.25,7,365,2804,542,df_ml_nc_wo_demo_ip
18,2,0.25,1962,21,742,993,df_ml_nc_wo_demo_ip
19,0,0.25,9,363,2744,606,df_ml_nc_wo_demo_ip
19,1,0.25,123,465,2689,445,df_ml_nc_wo_demo_ip
19,2,0.25,2018,5,788,911,df_ml_nc_wo_demo_ip
20,0,0.25,135,491,2615,480,df_ml_nc_wo_demo_ip
20,1,0.25,86,463,2675,497,df_ml_nc_wo_demo_ip
20,2,0.25,2065,131,680,845,df_ml_nc_wo_demo_ip
21,0,0.25,96,438,2655,530,df_ml_nc_wo_demo_ip
21,1,0.25,103,439,2695,482,df_ml_nc_wo_demo_ip
21,2,0.25,2048,84,723,864,df_ml_nc_wo_demo_ip
22,0,0.25,198,483,2621,420,df_ml_nc_wo_demo_ip
22,1,0.25,51,414,2691,566,df_ml_nc_wo_demo_ip
22,2,0.25,2222,271,560,669,df_ml_nc_wo_demo_ip
23,0,0.25,88,389,2728,526,df_ml_nc_wo_demo_ip
23,1,0.25,0,342,2803,586,df_ml_nc_wo_demo_ip
23,2,0.25,2015,8,786,922,df_ml_nc_wo_demo_ip
24,0,0.25,148,493,2603,479,df_ml_nc_wo_demo_ip
24,1,0.25,106,430,2696,491,df_ml_nc_wo_demo_ip
24,2,0.25,2113,73,755,782,df_ml_nc_wo_demo_ip
25,0,0.25,17,321,2785,601,df_ml_nc_wo_demo_ip
25,1,0.25,4,347,2783,590,df_ml_nc_wo_demo_ip
25,2,0.25,2119,109,704,792,df_ml_nc_wo_demo_ip
26,0,0.25,64,327,2745,585,df_ml_nc_wo_demo_ip
26,1,0.25,66,418,2677,560,df_ml_nc_wo_demo_ip
26,2,0.25,2026,14,817,864,df_ml_nc_wo_demo_ip
27,0,0.25,95,414,2711,501,df_ml_nc_wo_demo_ip
27,1,0.25,58,412,2751,500,df_ml_nc_wo_demo_ip
27,2,0.25,2089,63,698,871,df_ml_nc_wo_demo_ip
28,0,0.25,45,340,2745,591,df_ml_nc_wo_demo_ip
28,1,0.25,114,497,2645,465,df_ml_nc_wo_demo_ip
28,2,0.25,2227,178,627,689,df_ml_nc_wo_demo_ip
29,0,0.25,78,375,2763,511,df_ml_nc_wo_demo_ip
29,1,0.25,36,355,2774,562,df_ml_nc_wo_demo_ip
29,2,0.25,2034,22,774,897,df_ml_nc_wo_demo_ip
30,0,0.25,0,344,2796,584,df_ml_nc_wo_demo_ip
30,1,0.25,4,366,2815,539,df_ml_nc_wo_demo_ip
30,2,0.25,1998,0,756,970,df_ml_nc_wo_demo_ip
31,0,0.25,49,325,2793,561,df_ml_nc_wo_demo_ip
31,1,0.25,22,339,2815,552,df_ml_nc_wo_demo_ip
31,2,0.25,2280,240,561,647,df_ml_nc_wo_demo_ip
32,0,0.25,119,440,2661,504,df_ml_nc_wo_demo_ip
32,1,0.25,28,416,2708,572,df_ml_nc_wo_demo_ip
32,2,0.25,2053,84,739,848,df_ml_nc_wo_demo_ip
33,0,0.25,7,295,2829,591,df_ml_nc_wo_demo_ip
33,1,0.25,1,317,2832,572,df_ml_nc_wo_demo_ip
33,2,0.25,1966,16,766,974,df_ml_nc_wo_demo_ip
34,0,0.25,170,511,2602,439,df_ml_nc_wo_demo_ip
34,1,0.25,50,423,2725,524,df_ml_nc_wo_demo_ip
34,2,0.25,2150,70,739,763,df_ml_nc_wo_demo_ip
35,0,0.25,23,355,2774,577,df_ml_nc_wo_demo_ip
35,1,0.25,2,357,2783,587,df_ml_nc_wo_demo_ip
35,2,0.25,2033,39,772,885,df_ml_nc_wo_demo_ip
36,0,0.25,17,344,2746,616,df_ml_nc_wo_demo_ip
36,1,0.25,0,339,2776,608,df_ml_nc_wo_demo_ip
36,2,0.25,1980,1,836,906,df_ml_nc_wo_demo_ip
37,0,0.25,57,353,2751,554,df_ml_nc_wo_demo_ip
37,1,0.25,27,358,2777,553,df_ml_nc_wo_demo_ip
37,2,0.25,2000,11,800,904,df_ml_nc_wo_demo_ip
38,0,0.25,7,330,2790,597,df_ml_nc_wo_demo_ip
38,1,0.25,0,343,2803,578,df_ml_nc_wo_demo_ip
38,2,0.25,2072,21,761,870,df_ml_nc_wo_demo_ip
39,0,0.25,42,360,2728,599,df_ml_nc_wo_demo_ip
39,1,0.25,31,414,2711,573,df_ml_nc_wo_demo_ip
39,2,0.25,2060,36,794,839,df_ml_nc_wo_demo_ip
40,0,0.25,84,375,2716,542,df_ml_nc_wo_demo_ip
40,1,0.25,93,396,2718,510,df_ml_nc_wo_demo_ip
40,2,0.25,2115,113,703,786,df_ml_nc_wo_demo_ip
41,0,0.25,100,439,2700,477,df_ml_nc_wo_demo_ip
41,1,0.25,20,323,2845,528,df_ml_nc_wo_demo_ip
41,2,0.25,1997,29,728,962,df_ml_nc_wo_demo_ip
42,0,0.25,117,416,2673,523,df_ml_nc_wo_demo_ip
42,1,0.25,47,404,2721,557,df_ml_nc_wo_demo_ip
42,2,0.25,2063,101,722,843,df_ml_nc_wo_demo_ip
43,0,0.25,71,400,2719,533,df_ml_nc_wo_demo_ip
43,1,0.25,35,395,2756,537,df_ml_nc_wo_demo_ip
43,2,0.25,2004,29,744,946,df_ml_nc_wo_demo_ip
44,0,0.25,3,315,2799,607,df_ml_nc_wo_demo_ip
44,1,0.25,0,316,2814,594,df_ml_nc_wo_demo_ip
44,2,0.25,2006,0,817,901,df_ml_nc_wo_demo_ip
45,0,0.25,14,350,2781,578,df_ml_nc_wo_demo_ip
45,1,0.25,18,355,2786,564,df_ml_nc_wo_demo_ip
45,2,0.25,2068,6,783,866,df_ml_nc_wo_demo_ip
46,0,0.25,23,292,2829,582,df_ml_nc_wo_demo_ip
46,1,0.25,7,339,2805,575,df_ml_nc_wo_demo_ip
46,2,0.25,1975,6,800,945,df_ml_nc_wo_demo_ip
47,0,0.25,136,430,2708,445,df_ml_nc_wo_demo_ip
47,1,0.25,60,416,2759,484,df_ml_nc_wo_demo_ip
47,2,0.25,2148,97,659,815,df_ml_nc_wo_demo_ip
48,0,0.25,152,450,2614,506,df_ml_nc_wo_demo_ip
48,1,0.25,74,392,2741,515,df_ml_nc_wo_demo_ip
48,2,0.25,2032,89,741,860,df_ml_nc_wo_demo_ip
49,0,0.25,18,366,2761,579,df_ml_nc_wo_demo_ip
49,1,0.25,16,391,2755,562,df_ml_nc_wo_demo_ip
49,2,0.25,2004,37,753,930,df_ml_nc_wo_demo_ip
50,0,0.25,43,387,2730,558,df_ml_nc_wo_demo_ip
50,1,0.25,93,455,2697,473,df_ml_nc_wo_demo_ip
50,2,0.25,2047,13,779,879,df_ml_nc_wo_demo_ip
51,0,0.25,37,309,2799,577,df_ml_nc_wo_demo_ip
51,1,0.25,78,447,2692,505,df_ml_nc_wo_demo_ip
51,2,0.25,2016,16,792,898,df_ml_nc_wo_demo_ip
52,0,0.25,152,545,2538,478,df_ml_nc_wo_demo_ip
52,1,0.25,67,461,2681,504,df_ml_nc_wo_demo_ip
52,2,0.25,2120,172,640,781,df_ml_nc_wo_demo_ip
53,0,0.25,33,350,2752,585,df_ml_nc_wo_demo_ip
53,1,0.25,3,347,2781,589,df_ml_nc_wo_demo_ip
53,2,0.25,1967,2,811,940,df_ml_nc_wo_demo_ip
54,0,0.25,22,327,2779,595,df_ml_nc_wo_demo_ip
54,1,0.25,13,360,2783,567,df_ml_nc_wo_demo_ip
54,2,0.25,1983,7,796,937,df_ml_nc_wo_demo_ip
55,0,0.25,40,297,2811,585,df_ml_nc_wo_demo_ip
55,1,0.25,44,384,2745,560,df_ml_nc_wo_demo_ip
55,2,0.25,2005,2,811,915,df_ml_nc_wo_demo_ip
56,0,0.25,43,377,2705,597,df_ml_nc_wo_demo_ip
56,1,0.25,6,385,2743,588,df_ml_nc_wo_demo_ip
56,2,0.25,2035,35,794,858,df_ml_nc_wo_demo_ip
57,0,0.25,49,337,2784,553,df_ml_nc_wo_demo_ip
57,1,0.25,30,370,2762,561,df_ml_nc_wo_demo_ip
57,2,0.25,1986,21,780,936,df_ml_nc_wo_demo_ip
58,0,0.25,64,355,2747,551,df_ml_nc_wo_demo_ip
58,1,0.25,46,399,2737,535,df_ml_nc_wo_demo_ip
58,2,0.25,1999,12,779,927,df_ml_nc_wo_demo_ip
59,0,0.25,38,328,2791,572,df_ml_nc_wo_demo_ip
59,1,0.25,33,382,2779,535,df_ml_nc_wo_demo_ip
59,2,0.25,2044,11,782,892,df_ml_nc_wo_demo_ip
60,0,0.25,114,425,2684,496,df_ml_nc_wo_demo_ip
60,1,0.25,17,374,2734,594,df_ml_nc_wo_demo_ip
60,2,0.25,2026,13,794,886,df_ml_nc_wo_demo_ip
61,0,0.25,14,372,2715,622,df_ml_nc_wo_demo_ip
61,1,0.25,9,341,2804,569,df_ml_nc_wo_demo_ip
61,2,0.25,1930,6,812,975,df_ml_nc_wo_demo_ip
62,0,0.25,25,367,2714,612,df_ml_nc_wo_demo_ip
62,1,0.25,2,401,2735,580,df_ml_nc_wo_demo_ip
62,2,0.25,2015,4,811,888,df_ml_nc_wo_demo_ip
63,0,0.25,12,351,2770,588,df_ml_nc_wo_demo_ip
63,1,0.25,2,341,2822,556,df_ml_nc_wo_demo_ip
63,2,0.25,2054,2,782,883,df_ml_nc_wo_demo_ip
64,0,0.25,142,438,2648,497,df_ml_nc_wo_demo_ip
64,1,0.25,103,440,2673,509,df_ml_nc_wo_demo_ip
64,2,0.25,2156,160,663,746,df_ml_nc_wo_demo_ip
65,0,0.25,98,433,2670,520,df_ml_nc_wo_demo_ip
65,1,0.25,14,318,2781,608,df_ml_nc_wo_demo_ip
65,2,0.25,2006,66,768,881,df_ml_nc_wo_demo_ip
66,0,0.25,59,316,2820,527,df_ml_nc_wo_demo_ip
66,1,0.25,84,387,2747,504,df_ml_nc_wo_demo_ip
66,2,0.25,2079,70,737,836,df_ml_nc_wo_demo_ip
67,0,0.25,91,381,2719,529,df_ml_nc_wo_demo_ip
67,1,0.25,15,353,2757,595,df_ml_nc_wo_demo_ip
67,2,0.25,2001,59,758,902,df_ml_nc_wo_demo_ip
68,0,0.25,166,441,2648,465,df_ml_nc_wo_demo_ip
68,1,0.25,158,524,2595,443,df_ml_nc_wo_demo_ip
68,2,0.25,2157,172,661,730,df_ml_nc_wo_demo_ip
69,0,0.25,14,344,2738,629,df_ml_nc_wo_demo_ip
69,1,0.25,5,328,2814,578,df_ml_nc_wo_demo_ip
69,2,0.25,1965,2,821,937,df_ml_nc_wo_demo_ip
70,0,0.25,52,341,2760,559,df_ml_nc_wo_demo_ip
70,1,0.25,107,428,2706,471,df_ml_nc_wo_demo_ip
70,2,0.25,2058,116,692,846,df_ml_nc_wo_demo_ip
71,0,0.25,145,483,2621,474,df_ml_nc_wo_demo_ip
71,1,0.25,60,352,2802,509,df_ml_nc_wo_demo_ip
71,2,0.25,2107,70,737,809,df_ml_nc_wo_demo_ip
72,0,0.25,23,407,2659,633,df_ml_nc_wo_demo_ip
72,1,0.25,7,379,2739,597,df_ml_nc_wo_demo_ip
72,2,0.25,1929,13,828,952,df_ml_nc_wo_demo_ip
73,0,0.25,179,427,2676,441,df_ml_nc_wo_demo_ip
73,1,0.25,118,536,2619,450,df_ml_nc_wo_demo_ip
73,2,0.25,2037,92,708,886,df_ml_nc_wo_demo_ip
74,0,0.25,2,334,2749,636,df_ml_nc_wo_demo_ip
74,1,0.25,1,356,2778,586,df_ml_nc_wo_demo_ip
74,2,0.25,1948,5,815,953,df_ml_nc_wo_demo_ip
75,0,0.25,5,333,2768,614,df_ml_nc_wo_demo_ip
75,1,0.25,27,424,2730,539,df_ml_nc_wo_demo_ip
75,2,0.25,1961,0,796,963,df_ml_nc_wo_demo_ip
76,0,0.25,12,358,2749,601,df_ml_nc_wo_demo_ip
76,1,0.25,8,390,2760,562,df_ml_nc_wo_demo_ip
76,2,0.25,1978,36,758,948,df_ml_nc_wo_demo_ip
77,0,0.25,111,365,2751,495,df_ml_nc_wo_demo_ip
77,1,0.25,23,363,2782,554,df_ml_nc_wo_demo_ip
77,2,0.25,2088,42,753,839,df_ml_nc_wo_demo_ip
78,0,0.25,123,420,2689,492,df_ml_nc_wo_demo_ip
78,1,0.25,69,422,2714,519,df_ml_nc_wo_demo_ip
78,2,0.25,2170,164,658,732,df_ml_nc_wo_demo_ip
79,0,0.25,30,335,2760,596,df_ml_nc_wo_demo_ip
79,1,0.25,36,417,2699,569,df_ml_nc_wo_demo_ip
79,2,0.25,1992,44,787,898,df_ml_nc_wo_demo_ip
80,0,0.25,101,414,2703,503,df_ml_nc_wo_demo_ip
80,1,0.25,108,456,2667,490,df_ml_nc_wo_demo_ip
80,2,0.25,2102,81,715,823,df_ml_nc_wo_demo_ip
81,0,0.25,63,358,2772,529,df_ml_nc_wo_demo_ip
81,1,0.25,27,358,2787,550,df_ml_nc_wo_demo_ip
81,2,0.25,2030,6,787,899,df_ml_nc_wo_demo_ip
82,0,0.25,9,320,2796,592,df_ml_nc_wo_demo_ip
82,1,0.25,2,313,2809,593,df_ml_nc_wo_demo_ip
82,2,0.25,1949,8,794,966,df_ml_nc_wo_demo_ip
83,0,0.25,30,365,2741,585,df_ml_nc_wo_demo_ip
83,1,0.25,4,350,2792,575,df_ml_nc_wo_demo_ip
83,2,0.25,1976,6,791,948,df_ml_nc_wo_demo_ip
84,0,0.25,72,377,2706,558,df_ml_nc_wo_demo_ip
84,1,0.25,4,335,2765,609,df_ml_nc_wo_demo_ip
84,2,0.25,1971,11,811,920,df_ml_nc_wo_demo_ip
85,0,0.25,32,281,2806,600,df_ml_nc_wo_demo_ip
85,1,0.25,8,346,2761,604,df_ml_nc_wo_demo_ip
85,2,0.25,1973,21,805,920,df_ml_nc_wo_demo_ip
86,0,0.25,150,448,2673,451,df_ml_nc_wo_demo_ip
86,1,0.25,122,448,2689,463,df_ml_nc_wo_demo_ip
86,2,0.25,2241,172,616,693,df_ml_nc_wo_demo_ip
87,0,0.25,142,465,2673,448,df_ml_nc_wo_demo_ip
87,1,0.25,111,478,2683,456,df_ml_nc_wo_demo_ip
87,2,0.25,2259,244,536,689,df_ml_nc_wo_demo_ip
88,0,0.25,110,395,2698,516,df_ml_nc_wo_demo_ip
88,1,0.25,44,435,2704,536,df_ml_nc_wo_demo_ip
88,2,0.25,2131,97,718,773,df_ml_nc_wo_demo_ip
89,0,0.25,25,336,2768,596,df_ml_nc_wo_demo_ip
89,1,0.25,16,373,2776,560,df_ml_nc_wo_demo_ip
89,2,0.25,1987,5,794,939,df_ml_nc_wo_demo_ip
90,0,0.25,7,356,2735,628,df_ml_nc_wo_demo_ip
90,1,0.25,3,383,2764,576,df_ml_nc_wo_demo_ip
90,2,0.25,2013,1,810,902,df_ml_nc_wo_demo_ip
91,0,0.25,28,363,2758,579,df_ml_nc_wo_demo_ip
91,1,0.25,4,366,2807,551,df_ml_nc_wo_demo_ip
91,2,0.25,2016,0,785,927,df_ml_nc_wo_demo_ip
92,0,0.25,76,364,2746,532,df_ml_nc_wo_demo_ip
92,1,0.25,26,415,2714,563,df_ml_nc_wo_demo_ip
92,2,0.25,2020,48,764,886,df_ml_nc_wo_demo_ip
93,0,0.25,29,348,2786,561,df_ml_nc_wo_demo_ip
93,1,0.25,6,336,2842,540,df_ml_nc_wo_demo_ip
93,2,0.25,2071,10,763,880,df_ml_nc_wo_demo_ip
94,0,0.25,51,352,2737,583,df_ml_nc_wo_demo_ip
94,1,0.25,47,429,2690,557,df_ml_nc_wo_demo_ip
94,2,0.25,2048,61,764,850,df_ml_nc_wo_demo_ip
95,0,0.25,32,353,2741,600,df_ml_nc_wo_demo_ip
95,1,0.25,27,357,2767,575,df_ml_nc_wo_demo_ip
95,2,0.25,1987,9,811,919,df_ml_nc_wo_demo_ip
96,0,0.25,162,448,2677,438,df_ml_nc_wo_demo_ip
96,1,0.25,118,450,2714,443,df_ml_nc_wo_demo_ip
96,2,0.25,2187,171,610,757,df_ml_nc_wo_demo_ip
97,0,0.25,81,382,2712,552,df_ml_nc_wo_demo_ip
97,1,0.25,62,444,2690,531,df_ml_nc_wo_demo_ip
97,2,0.25,2017,28,801,881,df_ml_nc_wo_demo_ip
98,0,0.25,13,293,2810,601,df_ml_nc_wo_demo_ip
98,1,0.25,0,314,2813,590,df_ml_nc_wo_demo_ip
98,2,0.25,2010,5,808,894,df_ml_nc_wo_demo_ip
99,0,0.25,122,446,2655,498,df_ml_nc_wo_demo_ip
99,1,0.25,4,326,2805,586,df_ml_nc_wo_demo_ip
99,2,0.25,2017,41,768,895,df_ml_nc_wo_demo_ip