run,base_recall_micro,crc_recall_micro,rcps_recall_micro,ltt_recall_micro,base_recall_macro,crc_recall_macro,rcps_recall_macro,ltt_recall_macro,base_recall_weighted,crc_recall_weighted,rcps_recall_weighted,ltt_recall_weighted,base_recall_samples,crc_recall_samples,rcps_recall_samples,ltt_recall_samples,base_precision_micro,crc_precision_micro,rcps_precision_micro,ltt_precision_micro,base_precision_macro,crc_precision_macro,rcps_precision_macro,ltt_precision_macro,base_precision_weighted,crc_precision_weighted,rcps_precision_weighted,ltt_precision_weighted,base_precision_samples,crc_precision_samples,rcps_precision_samples,ltt_precision_samples,base_avg_prediction_set_size,base_total_false_positives,base_total_false_negatives,crc_avg_prediction_set_size,crc_total_false_positives,crc_total_false_negatives,rcps_avg_prediction_set_size,rcps_total_false_positives,rcps_total_false_negatives,ltt_avg_prediction_set_size,ltt_total_false_positives,ltt_total_false_negatives,with_demographics
0,0.18194980694980695,0.8465250965250966,0.902027027027027,0.755550193050193,0.10343545713925244,0.7150329692035408,0.8105771125181502,0.5827379471214729,0.18194980694980695,0.8465250965250966,0.902027027027027,0.755550193050193,0.19847020933977455,0.8754696725711218,0.9214975845410628,0.7928073000536768,0.6267664172901081,0.4420362903225806,0.4079895219384414,0.48512550356368145,0.3508960659930063,0.3714266656872194,0.3679274168007461,0.3719220804821042,0.5943342313995066,0.6034504074458086,0.6020316907937975,0.6026599419096199,0.19932009303989984,0.4906065485775631,0.4364823760959026,0.5455806047593488,0.32286634460547503,449,3390,2.129898013955985,4428,636,2.4589371980676327,5424,406,1.7321524422973698,3323,1013,True
1,0.14031668696711327,0.871863580998782,0.871863580998782,0.0,0.09801881026030433,0.8031372578135554,0.8031372578135554,0.0,0.14031668696711327,0.871863580998782,0.871863580998782,0.0,0.14843121480289623,0.8836149101635827,0.8836149101635827,0.0,0.5106382978723404,0.3946410850148859,0.3946410850148859,0.0,0.3558570168090516,0.3657244579620593,0.3657244579620593,0.0,0.6050319090506765,0.6105976069010032,0.6105976069010032,0.0,0.15258782515419683,0.42227585590417444,0.42227585590417444,0.0,0.3024939662107804,552,3529,2.432019308125503,5490,526,2.432019308125503,5490,526,0.0,0,4105,True
2,0.2541003671970624,0.8629130966952264,0.8881272949816401,0.0,0.18379670443984053,0.7743067489232404,0.809225715469604,0.0,0.2541003671970624,0.8629130966952264,0.8881272949816401,0.0,0.26727614950255446,0.8776552836784082,0.9011831137402527,0.0,0.5080763582966226,0.4104086622424031,0.40599820948970455,0.0,0.36714909278627417,0.3668381900293472,0.36758263570866134,0.0,0.6150411724587916,0.613781879377029,0.6142402758816513,0.0,0.2705028233396074,0.44514654477009946,0.43681097069104596,0.0,0.5493412207582683,1005,3047,2.3094917988706642,5064,560,2.402796450658779,5308,457,0.0,0,4085,True
3,0.3411736178467507,0.8739088263821533,0.9054316197866149,0.0,0.22346956837226953,0.7861743015073444,0.833124586622021,0.0,0.3411736178467507,0.8739088263821533,0.9054316197866149,0.0,0.3662369057211926,0.89255976363148,0.9214343271555198,0.0,0.5583333333333333,0.4186802973977695,0.40790911077124753,0.0,0.36714968371837187,0.37267770040189,0.37193366762854413,0.0,0.5980865873475077,0.5985757847293935,0.5983416911262728,0.0,0.3674008416151849,0.45017459038409885,0.43352135374697826,0.0,0.6768734891216761,1113,2717,2.312113886650551,5004,520,2.4587698092935804,5420,390,0.0,0,4124,True
4,0.1542192046556741,0.8794859359844811,0.9064015518913676,0.6925315227934045,0.09874043444735785,0.7766843967688045,0.8194938993359501,0.5231595918508488,0.1542192046556741,0.8794859359844811,0.9064015518913676,0.6925315227934045,0.1659957058507783,0.8994900697799249,0.9233762748255502,0.7258454106280193,0.5740072202166066,0.4240617327253595,0.41203703703703703,0.4953173777315297,0.36645270560066817,0.37144501735994945,0.37046821569380217,0.37186566169872776,0.6218789781509635,0.6088452979131659,0.6083896535080309,0.610552079018024,0.16908212560386474,0.46837538021112896,0.4476650563607085,0.5522007514761138,0.29736983360171765,472,3488,2.2954911433172303,4926,497,2.4347826086956523,5334,386,1.5475040257648953,2910,1268,True
5,0.0622568093385214,0.8796206225680934,0.8796206225680934,0.0,0.060403723268199656,0.7973289681582273,0.7973289681582273,0.0,0.0622568093385214,0.8796206225680934,0.8796206225680934,0.0,0.0623153370937416,0.8943056674724684,0.8943056674724684,0.0,0.39384615384615385,0.40718225824608806,0.40718225824608806,0.0,0.38561092620346177,0.3684653697349454,0.3684653697349454,0.0,0.6276327067327853,0.5980551508612524,0.5980551508612524,0.0,0.06710538096517145,0.4313277822544543,0.4313277822544543,0.0,0.17459038409884503,394,3856,2.3859790491539083,5266,495,2.3859790491539083,5266,495,0.0,0,4112,True
6,0.13541666666666666,0.8616763565891473,0.8924418604651163,0.0,0.09615840210248106,0.7483939885431727,0.7974708169315426,0.0,0.13541666666666666,0.8616763565891473,0.8924418604651163,0.0,0.14306824288017195,0.885814078452445,0.9124126813541107,0.0,0.5175925925925926,0.42179532787857227,0.413282477002468,0.0,0.36873699071898386,0.3680803002131294,0.36912763022941536,0.0,0.6130686978955787,0.6097852381151055,0.6097576953838199,0.0,0.14463550062690309,0.4535643919039942,0.44138456027225503,0.0,0.2901665771090811,521,3569,2.265717356260075,4876,571,2.3949489521762493,5230,444,0.0,0,4128,True
7,0.15678172095284396,0.8449197860962567,0.8886728245017015,0.0,0.08582715205413821,0.7687048894760354,0.8246411716773904,0.0,0.15678172095284396,0.8449197860962567,0.8886728245017015,0.0,0.17056451612903226,0.8595430107526881,0.9013440860215054,0.0,0.6649484536082474,0.40678759508484497,0.3982137022110881,0.0,0.3619699531464238,0.3690164370627074,0.36916157646245606,0.0,0.6095927116373798,0.6104586631676985,0.6113094205236145,0.0,0.17231182795698924,0.4260752688172043,0.41375448028673834,0.0,0.260752688172043,325,3469,2.297043010752688,5069,638,2.468010752688172,5525,458,0.0,0,4114,True
8,0.10423293369219476,0.8840225103988255,0.8840225103988255,0.0,0.06271292087135012,0.7877067848857514,0.7877067848857514,0.0,0.10423293369219475,0.8840225103988255,0.8840225103988255,0.0,0.11224489795918367,0.9027926960257787,0.9027926960257787,0.0,0.5440613026819924,0.4060463025398966,0.4060463025398966,0.0,0.3336403854289955,0.3640641533186037,0.3640641533186037,0.0,0.5871233991258369,0.6153154001698545,0.6153154001698545,0.0,0.11126029359112065,0.43501611170784105,0.43501611170784105,0.0,0.2102577873254565,357,3661,2.3893662728249194,5285,474,2.3893662728249194,5285,474,0.0,0,4087,True
9,0.140625,0.87353515625,0.906982421875,0.0,0.082850267389748,0.8129128529147485,0.8535560341042765,0.0,0.140625,0.87353515625,0.906982421875,0.0,0.15153143471252015,0.8850080601826975,0.9172487909725954,0.0,0.631578947368421,0.3968940654464781,0.3908469226722778,0.0,0.37155785893615784,0.36789543872420577,0.36740671951496656,0.0,0.6130143307404956,0.605947960300101,0.6065428367729162,0.0,0.15260612573885007,0.42311481282464625,0.4121887873902919,0.0,0.24502955400322407,336,3520,2.4220849005910803,5437,518,2.5537345513164964,5790,381,0.0,0,4096,True
10,0.46390243902439027,0.8875609756097561,0.9087804878048781,0.7429268292682927,0.3160619767758566,0.7995877316202371,0.8339795529078905,0.6009422131396374,0.46390243902439027,0.8875609756097561,0.9087804878048781,0.7429268292682927,0.4924670433145009,0.9043583535108959,0.9233252623083131,0.7706483723432876,0.539727582292849,0.4192396313364055,0.4116672190918131,0.4659629799602264,0.3683122891941018,0.37316587127261486,0.3729128677341049,0.37309530666276314,0.6061814371559865,0.6062211692549576,0.6055882329935424,0.6054743762423576,0.48354407676441574,0.4609900457358084,0.4480764057035243,0.5315218366065824,0.9480764057035244,1622,2198,2.335216572504708,5041,461,2.4350282485875705,5325,374,1.7586763518966908,3491,1054,True
11,0.361545988258317,0.8867416829745597,0.9031311154598826,0.0,0.2570702537617531,0.8141955776688814,0.8339367249106141,0.0,0.361545988258317,0.8867416829745597,0.9031311154598826,0.0,0.3803763440860215,0.9005376344086021,0.915994623655914,0.0,0.49464524765729584,0.3949231942477394,0.3936873533802516,0.0,0.3570168072678432,0.3640844931593203,0.3647562321465739,0.0,0.6084675007634205,0.6114917384757008,0.6122836137973088,0.0,0.37983870967741934,0.4264784946236559,0.4231182795698924,0.0,0.8032258064516129,1510,2610,2.4674731182795697,5554,463,2.520967741935484,5686,396,0.0,0,4088,True
12,0.21237864077669902,0.8776699029126214,0.9012135922330097,0.0,0.16797053489012792,0.8130623296009233,0.841191953195849,0.0,0.21237864077669902,0.8776699029126214,0.9012135922330097,0.0,0.22214747039827773,0.8908772874058127,0.9140204520990313,0.0,0.4789272030651341,0.402538127574307,0.3972822597902846,0.0,0.37387155823266616,0.37129825385337306,0.3702070174010614,0.0,0.5938734178465026,0.593140433193251,0.5924651136978393,0.0,0.22860602798708288,0.43128812343021167,0.42128632938643695,0.0,0.49165769644779334,952,3245,2.417384284176534,5367,504,2.515069967707212,5633,407,0.0,0,4120,True
13,0.32971276852522324,0.8641081342022688,0.8843832971276853,0.7301472363021965,0.21004885465619086,0.7464069667853352,0.7808855151850468,0.5512431078371828,0.32971276852522324,0.8641081342022688,0.8843832971276853,0.7301472363021965,0.35555257510729615,0.8885461373390557,0.9055793991416309,0.7674356223175965,0.5941713788603741,0.4304954304954305,0.4225092250922509,0.4893238434163701,0.3791503508431327,0.3712692450916717,0.3716543634498422,0.370239195101967,0.5961654664543844,0.5951571296315028,0.5952375364569097,0.5953041418985539,0.3579667381974249,0.4628934191702432,0.4517167381974248,0.5426055078683835,0.6166845493562232,933,2777,2.23068669527897,4736,563,2.3261802575107295,5008,479,1.6582618025751072,3157,1118,True
14,0.2878156410885021,0.8759499877420936,0.9065947536160823,0.0,0.22367540224467164,0.8109690890949045,0.8528656671273295,0.0,0.2878156410885021,0.8759499877420936,0.9065947536160823,0.0,0.29997306034482757,0.8864493534482759,0.9154094827586207,0.0,0.4780130293159609,0.39912868632707776,0.39227750079558715,0.0,0.3708226642966908,0.3681626675229149,0.36786695426054655,0.0,0.6229170830875078,0.6168629904458126,0.6165039522905017,0.0,0.2988505747126437,0.4301813936781609,0.41666666666666663,0.0,0.6616379310344828,1282,2905,2.4116379310344827,5379,506,2.5396012931034484,5729,381,0.0,0,4079,True
15,0.34207331876669095,0.8579752367079388,0.8897790725904345,0.0,0.24815854645441818,0.7731784361085462,0.8195591492072077,0.0,0.34207331876669095,0.8579752367079388,0.8897790725904345,0.0,0.3610961848468565,0.8766792047286405,0.9050241805480924,0.0,0.48023176550783914,0.40250569476082004,0.39273467638234033,0.0,0.3544494614178925,0.36558971489027337,0.3648862442963538,0.0,0.5882781856569979,0.596428598902366,0.5954683509305615,0.0,0.362260433458714,0.43001074691026325,0.41317392083109433,0.0,0.7882858678130038,1525,2710,2.358946802794197,5246,585,2.507254164427727,5667,454,0.0,0,4119,True
16,0.2617826617826618,0.8857142857142857,0.904029304029304,0.0,0.19459206652752314,0.8257726616263407,0.8500225465165906,0.0,0.2617826617826618,0.8857142857142857,0.904029304029304,0.0,0.27391187533584094,0.897501343363783,0.9148307361633531,0.0,0.5288603848051308,0.3972617743702081,0.3922025638309143,0.0,0.3862861160425785,0.3691933459491885,0.368287110892587,0.0,0.627587234693748,0.6129412697808649,0.612127126719237,0.0,0.277628515135232,0.4243686190220311,0.414651620992298,0.0,0.5445996775926921,955,3023,2.4529822675980655,5503,468,2.536002149382053,5737,393,0.0,0,4095,True
17,0.1607490272373541,0.8550583657587548,0.8835116731517509,0.0,0.13351408507120827,0.7528257195475881,0.7936252467072323,0.0,0.1607490272373541,0.8550583657587548,0.8835116731517509,0.0,0.16698037106749125,0.8769830599623555,0.9027964506587792,0.0,0.4496598639455782,0.4186711121695642,0.4100914324415848,0.0,0.37357817620975514,0.3686919786182404,0.3685828728684166,0.0,0.6043559399846518,0.6001446630833869,0.6001365288417834,0.0,0.17182038182307072,0.45177915210181946,0.4372591198350811,0.0,0.395267545038989,809,3451,2.258133906964238,4882,596,2.382091960204356,5226,479,0.0,0,4112,True
18,0.27959882583170254,0.8703522504892368,0.9031311154598826,0.0,0.166997240126631,0.7630010970421702,0.8177295719276771,0.0,0.27959882583170254,0.8703522504892368,0.9031311154598826,0.0,0.3006993006993007,0.8905325443786982,0.9189080150618613,0.0,0.6321902654867256,0.4122827346465817,0.4009556907037359,0.0,0.3847617839957125,0.3643554970886958,0.36484275512370806,0.0,0.6280804124570538,0.6166172475201807,0.6160540555685907,0.0,0.3041958041958042,0.43786982248520706,0.4212390173928635,0.0,0.48628294782140935,665,2945,2.321140398063475,5072,530,2.476600322754169,5516,396,0.0,0,4088,True
19,0.08414396887159534,0.8514105058365758,0.8876459143968871,0.0,0.051475965184976075,0.746431939152171,0.7931952258647607,0.0,0.08414396887159534,0.8514105058365758,0.8876459143968871,0.0,0.09000537345513165,0.8703653949489522,0.9050241805480924,0.0,0.5815126050420169,0.4151547491995731,0.405780989438577,0.0,0.3585842133513515,0.36515537261243286,0.36495541992304875,0.0,0.6116570141427256,0.6053440511141028,0.6051998876452694,0.0,0.09188608275120903,0.4340856170517643,0.4210997671502775,0.0,0.1598602901665771,249,3766,2.265717356260075,4932,611,2.4167114454594305,5345,462,0.0,0,4112,True
20,0.31499513145082764,0.8683057448880234,0.8875365141187926,0.0,0.20671265436638028,0.8047318105406832,0.8337009176885637,0.0,0.31499513145082764,0.8683057448880234,0.8875365141187926,0.0,0.3363343187315238,0.8814834721848965,0.8990862671324913,0.0,0.5270875763747455,0.3961132704053304,0.3907824222936763,0.0,0.3521653862435435,0.3662335604952489,0.36630459197527016,0.0,0.5966125798878797,0.597081325584237,0.5973359007604789,0.0,0.3360655737704918,0.42605034488936655,0.4152109647944101,0.0,0.6597688793335125,1161,2814,2.420048374092986,5438,541,2.5073904864283794,5684,462,0.0,0,4108,True
21,0.25757943245209797,0.8644191122968712,0.8847926267281107,0.0,0.20304817948587917,0.7873419785160999,0.8106248155169881,0.0,0.25757943245209797,0.8644191122968712,0.8847926267281107,0.0,0.26848615219144933,0.8799408443129874,0.8999731110513579,0.0,0.4701195219123506,0.40298507462686567,0.3998684643209471,0.0,0.3678471935900069,0.36787414071724234,0.3678720634619997,0.0,0.5944695574851707,0.5990780761337683,0.5998053883750366,0.0,0.2727883839741866,0.43309133279555434,0.42739983866630815,0.0,0.6074213498252218,1197,3061,2.3780586179080396,5280,559,2.4530787846195214,5475,475,0.0,0,4123,True
22,0.06325739214735822,0.873242850218129,0.873242850218129,0.0,0.04578500430704013,0.7663881259484806,0.7663881259484806,0.0,0.06325739214735822,0.873242850218129,0.873242850218129,0.0,0.06676518001074691,0.8941429339065019,0.8941429339065019,0.0,0.47282608695652173,0.427047528742444,0.427047528742444,0.0,0.3514496254978437,0.3720980962740951,0.3720980962740951,0.0,0.5819457049856265,0.5931442956010148,0.5931442956010148,0.0,0.06985491671144546,0.44895217624932826,0.44895217624932826,0.0,0.14830736163353037,291,3865,2.266792047286405,4834,523,2.266792047286405,4834,523,0.0,0,4126,True
23,0.39110466521634035,0.885665941503505,0.9013778100072516,0.5528160502779792,0.2668619354659657,0.8038991684928005,0.8275529772063028,0.409859041264854,0.39110466521634035,0.885665941503505,0.9013778100072516,0.5528160502779792,0.4169123559367462,0.9020369874028411,0.9163763066202091,0.5824175824175825,0.5304918032786885,0.4004371584699454,0.3970823128527313,0.48391874735505713,0.36381600560172833,0.36688576211677315,0.36754191113286666,0.36022080671445983,0.6003102360345277,0.6050421324953674,0.6055188026374777,0.5956967429053402,0.4143214509068168,0.4274546591619762,0.42115607969266505,0.5146520146520147,0.8174752077191102,1432,2519,2.4524256231573305,5486,473,2.517019565800054,5662,408,1.266684534977218,2439,1850,True
24,0.3546977421704297,0.8815246419033747,0.8943918426802622,0.0,0.27458310025029636,0.7989922452195639,0.8166338464433794,0.0,0.3546977421704297,0.8815246419033747,0.8943918426802622,0.0,0.3722804190169218,0.897931775449906,0.9094816008595219,0.0,0.5022344448264008,0.4088963963963964,0.4038588028941022,0.0,0.3833730193627312,0.3698993123424879,0.3688863981784258,0.0,0.6051350076719362,0.5963399267504027,0.5957057650210098,0.0,0.37201181842600056,0.4407288029366997,0.4318649834362968,0.0,0.7813591189900618,1448,2658,2.3851732473811444,5249,488,2.450174590384099,5438,435,0.0,0,4119,True
25,0.37472714043172445,0.8571428571428571,0.878243997089498,0.7860780984719864,0.2025924528589901,0.7098906999868535,0.7510970613147491,0.590973919365057,0.37472714043172445,0.8571428571428571,0.878243997089498,0.7860780984719864,0.4091031149301826,0.8870837808807733,0.9033297529538131,0.8249194414607949,0.6785243741765481,0.44208156117087816,0.4289267945984364,0.4875883857379269,0.36776714266538635,0.36785133118014945,0.36796002939432565,0.3680184296194051,0.5995051827944518,0.5992848083634907,0.5991290462507768,0.5996026929033051,0.4072234156820623,0.4817400644468314,0.4625850340136054,0.5441729323308271,0.6114393125671321,732,2578,2.1466165413533833,4460,589,2.2669172932330826,4821,502,1.7849087003222341,3406,882,True
26,0.22833133253301321,0.8770708283313325,0.8984393757503001,0.0,0.16769602464695352,0.8092831464431942,0.8407679997145578,0.0,0.22833133253301321,0.8770708283313325,0.8984393757503001,0.0,0.24119860252620262,0.8916957807041118,0.9107766729373824,0.0,0.4776494224008036,0.4027563395810364,0.39783117159260045,0.0,0.35568147131024525,0.37185344134296644,0.3723881813646159,0.0,0.574536335474505,0.5897079422395086,0.5904003235419439,0.0,0.24926095135716206,0.4259607632356893,0.41615157215802195,0.0,0.5350712174146735,1040,3214,2.4375167965600646,5417,512,2.52781510346681,5664,423,0.0,0,4165,True
27,0.15508021390374332,0.8687408847836655,0.8937773456490034,0.0,0.10183268080810838,0.7910536592015266,0.8244080679510426,0.0,0.15508021390374332,0.8687408847836655,0.8937773456490034,0.0,0.16460628863208815,0.8818865896264445,0.9049986562751948,0.0,0.5141015310233682,0.4006277323170048,0.39431635388739944,0.0,0.34661740866450425,0.3665875330017177,0.3663420531770791,0.0,0.5998647743578253,0.6145173785667368,0.614887019750136,0.0,0.17065305025530772,0.4299471468243304,0.4185254859804711,0.0,0.333512496640688,603,3476,2.3974737973662994,5347,540,2.5060467616232196,5648,437,0.0,0,4114,True
28,0.3810215444202372,0.8796901476640039,0.8963931251512951,0.6431856693294602,0.25131881603104184,0.7823927957411311,0.8111859139022287,0.47771264383076123,0.3810215444202372,0.8796901476640039,0.8963931251512951,0.6431856693294602,0.40997043805428646,0.9011018543402312,0.9153453372749261,0.6791185165278151,0.5573654390934845,0.42133333333333334,0.41733348360193845,0.5026485054861899,0.3663817381532999,0.371792964729756,0.373457531334007,0.37288276175995794,0.6020481586301588,0.6010857290648893,0.6020404293413446,0.6030091432192171,0.40468512048732425,0.4544925199319179,0.4479082683866344,0.5403565349816357,0.7589357699543133,1250,2557,2.3179252889008333,4991,497,2.3845740392367643,5170,428,1.4205858640150497,2629,1474,True
29,0.2651772705196697,0.8793103448275862,0.9052938319572608,0.0,0.2045899088398083,0.8073286858051435,0.843285410749992,0.0,0.2651772705196697,0.8793103448275862,0.9052938319572608,0.0,0.27636168500134156,0.8925409176281192,0.9162865575529917,0.0,0.46786632390745503,0.3982622085349758,0.3964270523181625,0.0,0.3661637190555706,0.3672308108358615,0.3690189277134511,0.0,0.6072931327729832,0.6059984820740169,0.6068379424706947,0.0,0.27725605938645914,0.4196851802164386,0.4155710580448976,0.0,0.6262409444593506,1242,3026,2.4394955728467935,5471,497,2.523209015293802,5676,390,0.0,0,4118,True
30,0.1877899877899878,0.8708180708180708,0.897924297924298,0.7538461538461538,0.11180057136048165,0.7319599507976379,0.7789443001389426,0.5654679285810504,0.1877899877899878,0.8708180708180708,0.897924297924298,0.7538461538461538,0.20220193340494091,0.898093447905478,0.9221267454350162,0.7890708915145005,0.6152,0.43203295371940875,0.4187450176517481,0.4818167629155611,0.36498978824035255,0.36499394742560626,0.36509162960000835,0.3637812249580696,0.6258532538442244,0.6189266642463835,0.618962651459625,0.6187578500758929,0.20381310418904403,0.4758324382384533,0.4552452559971356,0.5330290010741139,0.3356605800214823,481,3326,2.2164339419978516,4688,529,2.3579484425349087,5104,418,1.7204618689581095,3320,1008,True
31,0.5066893699829725,0.8676720992459256,0.8849428362928727,0.8343468742398443,0.27478604081168384,0.7227821286277166,0.7574173128997868,0.6598416152760592,0.5066893699829725,0.8676720992459256,0.8849428362928727,0.8343468742398443,0.5513680257510729,0.8956545064377682,0.9089324034334764,0.8678916309012875,0.6992279288351796,0.4498675747256905,0.4394250513347023,0.4771841958820256,0.38388100358422933,0.37166522170349947,0.3721976507680369,0.3735443601892132,0.6199696999657358,0.6066177546366315,0.6067576594560166,0.607212587699577,0.5503844778254648,0.5100143061516452,0.49338340486409155,0.5477467811158798,0.7990879828326181,896,2028,2.1268776824034337,4362,544,2.2207618025751072,4641,473,1.9281115879828326,3758,681,True
32,0.3137730358874879,0.8746362754607178,0.8937924345295829,0.0,0.235347478932469,0.7928765214260723,0.8192517957959553,0.0,0.3137730358874879,0.8746362754607178,0.8937924345295829,0.0,0.33069280343716434,0.8912459720730398,0.908968850698174,0.0,0.49616564417177916,0.40601080594326877,0.4027534965034965,0.0,0.3727372681320069,0.3683273896601397,0.36930308706861575,0.0,0.6037746569396764,0.5956814868533152,0.5971035432599462,0.0,0.3322592194772646,0.43962585034013607,0.43291263873970637,0.0,0.7003222341568206,1314,2830,2.385606874328679,5277,517,2.457572502685285,5466,438,0.0,0,4124,True
33,0.09559717830211627,0.8440768669423498,0.8786183410362443,0.0,0.054375231213382814,0.7027555552855543,0.7533559010697966,0.0,0.09559717830211627,0.8440768669423498,0.8786183410362443,0.0,0.10357334766254701,0.8738581407845244,0.9050241805480924,0.0,0.563845050215208,0.4357106981416374,0.4249411764705882,0.0,0.3100043787629994,0.3654909374325738,0.3660372689114624,0.0,0.5575742441181675,0.6088790434854197,0.6091917556111209,0.0,0.10491671144545943,0.4740730789897904,0.4589378470356439,0.0,0.18726491133799034,304,3718,2.139709833422891,4494,641,2.2837184309511014,4888,499,0.0,0,4111,True
34,0.206298828125,0.88720703125,0.88720703125,0.0,0.13592336130856503,0.8282695190164882,0.8282695190164882,0.0,0.20629882812500003,0.88720703125,0.88720703125,0.0,0.21856528747984955,0.8960236432025792,0.8960236432025792,0.0,0.5392469687300574,0.3968982088248143,0.3968982088248143,0.0,0.35161216005533563,0.3684552201410168,0.3684552201410168,0.0,0.5906808052776978,0.6019677522997418,0.6019677522997418,0.0,0.2229983879634605,0.41809958803510655,0.41809958803510655,0.0,0.42101020956475016,722,3251,2.45996775926921,5522,462,2.45996775926921,5522,462,0.0,0,4096,True
35,0.3749695641587533,0.8641344046749452,0.9013878743608473,0.7584611638665693,0.2076062096732172,0.7376490572536717,0.8046323006806558,0.568069536713688,0.37496956415875327,0.8641344046749452,0.9013878743608473,0.7584611638665693,0.4072137302225798,0.8896486993832127,0.9216948243496916,0.7960579243765085,0.6742556917688266,0.4265625,0.4060100899320026,0.483695652173913,0.38069428810756606,0.3659531252827506,0.3653046664087352,0.36434909528883835,0.6072313998304167,0.6024418852832104,0.6023516072511769,0.6011593217619892,0.4081523196567444,0.46804326450344147,0.4361759184768034,0.541744882452847,0.612496647894878,744,2567,2.2311611692142668,4771,558,2.445159560203808,5416,405,1.7270045588629659,3325,992,True
36,0.14344560213229948,0.8466198206929973,0.8832081415071481,0.7218318391083112,0.08302414940604015,0.7148684801855792,0.7775517851206925,0.5410783064421752,0.14344560213229948,0.8466198206929973,0.8832081415071481,0.7218318391083112,0.15578834273435402,0.8736234219715283,0.9039752887456353,0.7610797743755037,0.6109391124871001,0.43226524805146604,0.417000343210159,0.49215265157773,0.3532557245627837,0.3667778391950384,0.36798581674565695,0.3691523339492315,0.5899473053817746,0.5900158115725401,0.5906602385807521,0.5920888712458929,0.15699704539349987,0.47296087384725577,0.44775718506580714,0.5473632375324559,0.2602739726027397,377,3535,2.171098576416868,4589,633,2.3478377652430837,5096,482,1.625839376846629,3074,1148,True
37,0.14822954822954823,0.8554334554334554,0.8876678876678876,0.0,0.11445811334592766,0.7567645204125562,0.7946725721420579,0.0,0.14822954822954823,0.8554334554334554,0.8876678876678876,0.0,0.15545087483176312,0.8745625841184388,0.9057873485868102,0.0,0.4683641975308642,0.40287521564117307,0.39722434706589443,0.0,0.36477782638879086,0.36121477241934824,0.3611246177175345,0.0,0.5820273202671338,0.5963723017295611,0.5969690822707165,0.0,0.15818752803947958,0.43894122925078505,0.42741139524450417,0.0,0.34885598923283984,689,3488,2.3405114401076714,5192,592,2.463257065948856,5516,460,0.0,0,4095,True
38,0.09335596508244423,0.8562075654704171,0.8845780795344326,0.0,0.057804461420066115,0.7013936578215184,0.7496366229765755,0.0,0.09335596508244423,0.8562075654704171,0.8845780795344326,0.0,0.10016111707841031,0.8876208378088077,0.9121911922663802,0.0,0.5563583815028902,0.4548499291511014,0.437410071942446,0.0,0.3822226299195477,0.3730372004236904,0.37049139426045147,0.0,0.6131343732818187,0.6106475095865814,0.6094084712579899,0.0,0.10123523093447906,0.4775331185105621,0.45761725742928744,0.0,0.1858216970998926,307,3739,2.0845864661654137,4232,593,2.23952738990333,4692,476,0.0,0,4124,True
39,0.3204633204633205,0.8873069498069498,0.9075772200772201,0.0,0.20052722519912589,0.808135376821244,0.8397796999398167,0.0,0.3204633204633205,0.8873069498069498,0.9075772200772201,0.0,0.34553499597747384,0.9033252882810405,0.9211584875301689,0.0,0.6063926940639269,0.41277503367759316,0.4069905854344768,0.0,0.37954497421425737,0.3736735009644627,0.3741511875328017,0.0,0.6024750001434332,0.5965142022742002,0.5970882084638373,0.0,0.344551711808349,0.44484669705908636,0.43429873960847404,0.0,0.587288817377313,862,2816,2.3888441941539287,5231,467,2.4781442746044515,5480,383,0.0,0,4144,True
40,0.07796610169491526,0.8375302663438257,0.8840193704600484,0.0,0.058852550125400103,0.7312755085280074,0.7901422642199991,0.0,0.07796610169491526,0.8375302663438257,0.8840193704600484,0.0,0.08232445520581114,0.8592951304815711,0.9031476997578692,0.0,0.4916030534351145,0.4326454033771107,0.42013808975834294,0.0,0.35941092427739313,0.37413197762108846,0.3731235392180385,0.0,0.6071417666364104,0.5988880317551141,0.5990285633642233,0.0,0.08461124562819478,0.4598690700385615,0.44417541027710516,0.0,0.17621737960721012,333,3808,2.1509281678773204,4536,671,2.3379069141781006,5039,479,0.0,0,4130,True
41,0.35235063663075417,0.9023016650342801,0.9165034280117532,0.0,0.26631545783422594,0.8708319189652564,0.8878413336578456,0.0,0.35235063663075417,0.9023016650342801,0.9165034280117532,0.0,0.367465016146394,0.9071582346609257,0.9211517761033369,0.0,0.49878682842287697,0.3879355721654911,0.38532015647519047,0.0,0.37606364159410566,0.3696066634165623,0.3690502085745027,0.0,0.6288738874604527,0.6195282081677947,0.6192008864914252,0.0,0.3699766774309294,0.40442231790455685,0.39908503767491926,0.0,0.7763724434876211,1446,2645,2.556243272335845,5814,399,2.6141011840688915,5971,341,0.0,0,4084,True
42,0.3824096385542169,0.876867469879518,0.8971084337349398,0.0,0.27599256562125407,0.7794177932085402,0.8100423839540328,0.0,0.3824096385542169,0.876867469879518,0.8971084337349398,0.0,0.4052024671493698,0.8954143201930812,0.913113435237329,0.0,0.5345234085550691,0.4187571921749137,0.4110632659821133,0.0,0.38194753571311235,0.3717799532145025,0.3713058063932979,0.0,0.6036043544084156,0.5966142699986411,0.596724634909084,0.0,0.4060069723786538,0.4619200858138911,0.44824349691606324,0.0,0.7961920085813892,1382,2563,2.330383480825959,5051,511,2.428801287208367,5334,427,0.0,0,4150,True
43,0.33373727581192436,0.8691226369365003,0.8848763936015511,0.0,0.2915493433868111,0.8037944814193551,0.8206335046328311,0.0,0.33373727581192436,0.8691226369365003,0.8848763936015511,0.0,0.34380875637926406,0.8815471394037067,0.8976631748589847,0.0,0.4498529892192094,0.3962868825284562,0.39453209422952235,0.0,0.3823033349939193,0.3690104834239294,0.3683422005746499,0.0,0.6180973877229258,0.6135577573937749,0.6123863606955362,0.0,0.3430477213716536,0.4267168054436386,0.42273256334497267,0.0,0.8221864088100994,1684,2749,2.4305667472468437,5463,540,2.4856298683857103,5603,475,0.0,0,4126,True
44,0.10216492337630746,0.8727803454147409,0.8727803454147409,0.0,0.054724664636860744,0.7928215994043533,0.7928215994043533,0.0,0.10216492337630746,0.8727803454147409,0.8727803454147409,0.0,0.1115735767991407,0.889500537056928,0.889500537056928,0.0,0.6306306306306306,0.40781995908160945,0.40781995908160945,0.0,0.33047455688965127,0.3695117988638379,0.3695117988638379,0.0,0.5735887025271695,0.6007982372824591,0.6007982372824591,0.0,0.11211063372717509,0.43246509129967775,0.43246509129967775,0.0,0.17883995703544575,246,3691,2.362513426423201,5210,523,2.362513426423201,5210,523,0.0,0,4111,True
45,0.13437195715676728,0.8880233690360273,0.8880233690360273,0.0,0.0936917999208493,0.8083016132317251,0.8083016132317251,0.0,0.13437195715676728,0.8880233690360273,0.8880233690360273,0.0,0.14222401289282838,0.9019607843137255,0.9019607843137255,0.0,0.5655737704918032,0.40421052631578946,0.40421052631578946,0.0,0.38714596915260086,0.3681042344232324,0.3681042344232324,0.0,0.6155760851284006,0.6090777357879994,0.6090777357879994,0.0,0.14544721998388396,0.4347300564061241,0.4347300564061241,0.0,0.26215417673918884,424,3556,2.424120333064733,5377,460,2.424120333064733,5377,460,0.0,0,4108,True
46,0.07621134648161675,0.8802045288531775,0.9101533966398831,0.0,0.06099885244972611,0.7690192419891616,0.8136778324903396,0.0,0.07621134648161675,0.8802045288531775,0.9101533966398831,0.0,0.0794417606011809,0.9015029522275899,0.928743961352657,0.0,0.4151193633952255,0.4232029969562163,0.41181006940619147,0.0,0.3660246978698203,0.3685498468799822,0.36807650157815325,0.0,0.6263904774017588,0.6037675847674197,0.6040596076125554,0.0,0.07890499194847021,0.4541957416353551,0.4378242977276793,0.0,0.202361782071927,441,3794,2.2925389157273215,4927,492,2.436124530327429,5339,369,0.0,0,4107,True
47,0.37181996086105673,0.8909001956947162,0.9070450097847358,0.0,0.25913402131627955,0.8119450041136534,0.8358319895890564,0.0,0.37181996086105673,0.8909001956947162,0.9070450097847358,0.0,0.39217531594514654,0.9068297929550955,0.9206776015057812,0.0,0.537862703467799,0.3993421052631579,0.39556219330061876,0.0,0.3716975351891416,0.3656637643657173,0.3658705087017549,0.0,0.6224390765901422,0.6196490449378057,0.6196073417227317,0.0,0.39222013085955004,0.4329120731379402,0.4240387200860446,0.0,0.7598816886259747,1306,2568,2.452272116160258,5478,446,2.520570045711213,5666,380,0.0,0,4088,True
48,0.21696061850688572,0.8673592655230732,0.9002174438270114,0.0,0.14261588042847959,0.7845858046314369,0.8238130153908491,0.0,0.21696061850688572,0.8673592655230732,0.9002174438270114,0.0,0.23293927995701236,0.88527673293928,0.9163084363245567,0.0,0.577491961414791,0.4109432234432234,0.4054406964091404,0.0,0.377513055404747,0.3709551854571749,0.3709192924805634,0.0,0.5972022906303754,0.5935670180755276,0.5937776404246179,0.0,0.23361096184846858,0.4450564212788823,0.4324288017195056,0.0,0.41778613648576035,657,3241,2.3471252015045674,5146,549,2.4691026329930144,5464,413,0.0,0,4139,True
49,0.21854465806765636,0.8707714772450718,0.8931613531272816,0.0,0.14719339367779521,0.7991614368105374,0.834679809196554,0.0,0.21854465806765636,0.8707714772450718,0.8931613531272816,0.0,0.23227712137486572,0.8864124597207304,0.9056122448979592,0.0,0.5458966565349544,0.4027011817670231,0.3964567354434482,0.0,0.3739483301332962,0.36836824669022095,0.3687834559549259,0.0,0.6088180996017566,0.6073487474405275,0.6076491431226575,0.0,0.2365735767991407,0.4307644110275689,0.4197994987468672,0.0,0.4417293233082707,747,3211,2.385875402792696,5307,531,2.4857679914070894,5587,439,0.0,0,4109,True
50,0.18812606889811873,0.8841925238211581,0.907402882970926,0.0,0.17041335374613523,0.807904737521454,0.8396858481249168,0.0,0.18812606889811873,0.8841925238211581,0.907402882970926,0.0,0.19217321140398064,0.899677245831092,0.9215976331360947,0.0,0.41264737406216506,0.40193247445579744,0.3953587396210347,0.0,0.3738130195502662,0.3675470840499105,0.36687271356291595,0.0,0.6237417673644375,0.6088621937494709,0.6084555333169268,0.0,0.19566971490048413,0.4253182714721176,0.41447014523937603,0.0,0.5018827326519634,1096,3323,2.4217321140398065,5385,474,2.526627218934911,5680,379,0.0,0,4093,True
51,0.22573583069812697,0.8752128435903673,0.8752128435903673,0.0,0.15685495967907628,0.7785589660185003,0.7785589660185003,0.0,0.22573583069812697,0.8752128435903673,0.8752128435903673,0.0,0.23965609887157444,0.8933369156367544,0.8933369156367544,0.0,0.5491124260355029,0.4163869922462678,0.4163869922462678,0.0,0.37996706315582607,0.3698772662254921,0.3698772662254921,0.0,0.6121122029273124,0.6039680063663398,0.6039680063663398,0.0,0.24261149919398173,0.4545495253447967,0.4545495253447967,0.0,0.4540569586243955,762,3183,2.3216012896292315,5043,513,2.3216012896292315,5043,513,0.0,0,4111,True
52,0.3839590443686007,0.8607996099463676,0.8912725499756217,0.0,0.26948251711208626,0.7683277203775902,0.8123006259443905,0.0,0.3839590443686007,0.8607996099463676,0.8912725499756217,0.0,0.40640991112308106,0.8794775114462698,0.9082951791004579,0.0,0.5064308681672026,0.408869847151459,0.4022002200220022,0.0,0.3586533497016419,0.36679006642639084,0.3676146859534568,0.0,0.591813365108155,0.5997545387900812,0.600137410359517,0.0,0.40636502379028644,0.44644941197594035,0.4351826914444743,0.0,0.8375976299488285,1535,2527,2.3258820360894155,5105,571,2.4481551306221383,5434,446,0.0,0,4102,True
53,0.1289774107359728,0.852562545542871,0.8892397376730629,0.0,0.0807083722635738,0.7396767202141574,0.801732847398482,0.0,0.1289774107359728,0.852562545542871,0.8892397376730629,0.0,0.1381720430107527,0.8764784946236559,0.9073924731182795,0.0,0.6103448275862069,0.4268515140459686,0.412739571589628,0.0,0.3978621333590908,0.3692757892158259,0.37027663482660556,0.0,0.6204638772581222,0.6003467050893132,0.6002282709963083,0.0,0.14099462365591398,0.4594534050179211,0.43754480286738345,0.0,0.23387096774193547,339,3586,2.210483870967742,4713,607,2.3844086021505375,5209,456,0.0,0,4117,True
54,0.10833130920573233,0.8698081127034248,0.9023560845275687,0.0,0.0927895006006022,0.824751241971874,0.8608326398400231,0.0,0.10833130920573233,0.8698081127034248,0.9023560845275687,0.0,0.11120064464141821,0.8785925329035724,0.9108246038141284,0.0,0.4276126558005753,0.39059773123909247,0.3874230889560955,0.0,0.34561734561734564,0.369921159576041,0.3695245914270977,0.0,0.5838079282334809,0.6048111732188663,0.6045937185934326,0.0,0.11925866236905722,0.40187125078341834,0.39649923896499234,0.0,0.2801504163309159,597,3671,2.4625302175664787,5587,536,2.575611066344346,5874,402,0.0,0,4117,True
55,0.10749578211617257,0.8669558929862617,0.898529766208725,0.0,0.09147688167165624,0.8009140524358159,0.8417607971211708,0.0,0.10749578211617257,0.8669558929862617,0.898529766208725,0.0,0.11197428341816233,0.8806589874095901,0.9107956067506028,0.0,0.4442231075697211,0.4059819413092551,0.3994856408058294,0.0,0.3779736372020184,0.37329312898723116,0.3730778335244645,0.0,0.6123183765368748,0.60268288573995,0.602620811299737,0.0,0.11465309402625234,0.4332083221716224,0.4205286186266631,0.0,0.2689525850522368,558,3703,2.373426198767747,5263,552,2.4998660594695954,5604,421,0.0,0,4149,True
56,0.2163799370002423,0.851223649139811,0.8735158710928035,0.7140780227768355,0.132008662619008,0.7182337074803805,0.74975770991495,0.5480753617714961,0.21637993700024233,0.851223649139811,0.8735158710928035,0.7140780227768355,0.23414830736163353,0.876947877485223,0.897501343363783,0.7479849543256314,0.5591734502191609,0.43688595945777886,0.4279947762080019,0.4827981651376147,0.3457222621612139,0.36868776662961483,0.3681906925882692,0.36965736113096054,0.5808530347650159,0.5930764933126802,0.5932567258895299,0.5931719696113388,0.23522299838796346,0.4811481282464624,0.46704280852588215,0.531166039763568,0.4290703922622246,704,3234,2.160397635679742,4528,614,2.2630306286942505,4818,522,1.6399785061794734,3157,1180,True
57,0.24106925880923452,0.8738760631834751,0.8996354799513974,0.0,0.1784191740882972,0.7828760689196232,0.8163282631550622,0.0,0.24106925880923455,0.8738760631834751,0.8996354799513974,0.0,0.25288745635240395,0.8913510609723342,0.9153908138597905,0.0,0.4942700548081714,0.41644470179502024,0.4110592938041306,0.0,0.36648590848014456,0.3707855205862221,0.37075043081899084,0.0,0.6011234554467787,0.6054005168374064,0.6054864341562399,0.0,0.2571850658071448,0.44856298683857104,0.4397887008684752,0.0,0.5390813859790492,1015,3123,2.3193661026054255,5039,519,2.419016921837228,5304,413,0.0,0,4115,True
58,0.20378457059679767,0.8709364386220282,0.8978651140223193,0.0,0.15756037615387722,0.8062903610284403,0.8399436756969584,0.0,0.20378457059679767,0.8709364386220282,0.8978651140223193,0.0,0.2137476459510358,0.885256927629809,0.9106806564433683,0.0,0.49616066154754873,0.3973436635307139,0.39418468420492064,0.0,0.3803296022413491,0.36996835001244593,0.3703278499170266,0.0,0.6168644886150805,0.6080809382480071,0.6080886711643491,0.0,0.22069769527396643,0.41265357367052274,0.4069141781006188,0.0,0.45547484530535376,853,3282,2.4307237019101424,5445,532,2.5259617971482378,5688,421,0.0,0,4122,True
59,0.21657754010695188,0.86558094312105,0.8908604764219737,0.7489061740398639,0.13736708154107716,0.7536138669092622,0.7939475531888792,0.5713270885119236,0.21657754010695188,0.86558094312105,0.8908604764219737,0.7489061740398639,0.23196567444355054,0.8860284258514347,0.9088227406811478,0.7827835880933226,0.6319148936170212,0.42186944674801563,0.4111048794167134,0.48804055124346585,0.401626231440299,0.3682338833745719,0.367843951432131,0.37113716047879586,0.6275253996583733,0.6090822427833509,0.6089087179747201,0.6104729610928971,0.23665862161437382,0.4626798963082149,0.4434611602753195,0.5475105032627157,0.37811745776347544,519,3223,2.2636095467953874,4880,553,2.390721373022258,5250,449,1.692947170823277,3232,1033,True
60,0.09412049358819259,0.865231067021534,0.8993467215097992,0.0,0.06222522681364676,0.7697553296894943,0.8251492047947403,0.0,0.09412049358819259,0.865231067021534,0.8993467215097992,0.0,0.1006991126646948,0.8861253025006722,0.9155687012637805,0.0,0.5517730496453901,0.4180011689070719,0.40565317035905274,0.0,0.3771752397558849,0.37111059559844123,0.37137421836209344,0.0,0.6036085875530784,0.5995606591816159,0.5996768315793659,0.0,0.10325356278569509,0.4384243076095724,0.42063278659137754,0.0,0.18956708792686205,316,3744,2.3003495563323475,4979,557,2.4638343640763645,5446,416,0.0,0,4133,True
61,0.1830541393542122,0.8659868900218499,0.8939062879339645,0.7965525613012867,0.1025054545306081,0.7270976075153417,0.782169242541567,0.6128270438191458,0.1830541393542122,0.8659868900218499,0.8939062879339645,0.7965525613012867,0.19930163846360463,0.8951114692452323,0.9176739188826215,0.8336019339242546,0.66431718061674,0.4341528724440117,0.4176971072036302,0.4764740052279988,0.3865155103717965,0.3663446605906689,0.366724702980219,0.3672393735787916,0.6004249432914471,0.597770464897308,0.5975957948334505,0.5975802994784998,0.19997313994090787,0.4759602471125436,0.4511594592174769,0.5302623332437998,0.30486167069567555,381,3365,2.206822455009401,4649,552,2.3677142089712597,5133,437,1.849583669084072,3605,838,True
62,0.06525958272683163,0.8512857836001941,0.9032023289665211,0.0,0.060432390420869155,0.7853642961958619,0.8528835374272804,0.0,0.06525958272683163,0.8512857836001941,0.9032023289665211,0.0,0.0671059709521248,0.8657880580957504,0.9139322216245294,0.0,0.4190031152647975,0.40421610413546827,0.39392656861707753,0.0,0.367594271963204,0.37145263490843616,0.3708611933682054,0.0,0.5666816709997275,0.5995003188247523,0.5990417742700889,0.0,0.07181280258203335,0.4229424421732114,0.4060875022413483,0.0,0.17267348036578806,373,3853,2.334857450242066,5172,613,2.541958041958042,5728,399,0.0,0,4122,True
63,0.06471306471306472,0.8678876678876679,0.9052503052503053,0.0,0.045715442451578735,0.7854970875848005,0.8335431517055293,0.0,0.06471306471306472,0.8678876678876679,0.9052503052503053,0.0,0.06852996506315506,0.8843052942757323,0.9189733942488578,0.0,0.4522184300341297,0.40126453652478267,0.3966827180310326,0.0,0.3247871434653044,0.36561200331067994,0.3662284183160522,0.0,0.5795374229856989,0.6109917835325612,0.6104682876796897,0.0,0.06920182746573501,0.4141359849502822,0.4091194123443518,0.0,0.15748454716474067,321,3830,2.380274119860253,5303,541,2.511421660843859,5638,388,0.0,0,4095,True
64,0.3361425475559836,0.8844209005538165,0.9015169756802311,0.0,0.23604107282820416,0.8132917683153585,0.8377489463778552,0.0,0.3361425475559836,0.8844209005538165,0.9015169756802311,0.0,0.3591946308724832,0.8983892617449665,0.9138255033557047,0.0,0.5493900039354584,0.4098415532247266,0.4047130039995676,0.0,0.3833114018250847,0.3744465328221222,0.37419081928312053,0.0,0.6083005341407333,0.5967535861832094,0.597003039362819,0.0,0.361744966442953,0.43691275167785226,0.42733780760626394,0.0,0.6821476510067114,1145,2757,2.4059060402684564,5289,480,2.483489932885906,5507,409,0.0,0,4153,True
65,0.3598255391325418,0.8645505209595348,0.8812696874242791,0.6668282045069057,0.23619573382858716,0.7614599762578146,0.7888261870297639,0.49368176428063176,0.3598255391325418,0.8645505209595348,0.8812696874242791,0.6668282045069057,0.38591776404192424,0.8860521365224402,0.9002956194571352,0.7042461703843053,0.5629264594389689,0.4165304692972216,0.4097566471383506,0.4876838561049087,0.36424852325574003,0.36873137518415144,0.36849049652810173,0.36392169003457453,0.5892961807496183,0.5936844178729537,0.5930412335333232,0.5927422141081669,0.38542506494669887,0.4426229508196721,0.43223147899310227,0.533010839380095,0.708949207202365,1153,2642,2.3020693361999465,4998,559,2.38538027411986,5239,490,1.516527815103467,2891,1375,True
66,0.38811445341159206,0.8879921741257031,0.900953778429934,0.7260943996087063,0.2395011606017742,0.7930626155472756,0.8154457034317756,0.5508767306031411,0.38811445341159206,0.8879921741257031,0.900953778429934,0.7260943996087063,0.4141590542718968,0.9052928533046749,0.9171144545943042,0.7585975282106394,0.5952738184546137,0.413600637885864,0.4066225165562914,0.48584519718540337,0.36680919760829506,0.3676410807104795,0.3669361993907601,0.36752070588963887,0.5986411657117054,0.6042965375583713,0.6038322527882231,0.6041597829031323,0.41026329930145083,0.4476983700519434,0.43722013254522657,0.5461669353394232,0.7162815690488984,1079,2502,2.3586781300376143,5148,458,2.434175174637292,5376,405,1.6418592154755507,3142,1120,True
67,0.3704330994435035,0.8802322767965158,0.9051536414226954,0.0,0.28460781922382666,0.8123367397306372,0.8442736560141685,0.0,0.3704330994435035,0.8802322767965158,0.9051536414226954,0.0,0.38924731182795697,0.8939516129032258,0.9173387096774194,0.0,0.5,0.4039080714999445,0.3988698155453673,0.0,0.3797353844178124,0.3719351382782117,0.37173476528728205,0.0,0.6036859563835739,0.5990275488391691,0.5992542727954127,0.0,0.38745519713261645,0.4367831541218638,0.4268369175627239,0.0,0.8231182795698925,1531,2602,2.421236559139785,5369,495,2.5212365591397847,5638,392,0.0,0,4133,True
68,0.33260500121388686,0.8599174556931294,0.8914785142024764,0.0,0.2562627169830537,0.7882367869780569,0.8335048261398899,0.0,0.33260500121388686,0.8599174556931294,0.8914785142024764,0.0,0.348252688172043,0.8740591397849462,0.9033602150537634,0.0,0.4894605216148625,0.39918854953228894,0.3922238837855159,0.0,0.37420047596682426,0.3678462509652511,0.3674924297277689,0.0,0.596348877158582,0.5934625139409477,0.5916950763139973,0.0,0.344847670250896,0.4263888888888889,0.41496415770609313,0.0,0.7524193548387097,1429,2749,2.385215053763441,5331,577,2.5166666666666666,5690,447,0.0,0,4119,True
69,0.08042635658914729,0.8522286821705426,0.8856589147286822,0.718265503875969,0.051984959681055765,0.721845619978175,0.7741550121611761,0.5518994022640908,0.08042635658914729,0.8522286821705426,0.8856589147286822,0.718265503875969,0.08671140939597316,0.8782550335570469,0.9077852348993288,0.7511409395973154,0.5424836601307189,0.4371272365805169,0.42536358347876674,0.4854289456450557,0.36830102427757144,0.3698022770297243,0.37085167869122726,0.3715887918688137,0.589767432888136,0.596732068632953,0.5978377027584421,0.5965340458235924,0.08791946308724832,0.4850111856823266,0.46559284116331096,0.5326174496644295,0.16429530201342282,280,3796,2.160536912751678,4530,610,2.3073825503355705,4939,472,1.639731543624161,3143,1163,True
70,0.34302467627656974,0.8619594429513804,0.8871243586611287,0.7908624480820914,0.2182942627473893,0.71375005654737,0.757740694663854,0.6134016540231194,0.34302467627656974,0.8619594429513804,0.8871243586611287,0.7908624480820914,0.3667834051724138,0.8898168103448276,0.9119073275862069,0.8243534482758621,0.5862212943632568,0.4409448818897638,0.4253748828491096,0.4801958166444148,0.3737221651671237,0.3666825134863642,0.36540103575119715,0.3714852941674825,0.6006958538601113,0.6026926840136005,0.6009548682851312,0.6060614620831952,0.3690283764367816,0.4999551005747126,0.4753502155172413,0.5492995689655171,0.6452047413793104,991,2689,2.1554418103448274,4473,565,2.2995689655172415,4905,462,1.8160021551724137,3504,856,True
71,0.3452729044834308,0.8667153996101364,0.9042397660818714,0.0,0.24598324235271132,0.7823695738682498,0.8331162748409516,0.0,0.3452729044834308,0.8667153996101364,0.9042397660818714,0.0,0.3636852001074402,0.8836959441310771,0.9191512221326887,0.0,0.5113677372789607,0.40521758942811575,0.3978344768439108,0.0,0.3653944736303097,0.3656454642175249,0.36655013764738004,0.0,0.5971787703601893,0.5996865824600057,0.6012869704222208,0.0,0.3657444713045035,0.43593875906526997,0.42201629510251587,0.0,0.7442922374429224,1354,2687,2.3577759871071717,5221,547,2.5055063121138867,5617,393,0.0,0,4104,True
72,0.22361748369958948,0.8510021733880705,0.8828785317556146,0.0,0.14132641337044796,0.77090882440244,0.8120867958704299,0.0,0.22361748369958948,0.8510021733880705,0.8828785317556146,0.0,0.24193981730252553,0.8682160128962924,0.897501343363783,0.0,0.5886840432294977,0.407587323617858,0.401273186258369,0.0,0.3658981496868207,0.3697482224686823,0.3696699402336949,0.0,0.5963104218089801,0.5896056253110858,0.589241513496676,0.0,0.24435787211176788,0.4376231416801003,0.42405516747268485,0.0,0.42262224610424504,647,3215,2.322944653412144,5122,617,2.4478774852229983,5455,485,0.0,0,4141,True
73,0.2814400389199708,0.8727803454147409,0.899537825346631,0.0,0.19764719889864388,0.7885391785599688,0.8260352635199512,0.0,0.2814400389199708,0.8727803454147409,0.899537825346631,0.0,0.2977437550362611,0.8875906526994359,0.9127048079505775,0.0,0.5225835591689251,0.40482906465079543,0.4001298420255356,0.0,0.364503039605889,0.3677529444277942,0.36844012877034354,0.0,0.6037200132251307,0.6060483797125527,0.6060399110463773,0.0,0.30083266183185603,0.4374608290804906,0.4275226072164025,0.0,0.5946817082997583,1057,2954,2.380607037335482,5275,523,2.4824066612946547,5544,413,0.0,0,4111,True
74,0.12384876393601552,0.8494910324769753,0.890208434318953,0.0,0.07420473463707992,0.7819108663873648,0.8345468705315815,0.0,0.12384876393601552,0.8494910324769753,0.890208434318953,0.0,0.13423810803547434,0.8629400698736899,0.9020424617038431,0.0,0.5941860465116279,0.4017191977077364,0.39481887563151674,0.0,0.35680017717165446,0.36862243142987766,0.36885265449210886,0.0,0.5931264614891975,0.5941092079108646,0.5942043587920145,0.0,0.1354026695332796,0.42242228791543485,0.4102391830153185,0.0,0.23112066648750335,349,3615,2.344799785004031,5220,621,2.500134372480516,5630,453,0.0,0,4126,True
75,0.2677050377220735,0.869311267948406,0.9058165003650523,0.0,0.21331240100348925,0.7992319909091959,0.8481649832113912,0.0,0.2677050377220735,0.869311267948406,0.9058165003650523,0.0,0.2776881720430108,0.8842741935483871,0.9186827956989247,0.0,0.46808510638297873,0.40939828080229224,0.39871451526513124,0.0,0.37123848285763256,0.3720716320629527,0.37047377907097284,0.0,0.6071663318385132,0.6071257454865384,0.6061253962002607,0.0,0.28118279569892474,0.4425179211469534,0.42468637992831537,0.0,0.6317204301075269,1250,3009,2.3454301075268815,5153,537,2.5094086021505375,5613,387,0.0,0,4109,True
76,0.12509126308104163,0.8534923339011925,0.879045996592845,0.0,0.07904570363572681,0.6955058440505337,0.7401808812901799,0.0,0.12509126308104163,0.8534923339011925,0.879045996592845,0.0,0.1338709677419355,0.8836021505376344,0.9059139784946236,0.0,0.5376569037656904,0.439583855602908,0.4258429615656685,0.0,0.3390220609189141,0.36186208437114614,0.36277074180833285,0.0,0.597183503273664,0.6024571288913811,0.6033158629438641,0.0,0.1350806451612903,0.45922939068100355,0.44310035842293904,0.0,0.256989247311828,442,3595,2.1446236559139784,4471,602,2.2801075268817206,4870,497,0.0,0,4109,True
77,0.21849148418491485,0.8805352798053528,0.902676399026764,0.0,0.16065510593326424,0.8074694970318582,0.8425687183104539,0.0,0.21849148418491487,0.8805352798053528,0.902676399026764,0.0,0.23038688876947877,0.8985760343901128,0.9171144545943042,0.0,0.4944933920704846,0.4007751937984496,0.3944290878162875,0.0,0.3634803189479487,0.3678239073560916,0.3680804049980952,0.0,0.5973945524241833,0.6059603283675218,0.6060362232774809,0.0,0.2323571556510836,0.422980476446355,0.411472326706072,0.0,0.4879097259537883,918,3212,2.4261149919398175,5411,491,2.5271359484148306,5696,400,0.0,0,4110,True
78,0.38392204628501825,0.8730816077953715,0.9040194884287455,0.0,0.2781896009651949,0.7897431006828106,0.8310334980450748,0.0,0.38392204628501825,0.8730816077953715,0.9040194884287455,0.0,0.4035982814178303,0.8876208378088077,0.9174274973147154,0.0,0.5011128775834658,0.4035127223598289,0.397621343619415,0.0,0.3633016671281905,0.36556718048180886,0.3660944876123233,0.0,0.593131827606001,0.5958499034567282,0.5966947917931249,0.0,0.40037593984962405,0.4361349803079126,0.42517006802721086,0.0,0.8445220193340494,1569,2529,2.3850698174006446,5298,521,2.5061761546723953,5622,394,0.0,0,4105,True
79,0.27056539674836205,0.8730890560543557,0.8971123513710264,0.0,0.17514476765683015,0.7893051935152301,0.8271041464962835,0.0,0.27056539674836205,0.8730890560543557,0.8971123513710264,0.0,0.2902445579145391,0.8894114485353399,0.9113141628594463,0.0,0.5594581033617662,0.4076591887604804,0.4024164580385327,0.0,0.3629391770435009,0.36792401880359943,0.3691560055217322,0.0,0.5890941227273607,0.5915390256051316,0.5921961146789674,0.0,0.2933351249664069,0.4324554331272955,0.4237212218937561,0.0,0.5356087073367375,878,3006,2.3719430260682612,5228,523,2.468959957000806,5490,424,0.0,0,4121,True
80,0.352798643082142,0.8669735885631209,0.9006542282529683,0.0,0.2426327805135752,0.7721984490858662,0.8223735647317564,0.0,0.352798643082142,0.8669735885631209,0.9006542282529683,0.0,0.37516796560064497,0.8853802741198602,0.915748454716474,0.0,0.5239294710327456,0.40919487648673375,0.4016641452344932,0.0,0.3617538470682427,0.36675507527535006,0.36804774173218596,0.0,0.5945193844984804,0.6019579307888543,0.6028658011551817,0.0,0.37646689957896623,0.4445489563737346,0.4312908716294902,0.0,0.7468422467078742,1323,2671,2.349905939263639,5166,549,2.486965869389949,5537,410,0.0,0,4127,True
81,0.3882381649585164,0.8784773060029283,0.9050756466569058,0.6303074670571011,0.26717309575377285,0.7903893770521448,0.8329574511000407,0.4726718533930434,0.3882381649585164,0.8784773060029283,0.9050756466569058,0.6303074670571011,0.41120365394948954,0.8957549704459967,0.9184578183772165,0.6612036539494895,0.555710792874607,0.4120407462515738,0.3993754710886185,0.501358695652174,0.3791679590876467,0.36910485954069655,0.3674239479631148,0.37425520044874255,0.6175045899502791,0.6090111101808886,0.6078522234315967,0.6157936954149813,0.4128156904889844,0.44966863693354825,0.42714490417338347,0.5512717177144904,0.7692101020956476,1272,2507,2.34739387426115,5137,498,2.4951638903815154,5578,389,1.38420204191295,2569,1515,True
82,0.2770615422038433,0.8691315981513014,0.8885915835563123,0.0,0.21262453968838627,0.7824266908054381,0.8070852519121313,0.0,0.2770615422038433,0.8691315981513014,0.8885915835563123,0.0,0.2885391444713479,0.8861985472154964,0.9051654560129136,0.0,0.47339983374896094,0.3997985901309164,0.3961609369916495,0.0,0.3654822185183942,0.365012208826955,0.36491290553565275,0.0,0.5954413820867785,0.6024141616240302,0.6021492269728809,0.0,0.28894269572235676,0.426957223567393,0.42005201327235225,0.0,0.6472962066182405,1267,2972,2.404358353510896,5364,538,2.4807640570352434,5568,458,0.0,0,4111,True
83,0.1131617289946576,0.8448275862068966,0.8834385624089364,0.0,0.08698995768832535,0.7299281927240854,0.7887449232012362,0.0,0.1131617289946576,0.8448275862068966,0.8834385624089364,0.0,0.11891964525665144,0.8688524590163934,0.9033861865090029,0.0,0.5206703910614525,0.4312631709433494,0.4187384898710866,0.0,0.3954315458676004,0.3709684950821049,0.37154396152177843,0.0,0.621367001715983,0.6051299501996208,0.6056668900408065,0.0,0.1221445847890352,0.4591507659231389,0.44163755262922144,0.0,0.24052674012362268,429,3652,2.167965600644988,4588,639,2.3348562214458477,5050,480,0.0,0,4118,True
84,0.16400580551523947,0.8768746976294146,0.9025157232704403,0.0,0.11860572421028086,0.800391256308055,0.8342157938249878,0.0,0.16400580551523947,0.8768746976294146,0.9025157232704403,0.0,0.1735793159170482,0.8920010772959871,0.9159709130083491,0.0,0.5227447956823439,0.41504465307991756,0.4072254966164593,0.0,0.3741083655839936,0.37517557623769404,0.37397814228101356,0.0,0.5980517067453364,0.5970284189861373,0.5965545825511813,0.0,0.18058173983301912,0.44330729868031243,0.43123260615854203,0.0,0.3493132238082413,619,3456,2.3522757877726908,5109,509,2.4675464583894424,5431,403,0.0,0,4134,True
85,0.24123761179598743,0.8578680203045685,0.8839738941261784,0.0,0.1480542900778512,0.7588680171456942,0.7978668234533034,0.0,0.24123761179598743,0.8578680203045685,0.8839738941261784,0.0,0.26136058080129065,0.8776552836784082,0.9014520032266738,0.0,0.5944014294222751,0.41253051261187956,0.405567261838749,0.0,0.3633260103569746,0.36804229548164025,0.3687661940780231,0.0,0.5830007652226901,0.5940655241776567,0.5943489143730692,0.0,0.26620059155687015,0.4444743210540467,0.4340772609124317,0.0,0.4514654477009949,681,3139,2.3132562516805595,5054,588,2.4245764990588867,5360,480,0.0,0,4137,True
86,0.21553398058252426,0.8759708737864078,0.8983009708737864,0.0,0.17494396468601017,0.8214901358333062,0.8489286306217189,0.0,0.21553398058252426,0.8759708737864078,0.8983009708737864,0.0,0.22420741536808167,0.8856797420741537,0.907039226222461,0.0,0.434654919236417,0.39189922901509394,0.38628535643461015,0.0,0.35707828576778056,0.36790148482963536,0.3664506171270813,0.0,0.5935620026773784,0.6057340286253522,0.6044235729156726,0.0,0.22743148844707148,0.41778613648576035,0.40681533225864225,0.0,0.5488984416980118,1155,3232,2.4742074153680815,5600,511,2.574153680816765,5880,419,0.0,0,4120,True
87,0.39658952496954936,0.8774665042630938,0.8930572472594397,0.0,0.2850919959894859,0.7910745788967674,0.8135446961148961,0.0,0.39658952496954936,0.8774665042630938,0.8930572472594397,0.0,0.4168454935622318,0.8945815450643777,0.908530042918455,0.0,0.49938650306748467,0.4023232436054954,0.40004364906154516,0.0,0.3608996949900531,0.3654855522781015,0.3664176082086419,0.0,0.6055026216062251,0.6118368285814781,0.6125069037842161,0.0,0.4146548640915593,0.43405758226037194,0.4285586552217453,0.0,0.8744635193133047,1632,2477,2.4015557939914163,5351,503,2.458154506437768,5498,439,0.0,0,4105,True
88,0.38710462287104624,0.8637469586374696,0.8944038929440389,0.7165450121654501,0.25968379853499085,0.767165267910408,0.8113828855118027,0.5698454898621153,0.38710462287104624,0.8637469586374696,0.8944038929440389,0.7165450121654501,0.41247647216993816,0.883839741866093,0.9127453616563592,0.7453616563592363,0.5623895369388476,0.4129827826896231,0.4021441855376873,0.46495105778339124,0.3761859456290166,0.3671746455026644,0.36656942206091236,0.3694858288658937,0.6054000005147476,0.5979092489171296,0.5984208880165376,0.600790216068912,0.40826387021600785,0.45339248902034596,0.4341220758268351,0.5272474679573362,0.760688357085238,1238,2519,2.3113740252756116,5046,560,2.4579187953751007,5465,434,1.7031460069911266,3389,1165,True
89,0.14770797962648557,0.8695124909046811,0.9024981809362115,0.0,0.09570984879670996,0.8011487406391106,0.8469472452357655,0.0,0.14770797962648557,0.8695124909046811,0.9024981809362115,0.0,0.15798657718120807,0.8836241610738255,0.9139597315436242,0.0,0.5375110326566638,0.3964830789648308,0.39226228125658863,0.0,0.3539896718307513,0.36638456732688685,0.36759311882529094,0.0,0.6003136256271573,0.6014052241161748,0.6015342929607906,0.0,0.15986577181208053,0.41413870246085005,0.405503355704698,0.0,0.30416107382550334,524,3514,2.4273825503355706,5457,538,2.5465771812080535,5765,402,0.0,0,4123,True
90,0.0721724388471785,0.8713974327924436,0.9101477355291838,0.0,0.05008053194196804,0.8308414629411826,0.8840659033014718,0.0,0.0721724388471785,0.8713974327924436,0.9101477355291838,0.0,0.07635534084809448,0.8789586688137413,0.9149221685453569,0.0,0.5302491103202847,0.3952543117653521,0.3869838327669653,0.0,0.36930731442915943,0.3728594856392193,0.37229483445387207,0.0,0.6036948845423183,0.6017463843552096,0.6015140837817519,0.0,0.07836822329575953,0.4148774378242977,0.3999821077115763,0.0,0.15083199141170156,264,3831,2.443102522812668,5505,531,2.606280193236715,5953,371,0.0,0,4129,True
91,0.310353227771011,0.8752740560292327,0.8952496954933008,0.0,0.2263854350549331,0.7930101899833218,0.8208136807918156,0.0,0.310353227771011,0.8752740560292327,0.8952496954933008,0.0,0.32644849785407726,0.8901555793991416,0.9078594420600858,0.0,0.5126760563380282,0.4032095163281338,0.39971720687404827,0.0,0.37348817786895294,0.3662608249739143,0.3668082258032442,0.0,0.6199664781641723,0.6098533612625571,0.6101149414509494,0.0,0.32658261802575106,0.4298998569384835,0.4233279685264663,0.0,0.6665772532188842,1211,2831,2.3902896995708156,5318,512,2.4662017167381975,5519,430,0.0,0,4105,True
92,0.2590787228856934,0.8588837436022423,0.8813063611991226,0.666829149402876,0.19064274498325381,0.7426444555319653,0.7723347616955495,0.517161902505637,0.2590787228856934,0.8588837436022423,0.8813063611991226,0.666829149402876,0.2719203873050027,0.8809844002151694,0.9023668639053254,0.6955352339967724,0.5076408787010506,0.42735871937909287,0.42203548085901027,0.47148026882646904,0.37444820015112795,0.36837411480983745,0.36866729088295386,0.36787035895623355,0.5990100876302422,0.5998617840307287,0.6003301510556053,0.6033874159701622,0.2752824098977945,0.4738210507441276,0.4640487717410794,0.5210686749148288,0.5632060247444863,1031,3040,2.2178590640129103,4722,579,2.3044647660032274,4952,487,1.5607853684776762,3067,1367,True
93,0.1605089307560558,0.866405676535356,0.896990457548324,0.0,0.1071483955453193,0.7569501663207331,0.8062489316353275,0.0,0.1605089307560558,0.866405676535356,0.896990457548324,0.0,0.16970998925886144,0.8860096670247046,0.9139366272824919,0.0,0.5779735682819384,0.4229069628568016,0.4134431036427202,0.0,0.38513337821071253,0.367910597599662,0.3687595326484215,0.0,0.626502581581264,0.6158951337052863,0.6161662982762404,0.0,0.17266380236305048,0.4576620121732903,0.4434300035803795,0.0,0.3047798066595059,479,3431,2.2483888292158967,4832,546,2.3810418904403865,5201,421,0.0,0,4087,True
94,0.3351063829787234,0.8522727272727273,0.8914410058027079,0.7724854932301741,0.1889555456717548,0.7199075693059477,0.7868801402305924,0.598781588712021,0.3351063829787234,0.8522727272727273,0.8914410058027079,0.7724854932301741,0.36637120601665324,0.8807413376309428,0.9144507117915659,0.8118452860596294,0.6246056782334385,0.43914289273701257,0.42041049030786776,0.47424669734303104,0.3476172375891527,0.3702915065557011,0.3703731551679615,0.3678537294392496,0.5829075880788038,0.5944996584257938,0.5947534280170311,0.5935070360136521,0.3673560748500313,0.4896141104843763,0.45962037783149784,0.5390813859790492,0.5960247112543647,833,2750,2.156056943325275,4502,611,2.355627182379801,5083,449,1.8095621810367983,3542,941,True
95,0.1461352657004831,0.8492753623188406,0.8816425120772947,0.0,0.09635493101330028,0.7235238924546278,0.7738229581004196,0.0,0.1461352657004831,0.8492753623188406,0.8816425120772947,0.0,0.15727321524422974,0.8773483628556092,0.9061996779388084,0.0,0.5485040797824116,0.4410436527847466,0.4264516882813413,0.0,0.35852451641925326,0.37281692112472503,0.37219569359929255,0.0,0.596903257772823,0.5983233151842133,0.5979055364230484,0.0,0.16049382716049382,0.484388978350331,0.4654231526212202,0.0,0.29602791196994094,498,3535,2.1395598497047774,4456,624,2.2971014492753623,4909,490,0.0,0,4140,True
96,0.33032886723507915,0.87673568818514,0.8915956151035322,0.0,0.25126728441706064,0.7985741284326643,0.8197724124234674,0.0,0.33032886723507915,0.87673568818514,0.8915956151035322,0.0,0.34604026845637587,0.8903355704697986,0.9040268456375838,0.0,0.48119233498935415,0.40315895597625184,0.3994760969220694,0.0,0.3675183581539516,0.36743848505196475,0.3673660585738616,0.0,0.6149910707466898,0.6111929762583715,0.6108936779088431,0.0,0.34778523489932883,0.42751677852348996,0.42031319910514536,0.0,0.756510067114094,1462,2749,2.396510067114094,5328,506,2.4595973154362416,5502,445,0.0,0,4105,True
97,0.25484966052376334,0.850387972841901,0.9003394762366634,0.0,0.18748761524617907,0.732901195593906,0.805936371079227,0.0,0.25484966052376334,0.850387972841901,0.9003394762366634,0.0,0.26978803327072715,0.8745639924872551,0.9204453984437886,0.0,0.5045607297167547,0.42283578490475043,0.408605700451194,0.0,0.36998672441437536,0.3668215685449934,0.3676094418526569,0.0,0.5923444489806651,0.5947756265452279,0.5953473287219831,0.0,0.2709954386906359,0.45282175118504603,0.4290761112601735,0.0,0.5588945532599946,1032,3073,2.225382345049638,4787,617,2.438154011269117,5374,411,0.0,0,4124,True
98,0.11441090555014606,0.8634371957156767,0.8909444985394352,0.7580331061343719,0.06694628056081156,0.7302082460395426,0.7799702543318379,0.5697536209908037,0.11441090555014606,0.8634371957156767,0.8909444985394352,0.7580331061343719,0.12389023405972559,0.8914447134786118,0.9144471347861178,0.7960721011568469,0.5773955773955773,0.4328248932275778,0.4216589861751152,0.48542478565861263,0.3442551261276585,0.3671213666003877,0.36908681445811337,0.3665035856587642,0.5861319992046715,0.5982130216177532,0.5993586945128013,0.5988315046748861,0.12523540489642185,0.46856784144919733,0.45099094251636623,0.5343466953636444,0.2189938122141512,344,3638,2.204735001345171,4648,561,2.335216572504708,5020,448,1.7258541834813022,3301,994,True
99,0.1965065502183406,0.853954391072295,0.8864628820960698,0.0,0.1566320093247376,0.754552919287747,0.8024088404760903,0.0,0.1965065502183406,0.853954391072295,0.8864628820960698,0.0,0.2042461703843053,0.8735554958344531,0.903117441547971,0.0,0.4581447963800905,0.4230769230769231,0.4149443561208267,0.0,0.3644575513734392,0.3723104908542383,0.3728133435530992,0.0,0.5966470378991295,0.6029981137616436,0.6030518365355313,0.0,0.2139209889814566,0.45668727044701235,0.44548956373734655,0.0,0.4751410911045418,958,3312,2.235958075786079,4800,602,2.3665681268476217,5152,468,0.0,0,4122,True
0,0.1167953667953668,0.8583494208494209,0.8930984555984556,0.7029440154440154,0.0756186609144895,0.7273133489238598,0.7831885321211588,0.5305466092103653,0.1167953667953668,0.8583494208494209,0.8930984555984556,0.7029440154440154,0.12587224906065486,0.8856682769726248,0.9168008588298443,0.7396672034353193,0.587378640776699,0.43489424134979826,0.42143019813254384,0.4902389767754965,0.38366704179815186,0.3687180957030758,0.36973213430005764,0.3692234021848626,0.604650771038517,0.602107986693749,0.603123604421979,0.6010539707165784,0.12743782429772768,0.47772410091250667,0.4550008946144211,0.5335927715154768,0.22114868491680087,340,3660,2.1951154052603328,4622,587,2.356951154052603,5081,443,1.5947396672034353,3029,1231,False
1,0.16370280146163216,0.8857490864799026,0.8857490864799026,0.0,0.1413955171341523,0.8736235436203467,0.8736235436203467,0.0,0.16370280146163216,0.8857490864799026,0.8857490864799026,0.0,0.167739340305712,0.8873692679002414,0.8873692679002414,0.0,0.43215434083601284,0.3753484050789718,0.3753484050789718,0.0,0.37485793799537426,0.36813187562602234,0.36813187562602234,0.0,0.6208749427585948,0.6103118136651289,0.6103118136651289,0.0,0.17591847680343256,0.3862518995262358,0.3862518995262358,0.0,0.41700187717886833,883,3433,2.5977473853580046,6051,469,2.5977473853580046,6051,469,0.0,0,4105,False
2,0.19534883720930232,0.8873929008567931,0.9101591187270501,0.0,0.1498079151180542,0.8018450709544838,0.8328435359153422,0.0,0.19534883720930232,0.8873929008567931,0.9101591187270501,0.0,0.20462489916644258,0.9009142242538317,0.9230976068835709,0.0,0.462877030162413,0.4055717162676214,0.40099223468507333,0.0,0.3609993970419583,0.36628892534119956,0.3664835892930743,0.0,0.6145312256258021,0.6141259689885162,0.6142168165405224,0.0,0.20753786860267098,0.43076095724657165,0.42399390517164104,0.0,0.4635654745899435,926,3287,2.4033342296316214,5313,460,2.4931433180962626,5554,367,0.0,0,4085,False
3,0.3649369544131911,0.862027158098933,0.8954898157129001,0.0,0.2538877088567281,0.7886582366081832,0.834180136798977,0.0,0.3649369544131911,0.862027158098933,0.8954898157129001,0.0,0.38866505506312116,0.8785925329035724,0.908675799086758,0.0,0.525305410122164,0.4020583578375933,0.39493102341995506,0.0,0.36789913702856364,0.36821984202043145,0.3688958218781826,0.0,0.6016277442795912,0.5965190149625489,0.5982598445820612,0.0,0.3855761482675262,0.43567015847434865,0.4202703912615274,0.0,0.7695406929895245,1360,2619,2.374966424926135,5287,569,2.5116841257050764,5658,431,0.0,0,4124,False
4,0.14233753637245392,0.8823957322987391,0.8823957322987391,0.0,0.08444092426966571,0.7953751082537425,0.7953751082537425,0.0,0.14233753637245392,0.8823957322987391,0.8823957322987391,0.0,0.1541867954911433,0.8988191089640365,0.8988191089640365,0.0,0.6002044989775052,0.4159332495142302,0.4159332495142302,0.0,0.3602113625397583,0.3718197238842496,0.3718197238842496,0.0,0.6178062677708595,0.6095350540771882,0.6095350540771882,0.0,0.15539452495974235,0.4549561638933619,0.4549561638933619,0.0,0.26247987117552335,391,3537,2.3480944712828773,5110,485,2.3480944712828773,5110,485,0.0,0,4124,False
5,0.2918287937743191,0.890807392996109,0.9068579766536965,0.0,0.22426106275507018,0.8235601967366716,0.847291267558941,0.0,0.2918287937743191,0.890807392996109,0.9068579766536965,0.0,0.3043244695138329,0.9035723878592533,0.9182111200644641,0.0,0.4821213338690237,0.40006553079947577,0.39611217335882726,0.0,0.3697022390774897,0.3687590288763058,0.3685965267942886,0.0,0.600619483037121,0.5979900039790914,0.5973355460051424,0.0,0.31103948428686545,0.4215238606858268,0.4143611782612588,0.0,0.6685468708031158,1289,2912,2.459307010475423,5493,449,2.5286059629331183,5685,383,0.0,0,4112,False
6,0.3112887596899225,0.8580426356589147,0.8931686046511628,0.0,0.218848700772182,0.7396088787109524,0.794375847644785,0.0,0.3112887596899225,0.8580426356589147,0.8931686046511628,0.0,0.331273508866201,0.8827243417517464,0.9137560451370231,0.0,0.501170046801872,0.42383630489410073,0.41278549037169726,0.0,0.35890821773004294,0.36750274740860384,0.36825451268009396,0.0,0.6034898502339381,0.6094404455825297,0.6094926819610625,0.0,0.32921368439906856,0.4649829840587497,0.44702668816048713,0.0,0.6888769478774852,1279,2843,2.2452982267598065,4815,586,2.399785061794734,5245,441,0.0,0,4128,False
7,0.1538648517258143,0.8514827418570734,0.9005833738454059,0.0,0.09221071318783917,0.8045026610778004,0.8606490001457162,0.0,0.1538648517258143,0.8514827418570734,0.9005833738454059,0.0,0.16599462365591397,0.860752688172043,0.9083333333333333,0.0,0.6381048387096774,0.39061106155218556,0.38662214337890016,0.0,0.404332446785656,0.3689197845711694,0.3692005365627838,0.0,0.6248626736771863,0.6111126488990674,0.6113591887705576,0.0,0.16411290322580646,0.3976254480286738,0.39310035842293906,0.0,0.26666666666666666,359,3481,2.410752688172043,5465,611,2.5760752688172044,5878,409,0.0,0,4114,False
8,0.11891362857841938,0.8854905798874481,0.8854905798874481,0.0,0.08890524789870309,0.8322638644236479,0.8322638644236479,0.0,0.11891362857841938,0.8854905798874481,0.8854905798874481,0.0,0.12446294307196563,0.8956766917293233,0.8956766917293233,0.0,0.46418338108882523,0.38834638909754265,0.38834638909754265,0.0,0.35300595580808913,0.36434632949798,0.36434632949798,0.0,0.5984819265402772,0.6125867337840738,0.6125867337840738,0.0,0.12808807733619765,0.41245972073039744,0.41245972073039744,0.0,0.28114930182599357,561,3601,2.5024167561761548,5700,468,2.5024167561761548,5700,468,0.0,0,4087,False
9,0.22119140625,0.87255859375,0.90234375,0.0,0.1623296950388928,0.8090447672736684,0.8486148061012738,0.0,0.22119140625000003,0.87255859375,0.90234375,0.0,0.23320795271359485,0.8833960236432026,0.9113379903277807,0.0,0.49807586586036284,0.40035846308950374,0.39652397811393625,0.0,0.372169022527507,0.36836198583166274,0.3692834408981594,0.0,0.6198496605663559,0.6051751346484086,0.6058470498332047,0.0,0.23576034390112843,0.4288912770911696,0.4208758731864588,0.0,0.48871574422353575,913,3190,2.3984416980118217,5353,522,2.50429876410532,5625,400,0.0,0,4096,False
10,0.2151219512195122,0.8870731707317073,0.9102439024390244,0.0,0.1611443909142417,0.8215631930593935,0.8562705144089113,0.0,0.2151219512195122,0.8870731707317073,0.9102439024390244,0.0,0.226257734732311,0.8988431530804413,0.9203658864675813,0.0,0.5092378752886836,0.4005065521418346,0.3953808666172264,0.0,0.3767013674862452,0.36969097718491173,0.3700932345115757,0.0,0.6114144320218629,0.6043042826920335,0.6044040664229392,0.0,0.23083131557707828,0.4339072728903237,0.4231907452246435,0.0,0.4659671778315846,850,3218,2.443099273607748,5444,463,2.5394135055152005,5707,368,0.0,0,4100,False
11,0.23752446183953033,0.8823385518590998,0.9026418786692759,0.0,0.1784039520757219,0.8219607252882529,0.8551368519154363,0.0,0.23752446183953035,0.8823385518590998,0.9026418786692759,0.0,0.24905913978494623,0.8936827956989247,0.9116935483870968,0.0,0.4826043737574553,0.3900724559316535,0.38517745302713985,0.0,0.3627308552111623,0.364896769788071,0.36526720242672733,0.0,0.6092694560396145,0.6125387133572943,0.6119638835847471,0.0,0.24883512544802866,0.4132616487455197,0.4040770609318996,0.0,0.5408602150537635,1041,3117,2.485752688172043,5640,481,2.575268817204301,5890,398,0.0,0,4088,False
12,0.14975728155339807,0.8645631067961165,0.887378640776699,0.0,0.13023177111112846,0.7991077347123969,0.8255938952574889,0.0,0.14975728155339807,0.8645631067961165,0.887378640776699,0.0,0.155005382131324,0.8775565123789021,0.8997578040904198,0.0,0.4185888738127544,0.40445100488247987,0.3977371627502176,0.0,0.36741756185104474,0.3712873743194782,0.36918681412235893,0.0,0.5844786038757789,0.5913202377177974,0.5902334314631761,0.0,0.15890742734122712,0.42240760674560457,0.41294402583423034,0.0,0.3966630785791173,857,3503,2.370021528525296,5245,558,2.473627556512379,5536,464,0.0,0,4120,False
13,0.20202751629254165,0.8696596669080376,0.8906589427950761,0.0,0.1509220073183818,0.7689683135117772,0.8034707436921683,0.0,0.20202751629254165,0.8696596669080376,0.8906589427950761,0.0,0.21298283261802575,0.8906920600858369,0.9089324034334764,0.0,0.5,0.4236331569664903,0.4164315540006771,0.0,0.3813096231678663,0.37323966142486614,0.3733987856672236,0.0,0.6084966107482193,0.5970192610794688,0.5965180024206618,0.0,0.21901824034334763,0.4504202432045779,0.43902002861230327,0.0,0.4490343347639485,837,3306,2.281384120171674,4902,540,2.3768776824034337,5171,453,0.0,0,4143,False
14,0.2505516057857318,0.8906594753616083,0.9085560186320176,0.0,0.19087733847919428,0.8286205341130426,0.8512321612784749,0.0,0.2505516057857318,0.8906594753616083,0.9085560186320176,0.0,0.2622575431034483,0.9019396551724138,0.9190463362068966,0.0,0.47846441947565543,0.39313927064170545,0.3898590363980644,0.0,0.3672148800020531,0.3665132681998558,0.3657264197306332,0.0,0.6249175766770705,0.61613605544396,0.6145042953848715,0.0,0.26239224137931033,0.4189116379310345,0.4125359195402299,0.0,0.5754310344827587,1114,3057,2.4894935344827585,5608,446,2.5608836206896552,5800,373,0.0,0,4079,False
15,0.2923039572711823,0.8633163389172129,0.8841951930080116,0.0,0.223483585292245,0.784414441694495,0.8106440539411363,0.0,0.2923039572711823,0.8633163389172129,0.8841951930080116,0.0,0.3068242880171951,0.8796346050510478,0.8989790435249866,0.0,0.47160203681942814,0.4019441618627783,0.39785885951496613,0.0,0.359991268684912,0.3667859845488972,0.36692170079111364,0.0,0.5811967417515208,0.5968607556104809,0.5977660715135343,0.0,0.303644993730969,0.426159770732581,0.41912950026867274,0.0,0.685921547555078,1349,2915,2.376947877485223,5291,563,2.459430413756045,5512,477,0.0,0,4119,False
16,0.1973137973137973,0.882051282051282,0.9089133089133089,0.0,0.15813871953096417,0.8344209604706352,0.861700551051738,0.0,0.1973137973137973,0.882051282051282,0.9089133089133089,0.0,0.20445996775926922,0.8898441698011822,0.9173831273508867,0.0,0.47810650887573963,0.39213983280859843,0.38786994581075446,0.0,0.383123975932014,0.3692056932104825,0.36766905999321714,0.0,0.6368932674428341,0.6123081390536265,0.6114705903223074,0.0,0.20983342289091886,0.4169801182160129,0.40847214759090095,0.0,0.4540569586243955,882,3287,2.4747447608812467,5599,483,2.5781837721655023,5874,373,0.0,0,4095,False
17,0.366488326848249,0.8720817120622568,0.8961575875486382,0.0,0.2785191284589082,0.7863925712901968,0.8171722571799999,0.0,0.366488326848249,0.8720817120622568,0.8961575875486382,0.0,0.3841086313525141,0.8906964237698306,0.9135520301156225,0.0,0.5074074074074074,0.40629956945388623,0.39950130095403297,0.0,0.38170529310521606,0.36737489305576543,0.366501160333181,0.0,0.6142171557255366,0.5988504051315018,0.598867640704298,0.0,0.3858115980998476,0.4424128349914851,0.4294165098144662,0.0,0.7986017746706103,1463,2605,2.3732186071524604,5240,526,2.4802366227480506,5539,427,0.0,0,4112,False
18,0.19642857142857142,0.8613013698630136,0.898238747553816,0.0,0.12417360012601801,0.7562464084049373,0.8086252259662418,0.0,0.19642857142857142,0.8613013698630136,0.898238747553816,0.0,0.2096557288864981,0.8792361484669177,0.9143356643356644,0.0,0.5631136044880786,0.4136513157894737,0.4059701492537313,0.0,0.36479838039471063,0.36480649570574314,0.36569077521364085,0.0,0.6209110886427804,0.6158480581169601,0.6158145317911233,0.0,0.21243500089653933,0.4502868925945849,0.4368388022234176,0.0,0.38353953738569124,623,3285,2.28940290478752,4991,567,2.4327595481441637,5373,416,0.0,0,4088,False
19,0.12354085603112841,0.8742704280155642,0.8742704280155642,0.0,0.11428929125869623,0.7810789222823536,0.7810789222823536,0.0,0.1235408560311284,0.8742704280155642,0.8742704280155642,0.0,0.12479849543256313,0.891993551853842,0.891993551853842,0.0,0.3788217747949292,0.4082907438955139,0.4082907438955139,0.0,0.3493884273270331,0.3673527307836519,0.3673527307836519,0.0,0.5977084921386744,0.6071844694279953,0.6071844694279953,0.0,0.13191832348199892,0.4346229625649292,0.4346229625649292,0.0,0.3602901665771091,833,3604,2.3656636217087588,5210,517,2.3656636217087588,5210,517,0.0,0,4112,False
20,0.33446932814021424,0.8617332035053554,0.8804771178188899,0.0,0.23753589045147583,0.7827745097489526,0.807975859285038,0.0,0.33446932814021424,0.8617332035053554,0.8804771178188899,0.0,0.35366836871808655,0.8767804353668369,0.8941144853533997,0.0,0.4900142653352354,0.40022611644997175,0.3970362239297475,0.0,0.35419186211581216,0.3651117208514511,0.3658865354798238,0.0,0.5921246257184544,0.5978722464294204,0.5991275904870473,0.0,0.3538027411986025,0.43003672847800767,0.4228254053569828,0.0,0.7535608707336737,1430,2734,2.377049180327869,5305,568,2.4482665950013436,5493,491,0.0,0,4108,False
21,0.2527285956827553,0.8653892796507398,0.8823672083434393,0.0,0.19776557751797372,0.789091210676674,0.8124435335697316,0.0,0.2527285956827553,0.8653892796507398,0.8823672083434393,0.0,0.26472169938155415,0.882091960204356,0.897284216187147,0.0,0.4641425389755011,0.4004938825906387,0.3958650707290533,0.0,0.3630205781699825,0.3667933874957903,0.3663091778042853,0.0,0.5894457526963415,0.5982648181687775,0.597658274036761,0.0,0.2683517074482388,0.4292820650712557,0.4210809357354127,0.0,0.6036568970153267,1203,3081,2.39553643452541,5341,555,2.471094380209734,5552,485,0.0,0,4123,False
22,0.44255937954435287,0.8761512360639845,0.8972370334464372,0.6136694134755211,0.29497900111751535,0.7810071904870527,0.8160805404296295,0.448111621501143,0.44255937954435287,0.8761512360639845,0.8972370334464372,0.6136694134755211,0.47286405158516925,0.895351961311123,0.9138903815153143,0.6479043524986566,0.5475262368815592,0.41854810698159084,0.40919641870233225,0.4883317261330762,0.36295099981250584,0.37143751609342984,0.3706687188894162,0.3595453305289913,0.5886523802442123,0.5942175240175319,0.593765193655134,0.5874410206762083,0.46422174458176607,0.45987820168368254,0.4437130574959699,0.5373007343722013,0.8960236432025792,1509,2300,2.3205265986029016,5022,511,2.4306824288017195,5345,424,1.393068242880172,2653,1594,False
23,0.12859560067681894,0.8624607203287407,0.8992023205221175,0.0,0.10335596577675443,0.7655683264652767,0.8240501034913823,0.0,0.12859560067681894,0.8624607203287407,0.8992023205221175,0.0,0.13320825515947468,0.8831412489949075,0.9143661216831949,0.0,0.47971145175834085,0.4141613464886825,0.40567066521264994,0.0,0.4015360277607675,0.3693744307000299,0.37086364083545004,0.0,0.6175342288903485,0.6067636717354499,0.606379471878519,0.0,0.14057893326186008,0.43924774412579287,0.42432770481550963,0.0,0.2972393460198338,577,3605,2.3090324309836503,5047,569,2.4577861163227017,5450,417,0.0,0,4137,False
24,0.3139111434814275,0.8786113134255887,0.896091284292304,0.0,0.24284058122434626,0.8032119427325619,0.8283596987950498,0.0,0.3139111434814275,0.8786113134255887,0.896091284292304,0.0,0.32769272092398605,0.8933655654042439,0.9098845017459039,0.0,0.4851782363977486,0.4080045095828636,0.40374097571647344,0.0,0.3762064474391065,0.3716998858048102,0.3715256935493816,0.0,0.6049751956895028,0.598614357712802,0.5979502780007436,0.0,0.3297072253558958,0.44296714119437725,0.43513295729250606,0.0,0.7158205748052646,1372,2826,2.382487241471931,5251,500,2.4555466022025247,5451,428,0.0,0,4119,False
25,0.29468833373756975,0.844288139704099,0.8707252000970167,0.7610962891098715,0.16288735746400512,0.6890058380160092,0.7376664218128189,0.5547768710590458,0.29468833373756975,0.844288139704099,0.8707252000970167,0.7610962891098715,0.3212943071965628,0.8747314715359829,0.8970193340494093,0.8012889366272825,0.677257525083612,0.44208788417576833,0.42922046867527497,0.4890135577372604,0.37541474346920495,0.3646191477746892,0.3662765411992144,0.3615044480152883,0.6035162496576901,0.5974688105924274,0.5983572310279321,0.5973707110950541,0.3148496240601504,0.48634980307912634,0.46589688506981736,0.5401002506265664,0.4817400644468314,579,2908,2.114393125671321,4393,642,2.2459720730397423,4774,533,1.7231471535982814,3279,985,False
26,0.1985594237695078,0.8842737094837935,0.904921968787515,0.0,0.15413376200068932,0.8160616122508308,0.8452090926141805,0.0,0.1985594237695078,0.8842737094837935,0.904921968787515,0.0,0.20733673743617306,0.8989518946519752,0.917495296963182,0.0,0.49520958083832334,0.39971782070761885,0.39486642221058144,0.0,0.38156479940316973,0.37089224966744155,0.37072822567415525,0.0,0.5978874699161063,0.5900372908556899,0.589748945751485,0.0,0.21324912657887665,0.4225566603959509,0.41377765833557284,0.0,0.4488040849234077,843,3338,2.4762160709486696,5531,482,2.5651706530502554,5776,396,0.0,0,4165,False
27,0.2608167233835683,0.8881866796305299,0.9076324744773943,0.0,0.1850535694820172,0.8264855080237198,0.851328834788458,0.0,0.2608167233835683,0.8881866796305299,0.9076324744773943,0.0,0.2750604676162322,0.8997581295350712,0.9177640419242139,0.0,0.4809502465262214,0.3896768689346273,0.3874649787278199,0.0,0.34957556103908133,0.36545661769945914,0.36587415240063637,0.0,0.6011049698041233,0.6135544911927031,0.6138499655279103,0.0,0.27841977962913195,0.41126937203260766,0.4055361461972588,0.0,0.5995700080623488,1158,3041,2.5200214995968824,5723,460,2.5898951894651976,5903,380,0.0,0,4114,False
28,0.3899782135076253,0.8750907770515614,0.9022028564512224,0.6811909949164852,0.2554997306089275,0.7804758792289404,0.8239222915491307,0.5141669352084186,0.3899782135076253,0.8750907770515614,0.9022028564512224,0.6811909949164852,0.4184359043267939,0.8973394248857834,0.9200483740929858,0.7178177909164203,0.5767991407089151,0.4158040027605245,0.4047567332754127,0.49559704121169423,0.37705631167226844,0.37016845244138463,0.3696875890664401,0.3733072138251435,0.6133453670661775,0.6003525329849838,0.6005512756899183,0.6050418596625109,0.4181671593657619,0.4500134372480516,0.43205231568574753,0.5441637552629222,0.750604676162322,1182,2520,2.3364686912120396,5079,516,2.4746036011824777,5481,404,1.5259338887395861,2864,1317,False
29,0.2217095677513356,0.8763963088878096,0.9014084507042254,0.0,0.15991520765438388,0.8086593696406653,0.8467892384871515,0.0,0.22170956775133563,0.8763963088878096,0.9014084507042254,0.0,0.23517574456667562,0.8907968875771398,0.9129326536088006,0.0,0.519044911881751,0.4053689767494103,0.3983687486585104,0.0,0.3765371667569563,0.37117763609719806,0.3709864790342463,0.0,0.6183197572015224,0.6072375803159031,0.6066344674948299,0.0,0.23915571058044896,0.43667829353367316,0.42232358465253556,0.0,0.47196136302656294,846,3205,2.3887845452106253,5294,509,2.5001341561577677,5606,406,0.0,0,4118,False
30,0.031746031746031744,0.8525030525030525,0.8945054945054945,0.0,0.026336045909571986,0.730112096917266,0.7914551638510604,0.0,0.031746031746031744,0.8525030525030525,0.8945054945054945,0.0,0.03289473684210526,0.8751342642320086,0.9131310418904404,0.0,0.41139240506329117,0.42110977080820267,0.4089082384460817,0.0,0.3473987600230488,0.3639056910478214,0.3646116417882826,0.0,0.5977311802465327,0.6186435273417454,0.619103221075056,0.0,0.03383458646616541,0.4585123523093448,0.44132653061224486,0.0,0.08485499462943072,186,3965,2.2261009667024703,4799,604,2.4054779806659505,5295,432,0.0,0,4095,False
31,0.42228168328873755,0.8645098516176113,0.8837265872050596,0.7725614205789346,0.24329499072221047,0.7334524136885666,0.7682706122652863,0.5954321556066918,0.42228168328873755,0.8645098516176113,0.8837265872050596,0.7725614205789346,0.4565450643776824,0.8889484978540773,0.9061158798283262,0.8055257510729614,0.6666666666666666,0.431992220736599,0.42131508755653485,0.4893682588597843,0.39002655864903185,0.3668628080446991,0.3667179055530258,0.3733570605436354,0.6198348885960138,0.6042563094376707,0.6041818013241919,0.6070508595556751,0.45895922746781115,0.47885371959942774,0.4616863376251788,0.5574481402002861,0.6984978540772532,868,2375,2.20681330472103,4673,557,2.313036480686695,4990,478,1.7408798283261802,3314,935,False
32,0.27230843840931135,0.8785160038797284,0.9008244422890398,0.0,0.18829720531415803,0.8030463481071175,0.8354753983285409,0.0,0.27230843840931135,0.8785160038797284,0.9008244422890398,0.0,0.2892051557465091,0.8952738990332976,0.9152792696025779,0.0,0.5035874439461884,0.4029585140696252,0.3996342512908778,0.0,0.35351319066231884,0.3684137057729448,0.36993375826667485,0.0,0.5877696431938636,0.5955905152141908,0.5972206688568733,0.0,0.29470998925886144,0.43882026494808446,0.43143573218761183,0.0,0.5988184747583244,1107,3001,2.4143394199785178,5368,501,2.4962406015037595,5581,409,0.0,0,4124,False
33,0.09389442957917782,0.845293116030163,0.8885915835563123,0.0,0.06090501876329979,0.7349517009463028,0.7949558228329651,0.0,0.09389442957917782,0.845293116030163,0.8885915835563123,0.0,0.0999462654486835,0.8678130037614186,0.9079795808704997,0.0,0.5813253012048193,0.414035505778625,0.4047645429362881,0.0,0.3890860120799262,0.36402000105027055,0.3645773541888371,0.0,0.5928303256264199,0.6075010406779211,0.6063869700216846,0.0,0.1031703385276733,0.4424144725058212,0.42674189503850973,0.0,0.1783987103707684,278,3725,2.254970445996776,4918,636,2.424771628156905,5372,458,0.0,0,4111,False
34,0.28564453125,0.88818359375,0.907470703125,0.0,0.21544146255259713,0.8278604501507719,0.8544515968767974,0.0,0.28564453125,0.88818359375,0.907470703125,0.0,0.29728640515851695,0.8984416980118216,0.9157710908113917,0.0,0.4738760631834751,0.40088154269972454,0.3971153846153846,0.0,0.3618389023526705,0.3709569789019769,0.3708945432761536,0.0,0.6057214192290713,0.6059490127315146,0.6057952286883252,0.0,0.30248074511911155,0.42593587676876227,0.41984596095289267,0.0,0.6633530360021493,1299,2926,2.438205265986029,5437,458,2.5147770016120363,5643,379,0.0,0,4096,False
35,0.14901387874360847,0.8687606525444364,0.8948137326515705,0.0,0.09079829041528627,0.7782145130453099,0.8194346928993831,0.0,0.14901387874360847,0.8687606525444364,0.8948137326515705,0.0,0.16049879324215607,0.8865647626709574,0.9092249932957898,0.0,0.5795454545454546,0.40642442191593575,0.39768423330808356,0.0,0.3569264470209177,0.36595551130910414,0.36583834575543067,0.0,0.5916445754332403,0.6024771527246656,0.6019993689092893,0.0,0.16233127737552513,0.4361312237418432,0.4217395190846518,0.0,0.2831858407079646,444,3495,2.3542504692947173,5211,539,2.4781442746044515,5566,432,0.0,0,4107,False
36,0.04313060334383329,0.8412890719651078,0.8904773443179065,0.0,0.038841979031240696,0.7628059006442021,0.8272327146111133,0.0,0.04313060334383329,0.8412890719651078,0.8904773443179065,0.0,0.0443190975020145,0.8569701853344077,0.9020950846091862,0.0,0.3538767395626243,0.4025974025974026,0.39241857981847306,0.0,0.3343607151974644,0.3670883083975251,0.36671942713385547,0.0,0.5572758198323658,0.5905617929046705,0.5898964885316942,0.0,0.04633360193392425,0.41825588682961773,0.4032590205031784,0.0,0.1351060972334139,325,3949,2.3164114961052915,5152,655,2.5154445339779747,5690,452,0.0,0,4127,False
37,0.147985347985348,0.8796092796092796,0.8796092796092796,0.0,0.12144636805645276,0.7990984733564604,0.7990984733564604,0.0,0.147985347985348,0.8796092796092796,0.8796092796092796,0.0,0.15302826379542395,0.8965006729475101,0.8965006729475101,0.0,0.46795366795366794,0.39840725583453157,0.39840725583453157,0.0,0.37328014452463765,0.36416130669126073,0.36416130669126073,0.0,0.5922422261448739,0.5980591673739549,0.5980591673739549,0.0,0.15652759084791387,0.4275459847465231,0.4275459847465231,0.0,0.34858681022880217,689,3489,2.4336473755047106,5439,493,2.4336473755047106,5439,493,0.0,0,4095,False
38,0.0979631425800194,0.8753637245392822,0.8753637245392822,0.0,0.0629030909392377,0.7935578193929619,0.7935578193929619,0.0,0.0979631425800194,0.8753637245392822,0.8753637245392822,0.0,0.10539742212674544,0.8921858216970999,0.8921858216970999,0.0,0.6066066066066066,0.4114897982446142,0.4114897982446142,0.0,0.4394078144078144,0.37086538772302774,0.37086538772302774,0.0,0.6457513953876708,0.6094803175589095,0.6094803175589095,0.0,0.1078141783029001,0.44128177586824197,0.44128177586824197,0.0,0.17883995703544575,262,3720,2.355800214822771,5163,514,2.355800214822771,5163,514,0.0,0,4124,False
39,0.22683397683397682,0.8663127413127413,0.8911679536679536,0.0,0.1518000428388828,0.7889206896639838,0.8227496741600427,0.0,0.22683397683397682,0.8663127413127413,0.8911679536679536,0.0,0.24269241083400375,0.8812013944757308,0.9046661303298471,0.0,0.5506736965436438,0.4159907300115875,0.40829187396351574,0.0,0.3702885219746004,0.3746815910676186,0.37362597139593845,0.0,0.6009320687839848,0.5959974315418624,0.5953367567355482,0.0,0.24497184231697505,0.4454724233485295,0.4324215607401448,0.0,0.4577634754625905,767,3204,2.314293376240279,5040,554,2.425583266291231,5352,451,0.0,0,4144,False
40,0.3276029055690073,0.8709443099273608,0.9053268765133172,0.0,0.23001113639347648,0.7817074433181957,0.8334747671176069,0.0,0.3276029055690073,0.8709443099273608,0.9053268765133172,0.0,0.34826472962066185,0.8894269572235673,0.9207694377185902,0.0,0.5473300970873787,0.4158862296219216,0.40513598439700943,0.0,0.381255451147591,0.37178864726038235,0.3717508981416436,0.0,0.6055964551553056,0.5979813951637765,0.5982856924309037,0.0,0.3499686126804771,0.44834543987086356,0.43229306788628813,0.0,0.6650524616626311,1119,2777,2.3268765133171914,5052,533,2.4829163303739574,5490,391,0.0,0,4130,False
41,0.1946620959843291,0.8829578844270323,0.8829578844270323,0.0,0.1462804452067241,0.8039559117149762,0.8039559117149762,0.0,0.1946620959843291,0.8829578844270323,0.8829578844270323,0.0,0.20344456404736275,0.896259418729817,0.896259418729817,0.0,0.47237076648841353,0.4090754395916052,0.4090754395916052,0.0,0.3586072571512406,0.36912995294684325,0.36912995294684325,0.0,0.620389712163943,0.6199518683426032,0.6199518683426032,0.0,0.20757086472909936,0.44066200215285245,0.44066200215285245,0.0,0.45290635091496234,888,3289,2.3721743810548976,5209,478,2.3721743810548976,5209,478,0.0,0,4084,False
42,0.283855421686747,0.8568674698795181,0.8766265060240964,0.0,0.20284015981246076,0.7621756895416197,0.7889157167404274,0.0,0.283855421686747,0.8568674698795181,0.8766265060240964,0.0,0.3011531241619737,0.8763743631000268,0.8947438991686779,0.0,0.5086355785837651,0.41291221551323737,0.40734520210502745,0.0,0.36438506934881065,0.3688958669787965,0.3688936373019003,0.0,0.5861893925037789,0.5942850144559632,0.5949755658676121,0.0,0.3023598820058997,0.44395280235988194,0.43362831858407075,0.0,0.6210780370072405,1138,2972,2.309466344864575,5056,594,2.395012067578439,5293,512,0.0,0,4150,False
43,0.15923412506059137,0.8858458555501697,0.8858458555501697,0.0,0.131018385587922,0.8203488026172953,0.8203488026172953,0.0,0.15923412506059137,0.8858458555501697,0.8858458555501697,0.0,0.16492076282567822,0.8986032769272092,0.8986032769272092,0.0,0.456884561891516,0.39879978177850517,0.39879978177850517,0.0,0.3669611808956071,0.3693682290809079,0.3693682290809079,0.0,0.5956088244773353,0.6116311480363115,0.6116311480363115,0.0,0.17056137523502551,0.4205389918524487,0.4205389918524487,0.0,0.38624764974482945,781,3469,2.461724415793715,5510,471,2.461724415793715,5510,471,0.0,0,4126,False
44,0.04524446606665045,0.8854293359279981,0.8854293359279981,0.0,0.03271608071215576,0.8396808600990706,0.8396808600990706,0.0,0.04524446606665045,0.8854293359279981,0.8854293359279981,0.0,0.048200859291084856,0.8962137486573577,0.8962137486573577,0.0,0.5081967213114754,0.3919879388326513,0.3919879388326513,0.0,0.3651315173162053,0.3707996788557591,0.3707996788557591,0.0,0.5795647782562129,0.6026734604154695,0.6026734604154695,0.0,0.04994629430719656,0.40561224489795916,0.40561224489795916,0.0,0.09828141783029001,180,3925,2.4935553168635876,5646,471,2.4935553168635876,5646,471,0.0,0,4111,False
45,0.1063777994157741,0.8670886075949367,0.9021421616358325,0.0,0.0865178433445779,0.7904937541424797,0.841360350294004,0.0,0.1063777994157741,0.8670886075949367,0.9021421616358325,0.0,0.11039484286865431,0.8816814396991673,0.9141821112006446,0.0,0.5171597633136095,0.4071787837219936,0.3990954124488477,0.0,0.3971227041068616,0.36987401364198175,0.3703480941353244,0.0,0.6113618624403826,0.6099271914219474,0.6102642418543223,0.0,0.11509535320977707,0.43732652878503,0.42197152833736234,0.0,0.22696749932849852,408,3671,2.3497179693795327,5186,546,2.494225087295192,5580,402,0.0,0,4108,False
46,0.07669831994156319,0.860482103725347,0.8999269539810081,0.0,0.05594190872015011,0.797926119626637,0.8421012256314153,0.0,0.07669831994156319,0.860482103725347,0.8999269539810081,0.0,0.08145464304884595,0.8719806763285024,0.9112989801395599,0.0,0.45323741007194246,0.3964994951194884,0.39140103780578206,0.0,0.3500929843634743,0.36715174445241217,0.36637840033643476,0.0,0.6085033108655749,0.6027692598763413,0.60193631331088,0.0,0.07912864555376632,0.4081678296654142,0.4022633744855967,0.0,0.18652710681696189,380,3792,2.392109500805153,5379,573,2.534353193773484,5747,411,0.0,0,4107,False
47,0.35885518590998045,0.8828277886497065,0.8972602739726028,0.0,0.2476298626668604,0.8072781138650011,0.8288768696712164,0.0,0.35885518590998045,0.8828277886497065,0.8972602739726028,0.0,0.3787308416240925,0.8976875504167787,0.9101909115353589,0.0,0.548411214953271,0.4017141585040071,0.39701266370819355,0.0,0.3758846591565195,0.367010995944511,0.36669972623907654,0.0,0.6350339515394638,0.6197374831617817,0.6194905171885626,0.0,0.37994084431298736,0.43147799587702784,0.42193241910907947,0.0,0.7192793761763915,1208,2621,2.415703146006991,5375,479,2.484269965044367,5571,420,0.0,0,4088,False
48,0.2935491664653298,0.8765402271079971,0.8973181928001933,0.0,0.22035012329882245,0.8059671781505576,0.8317588057399089,0.0,0.2935491664653298,0.8765402271079971,0.8973181928001933,0.0,0.30951101558301986,0.8907845244492208,0.9112036539494895,0.0,0.49290060851926976,0.4135415479311524,0.40948180815876517,0.0,0.37010987024126213,0.3762441095223777,0.37574614921844934,0.0,0.5926207121379924,0.5978961574334283,0.5973881534256551,0.0,0.311078273329751,0.44433996059466235,0.4380709296077377,0.0,0.6622783449758195,1250,2924,2.357066093498119,5145,511,2.4368619022031166,5356,425,0.0,0,4139,False
49,0.19055731321489414,0.8598199075200779,0.8839133609150644,0.0,0.122620087683373,0.7912746593263087,0.8255891107971793,0.0,0.19055731321489414,0.8598199075200779,0.8839133609150644,0.0,0.20475295381310418,0.8735230934479055,0.8955424274973147,0.0,0.5690406976744186,0.40088505616702597,0.3947397022062819,0.0,0.3660947077165024,0.36811581634771073,0.36786826375393167,0.0,0.6053251383996022,0.6074007123704356,0.6070368469207074,0.0,0.20918367346938777,0.4280343716433942,0.41563730755460077,0.0,0.3694951664876477,593,3326,2.3665413533834587,5280,576,2.470730397422127,5569,477,0.0,0,4109,False
50,0.15636452479843635,0.879794771561202,0.9071585634009284,0.0,0.13993352235795475,0.8294861625645636,0.8619503969492536,0.0,0.15636452479843635,0.879794771561202,0.9071585634009284,0.0,0.16016675632060248,0.8890532544378699,0.915277030661646,0.0,0.412105602060528,0.39523652727472286,0.3908421052631579,0.0,0.3700800867454799,0.3695634883680077,0.36911150350656136,0.0,0.6181188439500643,0.6085430769655408,0.6086946576345653,0.0,0.16379774072081765,0.41213914290837367,0.404159942621481,0.0,0.41769768692845616,913,3453,2.4505110274341044,5510,492,2.555137170521786,5787,380,0.0,0,4093,False
51,0.1882753587934809,0.8817805886645586,0.9029433227925079,0.0,0.1466099186066755,0.7968424902729577,0.8277421254814031,0.0,0.1882753587934809,0.8817805886645586,0.9029433227925079,0.0,0.1973401397098334,0.8979043524986566,0.9171144545943042,0.0,0.49111675126903553,0.4096045197740113,0.40181857544923144,0.0,0.38075591613940146,0.369669697596704,0.3686197736991767,0.0,0.6103994488074724,0.6035804085977073,0.602853784979955,0.0,0.2015045674368619,0.4489521762493283,0.433413935160308,0.0,0.4234282643739925,802,3337,2.3777538957549704,5225,486,2.481998925308974,5526,399,0.0,0,4111,False
52,0.3629936616284739,0.8581179912237933,0.8902974158946855,0.0,0.25651430441535433,0.7657266859524551,0.8136219777533752,0.0,0.3629936616284739,0.8581179912237933,0.8902974158946855,0.0,0.3837866953945597,0.8766496094802047,0.906275249124697,0.0,0.502870651806822,0.4115033902267945,0.4026904840666005,0.0,0.357655820863511,0.3673714481043158,0.3677572294732408,0.0,0.5892793038222939,0.5987978814149528,0.5989021838776025,0.0,0.38104856809408383,0.4486488912828799,0.4343298321213753,0.0,0.7974683544303798,1472,2613,2.3037974683544302,5034,582,2.442499326690008,5417,450,0.0,0,4102,False
53,0.1267913529268885,0.8528054408549915,0.8936118532912315,0.0,0.08382871133479808,0.7795312370292081,0.8356787289408499,0.0,0.1267913529268885,0.8528054408549915,0.8936118532912315,0.0,0.1350806451612903,0.8673387096774193,0.9049731182795699,0.0,0.5643243243243243,0.4061307113938693,0.39820326875202944,0.0,0.36934190388735844,0.3702735086901346,0.3710572415129607,0.0,0.5935626452437016,0.6010498567731453,0.6019392304479095,0.0,0.13723118279569893,0.4250448028673835,0.41317204301075267,0.0,0.24865591397849462,403,3595,2.3239247311827955,5134,606,2.4836021505376342,5560,438,0.0,0,4117,False
54,0.1260626669905271,0.8817099829973282,0.9115861063881467,0.0,0.08613433175954373,0.8236276424519473,0.8559312371078508,0.0,0.1260626669905271,0.8817099829973282,0.9115861063881467,0.0,0.13456889605157132,0.8940370668815472,0.9234488315874295,0.0,0.4961759082217973,0.3997357119259993,0.39592784048950314,0.0,0.3511069023569024,0.37113413617772845,0.3700295026036544,0.0,0.6015863517369467,0.6047451898009901,0.6035717667165087,0.0,0.1377921031426269,0.4267168054436386,0.4189273883069209,0.0,0.2809562181036798,527,3598,2.4391619661563255,5451,487,2.546065001343003,5726,364,0.0,0,4117,False
55,0.10532658471920944,0.8664738491202699,0.8980477223427332,0.0,0.09701530133962322,0.8030226919471408,0.8484803955366053,0.0,0.10532658471920944,0.8664738491202699,0.8980477223427332,0.0,0.10715242432360032,0.8798553442271632,0.9085186177337262,0.0,0.43267326732673267,0.40064638359523014,0.39445267838238407,0.0,0.3904021701818712,0.3711410537226076,0.37160256965070215,0.0,0.6167798050954941,0.6009748421335867,0.6003533536058936,0.0,0.11224216447897134,0.4231181355478167,0.41119742834181616,0.0,0.2705598714170908,573,3712,2.4036967586391644,5378,554,2.5304045004018216,5720,423,0.0,0,4149,False
56,0.17930700266537436,0.8458929004119214,0.8795735401017688,0.0,0.12013914893548923,0.7499986797634136,0.7938738021853516,0.0,0.17930700266537436,0.8458929004119214,0.8795735401017688,0.0,0.1910263299301451,0.8640515851692638,0.8952176249328319,0.0,0.5222300635144672,0.41495304885296563,0.40979905170467373,0.0,0.3580231196361307,0.3678515042197564,0.36934022527575205,0.0,0.5887504277115923,0.5916878592073985,0.593498168908671,0.0,0.195996775926921,0.449892530897367,0.4396381873544689,0.0,0.38070929607737775,677,3387,2.2603439011284254,4922,636,2.3799032778076303,5228,497,0.0,0,4127,False
57,0.15018226002430132,0.8571081409477521,0.886269744835966,0.0,0.11494731077026221,0.8046697827339693,0.8387882614333918,0.0,0.15018226002430132,0.8571081409477521,0.886269744835966,0.0,0.1568627450980392,0.8654311039484287,0.8936341659951652,0.0,0.4660633484162896,0.3931557239995541,0.3895951287255635,0.0,0.364841911014526,0.3686113673878458,0.3685641637264539,0.0,0.6104097974671773,0.6035588268003179,0.6038422531995544,0.0,0.16196615632554393,0.4138687438445698,0.4068403617154624,0.0,0.3561643835616438,708,3497,2.4096159011549827,5444,588,2.5143701316142897,5714,468,0.0,0,4115,False
58,0.14992721979621543,0.8854924793789423,0.9053857350800583,0.0,0.1258486133766459,0.8399682855256111,0.8643087384352831,0.0,0.14992721979621543,0.8854924793789423,0.9053857350800583,0.0,0.15402206080172182,0.895345708905031,0.9143126177024482,0.0,0.4398576512455516,0.3894995197951126,0.3849009900990099,0.0,0.3652499267155145,0.3691229581307942,0.3683232258792157,0.0,0.5891775546772237,0.604276939445191,0.6040861640345448,0.0,0.16330373957492603,0.40166801183750334,0.39471796251457264,0.0,0.3779930051116492,787,3504,2.521119182136131,5721,472,2.6085552865213883,5964,390,0.0,0,4122,False
59,0.1861934856587263,0.8789499270782694,0.9039863879436072,0.0,0.1305465466523475,0.8032767172262743,0.8399642932864081,0.0,0.1861934856587263,0.8789499270782694,0.9039863879436072,0.0,0.19696969696969696,0.8927326360954679,0.9153928667203004,0.0,0.5200271554650373,0.3988968560397132,0.39442146569095343,0.0,0.365576520733669,0.3668200817270746,0.3673198865857337,0.0,0.6071889267614619,0.6079825347751711,0.6074229985494746,0.0,0.2038079914186109,0.42321444533833913,0.4136050773218914,0.0,0.39501206757843926,707,3348,2.4309466344864576,5449,498,2.528559935639582,5710,395,0.0,0,4114,False
60,0.19816114202758286,0.8913622066295669,0.9141059762884104,0.0,0.15073906081710406,0.8221954449457064,0.8545294375430407,0.0,0.19816114202758286,0.8913622066295669,0.9141059762884104,0.0,0.20812046248991664,0.9065609034686744,0.9279376176391503,0.0,0.4854771784232365,0.4046128500823723,0.3983971317093747,0.0,0.370563905459871,0.3714301477053497,0.3711977328138652,0.0,0.6095677512496093,0.5998494640313591,0.6001468813801631,0.0,0.21349825221833826,0.4347046697140808,0.42305279196916723,0.0,0.4536165635923635,868,3314,2.4482387738639417,5421,449,2.5498789997311104,5705,355,0.0,0,4133,False
61,0.0689487739742656,0.8805535324107793,0.9065307113377034,0.0,0.057855798850213275,0.7854314405827765,0.8272288487401075,0.0,0.0689487739742656,0.8805535324107793,0.9065307113377034,0.0,0.0717163577759871,0.8984689766317486,0.9218372280419017,0.0,0.47254575707154745,0.41066576086956524,0.4000857173470481,0.0,0.3919729382213406,0.3674260473442259,0.36679109721324693,0.0,0.6183391205268384,0.5978539420462513,0.5973332137242435,0.0,0.07346226161697555,0.4336556540424389,0.417226251231086,0.0,0.1614289551437013,317,3835,2.372280419016922,5205,492,2.506849315068493,5599,385,0.0,0,4119,False
62,0.05943716642406599,0.8706938379427462,0.8706938379427462,0.0,0.05277507062339878,0.8081887111604478,0.8081887111604478,0.0,0.05943716642406599,0.8706938379427462,0.8706938379427462,0.0,0.06105433028509952,0.8832705755782679,0.8832705755782679,0.0,0.4224137931034483,0.4005580357142857,0.4005580357142857,0.0,0.3676251810848022,0.37129189204167784,0.37129189204167784,0.0,0.6019721805510727,0.6004524422898038,0.6004524422898038,0.0,0.0650887573964497,0.42939752555137173,0.42939752555137173,0.0,0.15599784830554062,335,3877,2.409897794513179,5371,533,2.409897794513179,5371,533,0.0,0,4122,False
63,0.09157509157509157,0.8791208791208791,0.8791208791208791,0.0,0.060702854325543704,0.8284961186102904,0.8284961186102904,0.0,0.09157509157509157,0.8791208791208791,0.8791208791208791,0.0,0.09742004837409299,0.889277076054824,0.889277076054824,0.0,0.5442670537010159,0.3935286401399213,0.3935286401399213,0.0,0.3623092530411272,0.36874591112990024,0.36874591112990024,0.0,0.6023018401267375,0.6112836154785214,0.6112836154785214,0.0,0.09903251814028487,0.4044611663531309,0.4044611663531309,0.0,0.18516527815103467,314,3720,2.458478903520559,5548,495,2.458478903520559,5548,495,0.0,0,4095,False
64,0.36961232843727426,0.8666024560558633,0.8993498675656152,0.0,0.2639724034943571,0.7905780372760263,0.8330621943758786,0.0,0.36961232843727426,0.8666024560558633,0.8993498675656152,0.0,0.3926174496644295,0.8842953020134228,0.9150335570469799,0.0,0.5304077401520387,0.41187914854657814,0.4027388397670908,0.0,0.37827654775429537,0.373891024342721,0.3726107415329172,0.0,0.6040435415295033,0.5963792550191082,0.595834259401758,0.0,0.39167785234899327,0.43991051454138697,0.42474272930648765,0.0,0.7769127516778523,1359,2618,2.345771812080537,5139,554,2.4896644295302015,5539,418,0.0,0,4153,False
65,0.21419917615701478,0.8679428156045553,0.892658105161134,0.0,0.15242581166588612,0.762624754398565,0.7980229476986734,0.0,0.21419917615701478,0.8679428156045553,0.892658105161134,0.0,0.22749260951357161,0.889277076054824,0.9122547702230583,0.0,0.5002829654782116,0.4200281425891182,0.4138395866097506,0.0,0.3510576454807861,0.37008804306016185,0.3705639169374293,0.0,0.5738497986984948,0.5944507633415272,0.5940838145232548,0.0,0.22829884439666756,0.4432500223954134,0.43420227537400335,0.0,0.4748723461435098,883,3243,2.291857027680731,4946,545,2.3923676431066916,5218,443,0.0,0,4127,False
66,0.2929811689899731,0.8767424798239178,0.8943506969919296,0.0,0.20227669010729277,0.7919082396148346,0.8209932908391092,0.0,0.2929811689899731,0.8767424798239178,0.8943506969919296,0.0,0.3101826974744761,0.893068242880172,0.9085169263836647,0.0,0.5530932594644506,0.40540540540540543,0.39967213114754097,0.0,0.37945719190778476,0.3657547210442306,0.36633914131533896,0.0,0.6180241234520188,0.6023150197800988,0.6029791607751395,0.0,0.3121977431488447,0.43838438115708395,0.426876231416801,0.0,0.5819451907576572,968,2891,2.375873186458893,5258,504,2.4583557227297153,5493,432,0.0,0,4089,False
67,0.18146624727800628,0.8828937817565933,0.901766271473506,0.0,0.1358775081413436,0.8283541057443508,0.8510253863703667,0.0,0.18146624727800628,0.8828937817565933,0.901766271473506,0.0,0.190994623655914,0.8934139784946237,0.9112903225806451,0.0,0.4792332268370607,0.3935929241721497,0.39149159663865546,0.0,0.3580317679479293,0.3697433299703375,0.3698596577526188,0.0,0.5898583189489791,0.5969542848000303,0.5969998282084228,0.0,0.19650537634408602,0.4172491039426523,0.41312724014336916,0.0,0.4206989247311828,815,3383,2.492204301075269,5622,484,2.5591397849462365,5793,406,0.0,0,4133,False
68,0.3697499393056567,0.8742413207089099,0.9014323865015781,0.0,0.2831152322051949,0.8125884622684091,0.846538362555367,0.0,0.3697499393056567,0.8742413207089099,0.9014323865015781,0.0,0.3870967741935484,0.8862903225806451,0.9116935483870968,0.0,0.4861155442068305,0.3968481375358166,0.3907187204040829,0.0,0.3714818944264366,0.3687733873695877,0.3674986433691603,0.0,0.5958343832611642,0.5929761237587682,0.591574561672556,0.0,0.3868279569892473,0.4302867383512544,0.4166666666666667,0.0,0.8422043010752688,1610,2596,2.439247311827957,5473,518,2.5545698924731184,5790,406,0.0,0,4119,False
69,0.08817829457364341,0.8655523255813954,0.8989825581395349,0.0,0.06482850141611642,0.7612097054941972,0.8141127698036242,0.0,0.08817829457364341,0.8655523255813954,0.8989825581395349,0.0,0.09328859060402685,0.8856375838926175,0.9146308724832215,0.0,0.5260115606936416,0.42545844248630627,0.4151935556052808,0.0,0.39186974456607965,0.37213737324598467,0.37291945539068205,0.0,0.6241742194792808,0.5986084619687089,0.5987978769490622,0.0,0.09731543624161074,0.472751677852349,0.4548993288590603,0.0,0.18577181208053692,328,3764,2.254496644295302,4825,555,2.3994630872483222,5227,417,0.0,0,4128,False
70,0.2765697532372343,0.8624480820913755,0.8834595651111654,0.0,0.202217483371901,0.7352483655658414,0.7666635797354008,0.0,0.2765697532372343,0.8624480820913755,0.8834595651111654,0.0,0.2906788793103448,0.8857758620689655,0.9054418103448276,0.0,0.5260223048327137,0.42134160897588924,0.4160147261849977,0.0,0.3820656176379001,0.36303840641057006,0.3641381918353926,0.0,0.6067225307638708,0.5993802751841409,0.6004098890314741,0.0,0.30091594827586204,0.4660560344827586,0.45730064655172414,0.0,0.5797413793103449,1020,2961,2.2570043103448274,4848,563,2.341594827586207,5076,477,0.0,0,4093,False
71,0.27680311890838205,0.868421052631579,0.8930311890838206,0.0,0.21202288971684427,0.794577286820047,0.8250271726861902,0.0,0.27680311890838205,0.868421052631579,0.8930311890838206,0.0,0.28968573730862207,0.8838302444265378,0.9073327961321515,0.0,0.4956369982547993,0.40293951384963256,0.39923747276688454,0.0,0.3806744836828127,0.367748701333607,0.36811689387713553,0.0,0.6195721041920178,0.6022009337898117,0.6030432167519776,0.0,0.28807413376309426,0.43678932760318734,0.4293132778225445,0.0,0.6156325543916197,1156,2968,2.3757722266988988,5281,540,2.4657534246575343,5515,439,0.0,0,4104,False
72,0.14489253803429122,0.8340980439507365,0.8732190292199952,0.0,0.10020868898736363,0.7721393132940548,0.8158722038461216,0.0,0.14489253803429122,0.8340980439507365,0.8732190292199952,0.0,0.15488984416980117,0.8472595378828587,0.8855454056958625,0.0,0.5194805194805194,0.39870714533071683,0.394544462629569,0.0,0.36390901060070674,0.36846969925845335,0.3680105003252723,0.0,0.590773770312048,0.5860789423503953,0.5854871265143374,0.0,0.15636754433100483,0.4189951638903815,0.4115171054988357,0.0,0.3103170338527673,555,3541,2.327512090274046,5209,687,2.4623858140784525,5549,525,0.0,0,4141,False
73,0.3150085137436147,0.8859158355631234,0.9036730722451958,0.0,0.2547864832378776,0.8442863212996466,0.8682737138475036,0.0,0.3150085137436147,0.8859158355631234,0.9036730722451958,0.0,0.3259468170829976,0.8932312651087833,0.9108246038141284,0.0,0.4661627069834413,0.38740559514945216,0.3853734439834025,0.0,0.3749844810828919,0.36898324704220425,0.3697212403548075,0.0,0.6118141957457961,0.6057044190257637,0.6065796329534356,0.0,0.328095621810368,0.40854149879129736,0.40402005551078873,0.0,0.7461724415793715,1483,2816,2.5251141552511416,5759,469,2.5893096964813322,5925,396,0.0,0,4111,False
74,0.09573436742607852,0.8945710130877363,0.8945710130877363,0.0,0.05553228356417983,0.8851634539214838,0.8851634539214838,0.0,0.09573436742607852,0.8945710130877363,0.8945710130877363,0.0,0.10427304488040849,0.8972050524052674,0.8972050524052674,0.0,0.569164265129683,0.37399939203566723,0.37399939203566723,0.0,0.3214257003206453,0.3694216506101222,0.3694216506101222,0.0,0.5465090379092863,0.5961696208596851,0.5961696208596851,0.0,0.10507927976350444,0.3778554152109648,0.3778554152109648,0.0,0.18650900295619458,299,3731,2.652244020424617,6178,435,2.652244020424617,6178,435,0.0,0,4126,False
75,0.06205889510829886,0.8753954733511803,0.9148211243611585,0.0,0.05950743218192126,0.8496932680903259,0.8914455263189591,0.0,0.06205889510829886,0.8753954733511803,0.9148211243611585,0.0,0.0614247311827957,0.880510752688172,0.9194892473118279,0.0,0.3789004457652303,0.37775677378701955,0.376088044022011,0.0,0.3679533499814038,0.36788378088235074,0.3679877070116509,0.0,0.6135964563436069,0.6061641332158395,0.6067113122972103,0.0,0.06612903225806452,0.38418458781362,0.38176523297491033,0.0,0.18091397849462365,418,3854,2.5596774193548386,5925,512,2.6868279569892475,6236,350,0.0,0,4109,False
76,0.19542467753711365,0.868824531516184,0.9031394499878316,0.0,0.1165759819490394,0.8050000303541988,0.847471142139297,0.0,0.19542467753711368,0.868824531516184,0.9031394499878316,0.0,0.210752688172043,0.8806451612903226,0.9133064516129032,0.0,0.5857038657913931,0.3936052921719956,0.39022082018927445,0.0,0.3510922442219651,0.36594377850499726,0.36704645452307755,0.0,0.597159358741362,0.6036126929014074,0.6049427006301985,0.0,0.21344086021505376,0.4137096774193548,0.40676523297491035,0.0,0.3685483870967742,568,3306,2.4381720430107525,5500,539,2.556451612903226,5799,398,0.0,0,4109,False
77,0.23527980535279805,0.8742092457420925,0.8985401459854014,0.0,0.16201336264859095,0.7811332814011637,0.8177489071423438,0.0,0.23527980535279802,0.8742092457420925,0.8985401459854014,0.0,0.2502686727565825,0.8933369156367544,0.9152337452982268,0.0,0.5028601144045762,0.40667798528579513,0.4000649983750406,0.0,0.3506229809047355,0.3659839593213818,0.366278922294657,0.0,0.5979018346721847,0.6052616433660133,0.6052599564428269,0.0,0.25013433637829124,0.4284434891635321,0.4181443668278703,0.0,0.516657710908114,956,3143,2.373723804406233,5242,517,2.4801182160128965,5538,417,0.0,0,4110,False
78,0.3378806333739342,0.8740560292326431,0.9040194884287455,0.0,0.2354798536381825,0.7847035285849561,0.8274421451580302,0.0,0.3378806333739342,0.8740560292326431,0.9040194884287455,0.0,0.3570085929108486,0.8905746509129968,0.9178302900107411,0.0,0.5231987929083365,0.4076346284935242,0.3987321371011067,0.0,0.36553372851822835,0.36659905707977525,0.3661609523358225,0.0,0.5970088887257056,0.5976212978408698,0.5974938804165485,0.0,0.3586645184389545,0.44969566774078046,0.43188327962764045,0.0,0.7118689581095596,1264,2718,2.3635875402792696,5214,517,2.4991944146079486,5596,394,0.0,0,4105,False
79,0.17156030089784033,0.8648386314001456,0.8917738413006552,0.0,0.12300631951787146,0.7958570821178569,0.8329544125968745,0.0,0.17156030089784033,0.8648386314001456,0.8917738413006552,0.0,0.17992475141091105,0.8781241601719968,0.9023112066648751,0.0,0.48127978216473793,0.3953849567339694,0.3890947591318158,0.0,0.3510853577169199,0.3658992620314992,0.36568822749994395,0.0,0.578171855704843,0.5911226321670953,0.5908740705852911,0.0,0.18382155334587477,0.4142255666039595,0.40338618650900293,0.0,0.3947863477559796,762,3414,2.4224670787422737,5450,557,2.5382961569470575,5770,446,0.0,0,4121,False
80,0.27574509328810276,0.8735158710928035,0.8982311606493821,0.0,0.20900435020504124,0.8179138293535068,0.8502693304392124,0.0,0.27574509328810276,0.8735158710928035,0.8982311606493821,0.0,0.2890352055898952,0.8832303144316044,0.9063423810803547,0.0,0.47259136212624586,0.3915073848827107,0.3909925113384664,0.0,0.3619336330289606,0.3672435430370123,0.36906816621763666,0.0,0.5977941071283321,0.6008532747140446,0.6020690442051915,0.0,0.29669443697930664,0.4141807757771208,0.41216518856938095,0.0,0.6471378661650095,1270,2989,2.4746036011824777,5603,522,2.5479709755442084,5774,420,0.0,0,4127,False
81,0.10712542703757931,0.8714006832601269,0.9106881405563689,0.0,0.1054576864224886,0.8063384872307761,0.8598687026277642,0.0,0.10712542703757931,0.8714006832601269,0.9106881405563689,0.0,0.10760343901128426,0.884739387426115,0.9212788823213326,0.0,0.4114339268978444,0.39624944518419886,0.3905808477237049,0.0,0.38342069041471677,0.3669627368521267,0.3684412826166075,0.0,0.6129916834435184,0.6074216402447755,0.6092999248825521,0.0,0.11243954862976895,0.411472326706072,0.40260612573885,0.0,0.2866738312735089,628,3659,2.4212788823213325,5441,527,2.5671681891456206,5823,366,0.0,0,4098,False
82,0.09657017757236683,0.8379956215032839,0.8844563366577475,0.0,0.06220072215333535,0.7336365053780165,0.7979905366621182,0.0,0.09657017757236683,0.8379956215032839,0.8844563366577475,0.0,0.10236750067258542,0.8563357546408394,0.9004573580844767,0.0,0.5607344632768362,0.41060786650774733,0.4004846348716819,0.0,0.38110685116482546,0.36463401775569015,0.36544545335241807,0.0,0.6032454616546428,0.6013498468462531,0.6015909642864087,0.0,0.10371267150928168,0.4331450094161959,0.4173616715989597,0.0,0.19047619047619047,311,3714,2.257196663976325,4945,666,2.4425612052730696,5443,475,0.0,0,4111,False
83,0.13647401651287033,0.8746964545896067,0.8746964545896067,0.0,0.09377851477883237,0.8084307202201045,0.8084307202201045,0.0,0.13647401651287033,0.8746964545896067,0.8746964545896067,0.0,0.1460628863208815,0.8898145659768879,0.8898145659768879,0.0,0.5531496062992126,0.4002222222222222,0.4002222222222222,0.0,0.37318417639429313,0.3697873436213323,0.3697873436213323,0.0,0.6099279113115114,0.6058592917022545,0.6058592917022545,0.0,0.14942219833378123,0.41391203081608885,0.41391203081608885,0.0,0.27304488040849234,454,3556,2.4187046492878257,5398,516,2.4187046492878257,5398,516,0.0,0,4118,False
84,0.1185292694726657,0.8444605708756652,0.8817126269956459,0.0,0.09521536328254371,0.7565561001653099,0.8081647052543963,0.0,0.1185292694726657,0.8444605708756652,0.8817126269956459,0.0,0.12308106652302721,0.8631834096417991,0.8976568812281174,0.0,0.478515625,0.41638835877862596,0.40964261631827376,0.0,0.37818760552268316,0.37211603274050736,0.3735693912747398,0.0,0.6039007990324122,0.5951465974874425,0.5960456935347317,0.0,0.1300834904389981,0.44137714337014095,0.4314121554897208,0.0,0.2757877726905467,534,3644,2.2580123889038513,4893,643,2.396444923242661,5253,489,0.0,0,4134,False
85,0.16050277979211988,0.8704375151075658,0.8929175731206188,0.0,0.10702841612657048,0.7530404960110179,0.7877860510816493,0.0,0.16050277979211988,0.8704375151075658,0.8929175731206188,0.0,0.1730303845119656,0.8941919870933046,0.9138209196020436,0.0,0.5814360770577933,0.427723007483074,0.4177315390704512,0.0,0.3840100324787408,0.3707934299377573,0.36984668712989816,0.0,0.6052962662756438,0.5958148420480017,0.5948108611931464,0.0,0.17558483463296584,0.46065250515371514,0.44805951420632784,0.0,0.30707179349287445,478,3473,2.2637805861790805,4818,536,2.3777897284216185,5149,443,0.0,0,4137,False
86,0.40194174757281553,0.8922330097087379,0.9033980582524271,0.0,0.2881097849228674,0.823369882105323,0.8389518131053201,0.0,0.40194174757281553,0.8922330097087379,0.9033980582524271,0.0,0.42369693713057494,0.9048898441698012,0.9152337452982268,0.0,0.5202639019792649,0.4042225643281284,0.40073212747631354,0.0,0.37180984132978256,0.3705569583631167,0.37014215902288855,0.0,0.607409176930837,0.6071914398865657,0.6070363886651589,0.0,0.4253537524628336,0.4394590721834139,0.4325631380977969,0.0,0.8551853842020419,1527,2464,2.4433100483610963,5418,444,2.4954325631380976,5566,398,0.0,0,4120,False
87,0.4292326431181486,0.8701583434835566,0.8928136419001218,0.0,0.2935272994103137,0.76616164725758,0.7993933305890469,0.0,0.4292326431181486,0.8701583434835566,0.8928136419001218,0.0,0.4558744635193133,0.8912285407725322,0.9113465665236051,0.0,0.5239369610466845,0.4062784349408553,0.4002402533580867,0.0,0.35986963027120344,0.36292380427928217,0.36316081393191624,0.0,0.604341832539337,0.61054816541317,0.6103372996970775,0.0,0.4467542918454936,0.442730686695279,0.43101752503576535,0.0,0.9020922746781116,1601,2343,2.3583690987124464,5220,533,2.456276824034335,5492,440,0.0,0,4105,False
88,0.3077858880778589,0.8819951338199513,0.905596107055961,0.0,0.21557176166403283,0.8137277559919202,0.8493508780555462,0.0,0.3077858880778589,0.8819951338199513,0.905596107055961,0.0,0.32468405485345525,0.8966119924710944,0.9170475934390966,0.0,0.5330804888327012,0.39617486338797814,0.3934876836874934,0.0,0.3723749870319543,0.36727082803837746,0.36886361266516365,0.0,0.6025415575910863,0.5994307091174969,0.599944251272331,0.0,0.32257775387649007,0.4266379851214484,0.42009500761853535,0.0,0.638074751277225,1108,2845,2.4603388007528904,5525,485,2.5434256520570044,5737,388,0.0,0,4110,False
89,0.10235265583313122,0.890856172689789,0.890856172689789,0.0,0.08442562818993025,0.8427440747234799,0.8427440747234799,0.0,0.10235265583313122,0.890856172689789,0.890856172689789,0.0,0.10590604026845638,0.9008053691275167,0.9008053691275167,0.0,0.4494142705005325,0.39245645902339993,0.39245645902339993,0.0,0.3725918361667191,0.3702066499353805,0.3702066499353805,0.0,0.612842864116307,0.6052400113364239,0.6052400113364239,0.0,0.10809843400447426,0.4080089485458613,0.4080089485458613,0.0,0.2520805369127517,517,3701,2.51248322147651,5686,450,2.51248322147651,5686,450,0.0,0,4123,False
90,0.10438362799709373,0.8825381448292565,0.9176556066844272,0.0,0.06760041000793902,0.8704162159699642,0.9067470568614068,0.0,0.10438362799709375,0.8825381448292565,0.9176556066844272,0.0,0.1120504562533548,0.8843263553408481,0.9197530864197531,0.0,0.5633986928104575,0.38001877150902075,0.37418526565277505,0.0,0.36602003194181965,0.37171890911459293,0.3691237664584483,0.0,0.6126188487973439,0.6011954352186484,0.5992583440496121,0.0,0.11294507067453928,0.39434603685811415,0.38146358919305773,0.0,0.20531400966183574,334,3698,2.5735373054213633,5945,485,2.7176596886741815,6337,340,0.0,0,4129,False
91,0.11546894031668696,0.8774665042630938,0.91278928136419,0.0,0.08284251383062903,0.8088797612710777,0.8564624224504621,0.0,0.11546894031668696,0.8774665042630938,0.91278928136419,0.0,0.12137875536480687,0.8893508583690987,0.9223444206008584,0.0,0.5278396436525612,0.39924628685435604,0.3918226497960891,0.0,0.37640025990903186,0.3679363768657524,0.3675468714835716,0.0,0.618643075410817,0.6114250008566093,0.6108179070740116,0.0,0.1246870529327611,0.4247585836909871,0.41013948497854075,0.0,0.24087982832618027,424,3631,2.4200643776824036,5420,503,2.5651824034334765,5816,358,0.0,0,4105,False
92,0.2108213502315379,0.876919327321472,0.9010480136485498,0.0,0.1506516458347209,0.7881513366759482,0.8251300000467389,0.0,0.2108213502315379,0.876919327321472,0.9010480136485498,0.0,0.22229693383539537,0.8937600860677783,0.9158149542764927,0.0,0.5127445168938944,0.40872429853459047,0.4030745747928478,0.0,0.36320106076288633,0.36760705926310866,0.3683721783047824,0.0,0.5922555905537374,0.600427730958189,0.6005725577510503,0.0,0.22579343733189888,0.44257665411511565,0.43168370091447006,0.0,0.4537385691231845,822,3238,2.367670790747714,5205,505,2.4669176976869283,5475,406,0.0,0,4103,False
93,0.14827501835086862,0.878884267188647,0.9033520919990213,0.0,0.09842754041962583,0.793275695657537,0.8322451352541699,0.0,0.14827501835086862,0.878884267188647,0.9033520919990213,0.0,0.15789473684210525,0.8958109559613319,0.9176960257787325,0.0,0.5479204339963833,0.4080427127115756,0.3984889368591473,0.0,0.38016731175572804,0.36757080422821425,0.36689507206556043,0.0,0.6318944658572586,0.6164698960163497,0.6159066835306235,0.0,0.15977443609022557,0.4354636591478696,0.4204708199069101,0.0,0.29699248120300753,500,3481,2.363856068743287,5211,495,2.4879162191192266,5573,395,0.0,0,4087,False
94,0.254110251450677,0.866779497098646,0.8916827852998066,0.0,0.17120235969951803,0.7834410632051467,0.8195361715316464,0.0,0.254110251450677,0.866779497098646,0.8916827852998066,0.0,0.2726295997851195,0.8853075476766049,0.9076013967230728,0.0,0.5362244897959184,0.40734007499147823,0.40100032619332393,0.0,0.365927887696583,0.3687203620983075,0.36888632802312654,0.0,0.5964059496768984,0.5933959374645421,0.5935070972668257,0.0,0.27585280687617514,0.4352224908228131,0.42506043513295727,0.0,0.526457158205748,909,3085,2.3639538006983614,5216,551,2.470319634703196,5509,448,0.0,0,4136,False
95,0.1359903381642512,0.8777777777777778,0.9053140096618357,0.0,0.10290668393935394,0.8263795019695634,0.8611354729233628,0.0,0.1359903381642512,0.8777777777777778,0.9053140096618357,0.0,0.14318303811057434,0.8882179280730005,0.9143853998926462,0.0,0.4803754266211604,0.3993406593406593,0.39444327509997895,0.0,0.36948250380593617,0.372747741031683,0.3719996584788053,0.0,0.6054124430156381,0.5970813370960847,0.5960089539981535,0.0,0.1466720343531938,0.42042404723564136,0.4114779030237967,0.0,0.3145464304884595,609,3577,2.442297369833602,5466,506,2.5501878690284485,5754,392,0.0,0,4140,False
96,0.38781973203410475,0.8784409257003654,0.8933008526187576,0.0,0.28323652122245474,0.7844855686016171,0.8084150811180861,0.0,0.38781973203410475,0.8784409257003654,0.8933008526187576,0.0,0.4080536912751678,0.896510067114094,0.9103355704697986,0.0,0.5153771447070249,0.401380231522707,0.39854363656124336,0.0,0.37318937721884,0.36340003120773323,0.36455343122159684,0.0,0.6133834603233421,0.6097724875544733,0.6104455695033131,0.0,0.4077852348993289,0.4312751677852349,0.42595078299776284,0.0,0.829261744966443,1497,2513,2.4118120805369125,5378,499,2.47006711409396,5534,438,0.0,0,4105,False
97,0.22841901066925316,0.8773035887487876,0.8998545101842871,0.0,0.17339583444553544,0.8250918446145473,0.857077843591462,0.0,0.2284190106692532,0.8773035887487876,0.8998545101842871,0.0,0.23987121008854306,0.8885162328950899,0.9087738127180037,0.0,0.49267782426778245,0.3917704385489984,0.3864014993752603,0.0,0.37078688721083547,0.3688744170421467,0.36830453625406395,0.0,0.5904789249029806,0.5958509976542695,0.59477505966788,0.0,0.23973705393077543,0.4072533762633037,0.39804132009659243,0.0,0.5130131473034613,970,3182,2.477864233968339,5617,506,2.5768714784008586,5893,413,0.0,0,4124,False
98,0.07473222979552094,0.8432327166504382,0.879016553067186,0.0,0.049926787283808616,0.7023610210606742,0.7583513966524914,0.0,0.07473222979552094,0.8432327166504382,0.879016553067186,0.0,0.07923056228140973,0.8724778046811945,0.9034167339252085,0.0,0.5116666666666667,0.44330688507806504,0.43008575512148645,0.0,0.34095970970970974,0.368952444300832,0.37002124919970525,0.0,0.5859077157732221,0.6003538435477309,0.6008354718425584,0.0,0.08084476728544525,0.47489014438166977,0.4571338893372791,0.0,0.16142050040355124,293,3801,2.102232983588916,4350,644,2.2588108689803605,4785,497,0.0,0,4108,False
99,0.20208636584182435,0.8367297428432799,0.8677826297913634,0.0,0.14702032977046645,0.7185360202035982,0.7604084429330465,0.0,0.20208636584182435,0.8367297428432799,0.8677826297913634,0.0,0.21311475409836064,0.86025262026337,0.889277076054824,0.0,0.497907949790795,0.4300498753117207,0.4223639154563703,0.0,0.3594127943478688,0.36974267751759693,0.36970164835739916,0.0,0.5962773915613881,0.60121618128376,0.6004958937232903,0.0,0.22158022037086805,0.4665412523515184,0.4555674997760458,0.0,0.4496103198065036,840,3289,2.1553345874764847,4571,673,2.276001074979844,4892,545,0.0,0,4122,False