run,base_recall_micro,crc_recall_micro,rcps_recall_micro,ltt_recall_micro,base_recall_macro,crc_recall_macro,rcps_recall_macro,ltt_recall_macro,base_recall_weighted,crc_recall_weighted,rcps_recall_weighted,ltt_recall_weighted,base_recall_samples,crc_recall_samples,rcps_recall_samples,ltt_recall_samples,base_precision_micro,crc_precision_micro,rcps_precision_micro,ltt_precision_micro,base_precision_macro,crc_precision_macro,rcps_precision_macro,ltt_precision_macro,base_precision_weighted,crc_precision_weighted,rcps_precision_weighted,ltt_precision_weighted,base_precision_samples,crc_precision_samples,rcps_precision_samples,ltt_precision_samples,base_avg_prediction_set_size,base_total_false_positives,base_total_false_negatives,crc_avg_prediction_set_size,crc_total_false_positives,crc_total_false_negatives,rcps_avg_prediction_set_size,rcps_total_false_positives,rcps_total_false_negatives,ltt_avg_prediction_set_size,ltt_total_false_positives,ltt_total_false_negatives,with_demographics
0,0.18194980694980695,0.6952220077220077,0.6952220077220077,0.755550193050193,0.10343545713925244,0.512924270314402,0.512924270314402,0.5827379471214729,0.18194980694980695,0.6952220077220077,0.6952220077220077,0.755550193050193,0.19847020933977455,0.7338969404186796,0.7338969404186796,0.7928073000536768,0.6267664172901081,0.5038474991255684,0.5038474991255684,0.48512550356368145,0.3508960659930063,0.3703078957038514,0.3703078957038514,0.3719220804821042,0.5943342313995066,0.5993450160310824,0.5993450160310824,0.6026599419096199,0.19932009303989984,0.5557344784397924,0.5557344784397924,0.5455806047593488,0.32286634460547503,449,3390,1.534621578099839,2837,1263,1.534621578099839,2837,1263,1.7321524422973698,3323,1013,True
1,0.14031668696711327,0.728380024360536,0.728380024360536,0.0,0.09801881026030433,0.6417469223473821,0.6417469223473821,0.0,0.14031668696711327,0.728380024360536,0.728380024360536,0.0,0.14843121480289623,0.7445695897023331,0.7445695897023331,0.0,0.5106382978723404,0.4204161979752531,0.4204161979752531,0.0,0.3558570168090516,0.36831361597811146,0.36831361597811146,0.0,0.6050319090506765,0.6093522016799258,0.6093522016799258,0.0,0.15258782515419683,0.4765799588808438,0.4765799588808438,0.0,0.3024939662107804,552,3529,1.9072137302225798,4122,1115,1.9072137302225798,4122,1115,0.0,0,4105,True
2,0.2541003671970624,0.7368421052631579,0.7368421052631579,0.0,0.18379670443984053,0.6247182865860346,0.6247182865860346,0.0,0.2541003671970624,0.7368421052631579,0.7368421052631579,0.0,0.26727614950255446,0.757192793761764,0.757192793761764,0.0,0.5080763582966226,0.43154121863799283,0.43154121863799283,0.0,0.36714909278627417,0.3655850808678232,0.3655850808678232,0.0,0.6150411724587916,0.6127779764375166,0.6127779764375166,0.0,0.2705028233396074,0.4774132831406292,0.4774132831406292,0.0,0.5493412207582683,1005,3047,1.8755041677870394,3965,1075,1.8755041677870394,3965,1075,0.0,0,4085,True
3,0.3411736178467507,0.7129000969932104,0.7405431619786615,0.0,0.22346956837226953,0.5714878640863731,0.604561851124926,0.0,0.3411736178467507,0.7129000969932104,0.7405431619786615,0.0,0.3662369057211926,0.7424120333064733,0.769406392694064,0.0,0.5583333333333333,0.46182846371347785,0.4538564422648239,0.0,0.36714968371837187,0.3696058896709345,0.3699491767750424,0.0,0.5980865873475077,0.596481075294706,0.5976305755480527,0.0,0.3674008416151849,0.5083713850837138,0.5000447667651535,0.0,0.6768734891216761,1113,2717,1.709911361804996,3426,1184,1.8074133763094278,3675,1070,0.0,0,4124,True
4,0.1542192046556741,0.6925315227934045,0.738360814742968,0.6925315227934045,0.09874043444735785,0.5231595918508488,0.5805347474451185,0.5231595918508488,0.1542192046556741,0.6925315227934045,0.738360814742968,0.6925315227934045,0.1659957058507783,0.7258454106280193,0.7695920558239399,0.7258454106280193,0.5740072202166066,0.4953173777315297,0.4798298140560983,0.4953173777315297,0.36645270560066817,0.37186566169872776,0.3736607122421098,0.37186566169872776,0.6218789781509635,0.610552079018024,0.6107012532318142,0.610552079018024,0.16908212560386474,0.5522007514761138,0.5417784934693147,0.5522007514761138,0.29736983360171765,472,3488,1.5475040257648953,2910,1268,1.703166935050993,3301,1079,1.5475040257648953,2910,1268,True
5,0.0622568093385214,0.6823929961089494,0.6823929961089494,0.0,0.060403723268199656,0.5326522929659713,0.5326522929659713,0.0,0.0622568093385214,0.6823929961089494,0.6823929961089494,0.0,0.0623153370937416,0.7087026591458501,0.7087026591458501,0.0,0.39384615384615385,0.4746278755074425,0.4746278755074425,0.0,0.38561092620346177,0.3695842206027229,0.3695842206027229,0.0,0.6276327067327853,0.5989209807612327,0.5989209807612327,0.0,0.06710538096517145,0.5061778135911899,0.5061778135911899,0.0,0.17459038409884503,394,3856,1.5879666935267258,3106,1306,1.5879666935267258,3106,1306,0.0,0,4112,True
6,0.13541666666666666,0.6654554263565892,0.7330426356589147,0.0,0.09615840210248106,0.5340487744381491,0.5940178300814865,0.0,0.13541666666666666,0.6654554263565892,0.7330426356589147,0.0,0.14306824288017195,0.6930413756045137,0.7619559376679205,0.0,0.5175925925925926,0.4639419017057929,0.45703066002114484,0.0,0.36873699071898386,0.3701038041855147,0.36982405950755304,0.0,0.6130686978955787,0.607698884093009,0.6101265214462362,0.0,0.14463550062690309,0.4863872469998209,0.4939548629768941,0.0,0.2901665771090811,521,3569,1.5908113917248792,3174,1381,1.7788823213326168,3595,1102,0.0,0,4128,True
7,0.15678172095284396,0.6929995138551288,0.7455031599416626,0.0,0.08582715205413821,0.5935124879603264,0.6535262421290616,0.0,0.15678172095284396,0.6929995138551288,0.7455031599416626,0.0,0.17056451612903226,0.7131720430107527,0.763978494623656,0.0,0.6649484536082474,0.44325248756218905,0.42937141257174855,0.0,0.3619699531464238,0.37396693410822546,0.37206762491895073,0.0,0.6095927116373798,0.613516626338198,0.6115469180750226,0.0,0.17231182795698924,0.46586021505376346,0.45268817204301076,0.0,0.260752688172043,325,3469,1.729032258064516,3581,1263,1.9201612903225806,4076,1047,0.0,0,4114,True
8,0.10423293369219476,0.6958649376070467,0.6958649376070467,0.0,0.06271292087135012,0.5689383545397989,0.5689383545397989,0.0,0.10423293369219475,0.6958649376070467,0.6958649376070467,0.0,0.11224489795918367,0.7207303974221267,0.7207303974221267,0.0,0.5440613026819924,0.44120384734719204,0.44120384734719204,0.0,0.3336403854289955,0.3610663749239742,0.3610663749239742,0.0,0.5871233991258369,0.6079708031805996,0.6079708031805996,0.0,0.11126029359112065,0.48187432867883995,0.48187432867883995,0.0,0.2102577873254565,357,3661,1.7309344790547798,3602,1243,1.7309344790547798,3602,1243,0.0,0,4087,True
9,0.140625,0.70849609375,0.70849609375,0.0,0.082850267389748,0.6196569465646321,0.6196569465646321,0.0,0.140625,0.70849609375,0.70849609375,0.0,0.15153143471252015,0.7264911337990327,0.7264911337990327,0.0,0.631578947368421,0.429099512050865,0.429099512050865,0.0,0.37155785893615784,0.3703994996619037,0.3703994996619037,0.0,0.6130143307404956,0.6061001146943892,0.6061001146943892,0.0,0.15260612573885007,0.45759448325273144,0.45759448325273144,0.0,0.24502955400322407,336,3520,1.8170338527673293,3861,1194,1.8170338527673293,3861,1194,0.0,0,4096,True
10,0.46390243902439027,0.714390243902439,0.7295121951219512,0.7429268292682927,0.3160619767758566,0.5665706654326925,0.5839851337190196,0.6009422131396374,0.46390243902439027,0.714390243902439,0.7295121951219512,0.7429268292682927,0.4924670433145009,0.7433414043583535,0.7577347323110035,0.7706483723432876,0.539727582292849,0.47595060123496913,0.472661188369153,0.4659629799602264,0.3683122891941018,0.37371345066401157,0.3741436054053799,0.37309530666276314,0.6061814371559865,0.6061360207680493,0.6062724236461036,0.6054743762423576,0.48354407676441574,0.5422383642722626,0.5386960810689624,0.5315218366065824,0.9480764057035244,1622,2198,1.6556362658057573,3225,1171,1.7024482109227872,3337,1109,1.7586763518966908,3491,1054,True
11,0.361545988258317,0.7363013698630136,0.7605185909980431,0.0,0.2570702537617531,0.6397385852569974,0.6656443582801818,0.0,0.361545988258317,0.7363013698630136,0.7605185909980431,0.0,0.3803763440860215,0.753494623655914,0.7778225806451613,0.0,0.49464524765729584,0.4229904440697021,0.4190591723952015,0.0,0.3570168072678432,0.3658048235996511,0.3655412593133927,0.0,0.6084675007634205,0.6111154459097853,0.6113330619892349,0.0,0.37983870967741934,0.47679211469534044,0.47011648745519713,0.0,0.8032258064516129,1510,2610,1.9129032258064516,4106,1078,1.9943548387096774,4310,979,0.0,0,4088,True
12,0.21237864077669902,0.7337378640776699,0.7337378640776699,0.0,0.16797053489012792,0.6425955485133815,0.6425955485133815,0.0,0.21237864077669902,0.7337378640776699,0.7337378640776699,0.0,0.22214747039827773,0.7534983853606028,0.7534983853606028,0.0,0.4789272030651341,0.4169080126879051,0.4169080126879051,0.0,0.37387155823266616,0.3674829687227931,0.3674829687227931,0.0,0.5938734178465026,0.5920173443961938,0.5920173443961938,0.0,0.22860602798708288,0.4552386078220309,0.4552386078220309,0.0,0.49165769644779334,952,3245,1.951291711517761,4228,1097,1.951291711517761,4228,1097,0.0,0,4120,True
13,0.32971276852522324,0.6980448950036205,0.7301472363021965,0.7301472363021965,0.21004885465619086,0.5119627122364515,0.5512431078371828,0.5512431078371828,0.32971276852522324,0.6980448950036205,0.7301472363021965,0.7301472363021965,0.35555257510729615,0.7368562231759657,0.7674356223175965,0.7674356223175965,0.5941713788603741,0.5026942464800973,0.4893238434163701,0.4893238434163701,0.3791503508431327,0.369934165421769,0.370239195101967,0.370239195101967,0.5961654664543844,0.5961841840411366,0.5953041418985539,0.5953041418985539,0.3579667381974249,0.5572246065808297,0.5426055078683835,0.5426055078683835,0.6166845493562232,933,2777,1.54318669527897,2861,1251,1.6582618025751072,3157,1118,1.6582618025751072,3157,1118,True
14,0.2878156410885021,0.7484677617063006,0.7484677617063006,0.0,0.22367540224467164,0.6740819183521539,0.6740819183521539,0.0,0.2878156410885021,0.7484677617063006,0.7484677617063006,0.0,0.29997306034482757,0.7611799568965517,0.7611799568965517,0.0,0.4780130293159609,0.413909978308026,0.413909978308026,0.0,0.3708226642966908,0.36947430708633444,0.36947430708633444,0.0,0.6229170830875078,0.6168049309905473,0.6168049309905473,0.0,0.2988505747126437,0.45640265804597696,0.45640265804597696,0.0,0.6616379310344828,1282,2905,1.9870689655172413,4323,1026,1.9870689655172413,4323,1026,0.0,0,4079,True
15,0.34207331876669095,0.693614955086186,0.7188638018936635,0.0,0.24815854645441818,0.5651621012738587,0.5958425837476163,0.0,0.34207331876669095,0.693614955086186,0.7188638018936635,0.0,0.3610961848468565,0.718833960236432,0.7428801719505642,0.0,0.48023176550783914,0.44253407682775714,0.43659687407844294,0.0,0.3544494614178925,0.36396708658227156,0.3642475198326182,0.0,0.5882781856569979,0.5948094621242703,0.5940109549343243,0.0,0.362260433458714,0.4908203474834319,0.48320795271359485,0.0,0.7882858678130038,1525,2710,1.7345513164965072,3599,1262,1.8221386351423965,3821,1158,0.0,0,4119,True
16,0.2617826617826618,0.7279609279609279,0.7279609279609279,0.0,0.19459206652752314,0.6434838616556958,0.6434838616556958,0.0,0.2617826617826618,0.7279609279609279,0.7279609279609279,0.0,0.27391187533584094,0.7435518538420204,0.7435518538420204,0.0,0.5288603848051308,0.425007128599943,0.425007128599943,0.0,0.3862861160425785,0.3722867145962629,0.3722867145962629,0.0,0.627587234693748,0.615277291895812,0.615277291895812,0.0,0.277628515135232,0.47062511194698187,0.47062511194698187,0.0,0.5445996775926921,955,3023,1.8844707146695325,4033,1114,1.8844707146695325,4033,1114,0.0,0,4095,True
17,0.1607490272373541,0.6964980544747081,0.6964980544747081,0.0,0.13351408507120827,0.5716034627317318,0.5716034627317318,0.0,0.1607490272373541,0.6964980544747081,0.6964980544747081,0.0,0.16698037106749125,0.7222371605270234,0.7222371605270234,0.0,0.4496598639455782,0.44715066354410615,0.44715066354410615,0.0,0.37357817620975514,0.3672430402878522,0.3672430402878522,0.0,0.6043559399846518,0.5979632674479184,0.5979632674479184,0.0,0.17182038182307072,0.4869140449941741,0.4869140449941741,0.0,0.395267545038989,809,3451,1.7222371605270235,3541,1248,1.7222371605270235,3541,1248,0.0,0,4112,True
18,0.27959882583170254,0.6793052837573386,0.7323874755381604,0.0,0.166997240126631,0.5216763082166659,0.5821764370507247,0.0,0.27959882583170254,0.6793052837573386,0.7323874755381604,0.0,0.3006993006993007,0.7079074771382464,0.7599515868746638,0.0,0.6321902654867256,0.47739384562489257,0.4594138407242596,0.0,0.3847617839957125,0.36551943542021603,0.3651501118822007,0.0,0.6280804124570538,0.6134599345196678,0.6144477296959873,0.0,0.3041958041958042,0.515599784830554,0.5021965214272907,0.0,0.48628294782140935,665,2945,1.564550833781603,3040,1311,1.752824098977945,3523,1094,0.0,0,4088,True
19,0.08414396887159534,0.680204280155642,0.7553501945525292,0.0,0.051475965184976075,0.5492609514271177,0.6363851465874859,0.0,0.08414396887159534,0.680204280155642,0.7553501945525292,0.0,0.09000537345513165,0.7045943041375604,0.777270284793122,0.0,0.5815126050420169,0.44845278178611514,0.43758805297266834,0.0,0.3585842133513515,0.3627850531938177,0.36780614597336125,0.0,0.6116570141427256,0.6061654528723289,0.6081389100009746,0.0,0.09188608275120903,0.46328138993372736,0.4601020956475013,0.0,0.1598602901665771,249,3766,1.6757119828049436,3440,1315,1.9070392262224611,3992,1006,0.0,0,4112,True
20,0.31499513145082764,0.7117818889970788,0.7117818889970788,0.0,0.20671265436638028,0.5874941625227467,0.5874941625227467,0.0,0.31499513145082764,0.7117818889970788,0.7117818889970788,0.0,0.3363343187315238,0.736495565708143,0.736495565708143,0.0,0.5270875763747455,0.434021077630993,0.434021077630993,0.0,0.3521653862435435,0.36231125275172477,0.36231125275172477,0.0,0.5966125798878797,0.5968543548468135,0.5968543548468135,0.0,0.3360655737704918,0.48571172623846637,0.48571172623846637,0.0,0.6597688793335125,1161,2814,1.8105348024724537,3813,1184,1.8105348024724537,3813,1184,0.0,0,4108,True
21,0.25757943245209797,0.7235023041474654,0.7235023041474654,0.0,0.20304817948587917,0.6289776487859555,0.6289776487859555,0.0,0.25757943245209797,0.7235023041474654,0.7235023041474654,0.0,0.26848615219144933,0.7414627588061307,0.7414627588061307,0.0,0.4701195219123506,0.4228206945428774,0.4228206945428774,0.0,0.3678471935900069,0.36738554442934984,0.36738554442934984,0.0,0.5944695574851707,0.5968389742210938,0.5968389742210938,0.0,0.2727883839741866,0.46598547996773326,0.46598547996773326,0.0,0.6074213498252218,1197,3061,1.897015326700726,4072,1140,1.897015326700726,4072,1140,0.0,0,4123,True
22,0.06325739214735822,0.6674745516238487,0.6674745516238487,0.0,0.04578500430704013,0.5313491413822722,0.5313491413822722,0.0,0.06325739214735822,0.6674745516238487,0.6674745516238487,0.0,0.06676518001074691,0.6951907576571735,0.6951907576571735,0.0,0.47282608695652173,0.4682080924855491,0.4682080924855491,0.0,0.3514496254978437,0.3726869606434515,0.3726869606434515,0.0,0.5819457049856265,0.5939600503974493,0.5939600503974493,0.0,0.06985491671144546,0.4765359125917965,0.4765359125917965,0.0,0.14830736163353037,291,3865,1.5803331542181622,3128,1372,1.5803331542181622,3128,1372,0.0,0,4126,True
23,0.39110466521634035,0.6966400773507373,0.7203287406333092,0.5528160502779792,0.2668619354659657,0.5551521031966128,0.5866232936785956,0.409859041264854,0.39110466521634035,0.6966400773507373,0.7203287406333092,0.5528160502779792,0.4169123559367462,0.726078799249531,0.7483248458858215,0.5824175824175825,0.5304918032786885,0.4418889911070224,0.435354273192111,0.48391874735505713,0.36381600560172833,0.3585806465001921,0.35998079928526033,0.36022080671445983,0.6003102360345277,0.5991024358013574,0.5991886227996442,0.5956967429053402,0.4143214509068168,0.4973644241936924,0.48851961047083,0.5146520146520147,0.8174752077191102,1432,2519,1.748056821227553,3640,1255,1.8346287858482981,3865,1157,1.266684534977218,2439,1850,True
24,0.3546977421704297,0.7159504734158776,0.7450837581937363,0.0,0.27458310025029636,0.6055604784852332,0.633388761105885,0.0,0.3546977421704297,0.7159504734158776,0.7450837581937363,0.0,0.3722804190169218,0.7387859253290358,0.7687348912167606,0.0,0.5022344448264008,0.4431254695717506,0.4406317300789663,0.0,0.3833730193627312,0.37285955613582283,0.37321552193774205,0.0,0.6051350076719362,0.5987867313474603,0.6002911863366392,0.0,0.37201181842600056,0.49364311934819594,0.4921658160981287,0.0,0.7813591189900618,1448,2658,1.7875369325812516,3706,1170,1.8708031157668548,3896,1050,0.0,0,4119,True
25,0.37472714043172445,0.6742663109386369,0.703128789716226,0.7860780984719864,0.2025924528589901,0.4376553396991441,0.4711961356954848,0.590973919365057,0.37472714043172445,0.6742663109386369,0.703128789716226,0.7860780984719864,0.4091031149301826,0.7212674543501612,0.749328678839957,0.8249194414607949,0.6785243741765481,0.5589063128266988,0.5407573213952621,0.4875883857379269,0.36776714266538635,0.36525238092629886,0.36485065731810346,0.3680184296194051,0.5995051827944518,0.600172309933501,0.5992034598362709,0.5996026929033051,0.4072234156820623,0.5954618689581096,0.5887934121016829,0.5441729323308271,0.6114393125671321,732,2578,1.3356605800214822,2194,1343,1.4395810955961332,2462,1224,1.7849087003222341,3406,882,True
26,0.22833133253301321,0.7298919567827131,0.7651860744297719,0.0,0.16769602464695352,0.6260905199069094,0.6662753307225079,0.0,0.22833133253301321,0.7298919567827131,0.7651860744297719,0.0,0.24119860252620262,0.7523515184090298,0.7863477559795754,0.0,0.4776494224008036,0.4370956146657081,0.42997841338370213,0.0,0.35568147131024525,0.3734703534736392,0.3733054818911743,0.0,0.574536335474505,0.5902928466574971,0.5905159239992545,0.0,0.24926095135716206,0.48580130789214365,0.4760816984681537,0.0,0.5350712174146735,1040,3214,1.8691212039774254,3915,1125,1.9919376511690405,4225,978,0.0,0,4165,True
27,0.15508021390374332,0.6886242100145843,0.7459893048128342,0.0,0.10183268080810838,0.5870342224666754,0.6498327023711306,0.0,0.15508021390374332,0.6886242100145843,0.7459893048128342,0.0,0.16460628863208815,0.707605482397205,0.7636388067723731,0.0,0.5141015310233682,0.42340457330742787,0.4173806609547124,0.0,0.34661740866450425,0.36265804927811623,0.3646344177930585,0.0,0.5998647743578253,0.608253540073379,0.6105683845849429,0.0,0.17065305025530772,0.46860163038609687,0.4613455164382334,0.0,0.333512496640688,603,3476,1.7981725342649826,3858,1281,1.9760816984681537,4284,1045,0.0,0,4114,True
28,0.3810215444202372,0.7211328976034859,0.7446138949406923,0.6431856693294602,0.25131881603104184,0.5621815299329845,0.5905417739883777,0.47771264383076123,0.3810215444202372,0.7211328976034859,0.7446138949406923,0.6431856693294602,0.40997043805428646,0.7562483203439936,0.77882289707068,0.6791185165278151,0.5573654390934845,0.4836038961038961,0.47763975155279503,0.5026485054861899,0.3663817381532999,0.3751688338475456,0.37590654261595846,0.37288276175995794,0.6020481586301588,0.6049228257769657,0.60545541134117,0.6030091432192171,0.40468512048732425,0.5352503807220281,0.5307712980381618,0.5403565349816357,0.7589357699543133,1250,2557,1.6554689599570007,3181,1152,1.7307175490459554,3364,1055,1.4205858640150497,2629,1474,True
29,0.2651772705196697,0.7302088392423507,0.7685769791160758,0.0,0.2045899088398083,0.6424082174769402,0.6863919618770825,0.0,0.2651772705196697,0.7302088392423507,0.7685769791160758,0.0,0.27636168500134156,0.7456399248725516,0.782935336731956,0.0,0.46786632390745503,0.4194448319151904,0.4160094637223975,0.0,0.3661637190555706,0.3676398238447956,0.36878828948486647,0.0,0.6072931327729832,0.6040372795690772,0.6038918450228145,0.0,0.27725605938645914,0.4575172167069135,0.45085412753778725,0.0,0.6262409444593506,1242,3026,1.9235309900724444,4162,1111,2.0413200965924334,4443,953,0.0,0,4118,True
30,0.1877899877899878,0.7013431013431013,0.7013431013431013,0.7538461538461538,0.11180057136048165,0.502504841708549,0.502504841708549,0.5654679285810504,0.1877899877899878,0.7013431013431013,0.7013431013431013,0.7538461538461538,0.20220193340494091,0.7387218045112782,0.7387218045112782,0.7890708915145005,0.6152,0.5011341825161403,0.5011341825161403,0.4818167629155611,0.36498978824035255,0.36211512788542605,0.36211512788542605,0.3637812249580696,0.6258532538442244,0.6180981061295088,0.6180981061295088,0.6187578500758929,0.20381310418904403,0.5430988184747583,0.5430988184747583,0.5330290010741139,0.3356605800214823,481,3326,1.538936627282492,2859,1223,1.538936627282492,2859,1223,1.7204618689581095,3320,1008,True
31,0.5066893699829725,0.6952079785940161,0.7158842130868401,0.8343468742398443,0.27478604081168384,0.4451517227719353,0.472854059443462,0.6598416152760592,0.5066893699829725,0.6952079785940161,0.7158842130868401,0.8343468742398443,0.5513680257510729,0.744098712446352,0.7634120171673819,0.8678916309012875,0.6992279288351796,0.5838610827374873,0.5662882432172407,0.4771841958820256,0.38388100358422933,0.3740182459843095,0.3737207327978807,0.3735443601892132,0.6199696999657358,0.6086940406156688,0.6085818770390188,0.607212587699577,0.5503844778254648,0.6419885550786838,0.6316165951359084,0.5477467811158798,0.7990879828326181,896,2028,1.3130364806866952,2037,1253,1.3940450643776825,2254,1168,1.9281115879828326,3758,681,True
32,0.3137730358874879,0.7209020368574199,0.7570320077594569,0.0,0.235347478932469,0.609702719620861,0.6501057438727518,0.0,0.3137730358874879,0.7209020368574199,0.7570320077594569,0.0,0.33069280343716434,0.7444951664876477,0.7802094522019334,0.0,0.49616564417177916,0.44018359490672193,0.4358509004607008,0.0,0.3727372681320069,0.370866102052791,0.37212705572987903,0.0,0.6037746569396764,0.5969201512829202,0.5983273814930842,0.0,0.3322592194772646,0.490422484783387,0.48594701038310056,0.0,0.7003222341568206,1314,2830,1.813641245972073,3781,1151,1.9234693877551021,4041,1002,0.0,0,4124,True
33,0.09559717830211627,0.6708829968377523,0.6708829968377523,0.0,0.054375231213382814,0.4970748938587383,0.4970748938587383,0.0,0.09559717830211627,0.6708829968377523,0.6708829968377523,0.0,0.10357334766254701,0.7054003224073079,0.7054003224073079,0.0,0.563845050215208,0.4760918349732436,0.4760918349732436,0.0,0.3100043787629994,0.35924806982208796,0.35924806982208796,0.0,0.5575742441181675,0.6053074116958428,0.6053074116958428,0.0,0.10491671144545943,0.5112394769837005,0.5112394769837005,0.0,0.18726491133799034,304,3718,1.5564212788823213,3035,1353,1.5564212788823213,3035,1353,0.0,0,4111,True
34,0.206298828125,0.68310546875,0.732177734375,0.0,0.13592336130856503,0.5556296261191547,0.6171289680357093,0.0,0.20629882812500003,0.68310546875,0.732177734375,0.0,0.21856528747984955,0.7052659860290167,0.7521493820526599,0.0,0.5392469687300574,0.4464656135311951,0.4343858632676709,0.0,0.35161216005533563,0.36390496722885013,0.3659218606518668,0.0,0.5906808052776978,0.5964723624482658,0.5990028321268103,0.0,0.2229983879634605,0.4872828228550958,0.4772075944832527,0.0,0.42101020956475016,722,3251,1.683772165502418,3469,1298,1.8549167114454594,3905,1097,0.0,0,4096,True
35,0.3749695641587533,0.6971025079133187,0.6971025079133187,0.7584611638665693,0.2076062096732172,0.48208794517930137,0.48208794517930137,0.568069536713688,0.37496956415875327,0.6971025079133187,0.6971025079133187,0.7584611638665693,0.4072137302225798,0.7398766425315098,0.7398766425315098,0.7960579243765085,0.6742556917688266,0.5249358269160249,0.5249358269160249,0.483695652173913,0.38069428810756606,0.3642564334863804,0.3642564334863804,0.36434909528883835,0.6072313998304167,0.6006530227511132,0.6006530227511132,0.6011593217619892,0.4081523196567444,0.5778582283007061,0.5778582283007061,0.541744882452847,0.612496647894878,744,2567,1.4625905068382945,2591,1244,1.4625905068382945,2591,1244,1.7270045588629659,3325,992,True
36,0.14344560213229948,0.6634359098618852,0.7218318391083112,0.7218318391083112,0.08302414940604015,0.47059646410326134,0.5410783064421752,0.5410783064421752,0.14344560213229948,0.6634359098618852,0.7218318391083112,0.7218318391083112,0.15578834273435402,0.7048079505774912,0.7610797743755037,0.7610797743755037,0.6109391124871001,0.5105351482379266,0.49215265157773,0.49215265157773,0.3532557245627837,0.3645742975803794,0.3691523339492315,0.3691523339492315,0.5899473053817746,0.591069150172398,0.5920888712458929,0.5920888712458929,0.15699704539349987,0.5551526546691735,0.5473632375324559,0.5473632375324559,0.2602739726027397,377,3535,1.440504969110932,2625,1389,1.625839376846629,3074,1148,1.625839376846629,3074,1148,True
37,0.14822954822954823,0.7062271062271063,0.7062271062271063,0.0,0.11445811334592766,0.6026658762952367,0.6026658762952367,0.0,0.14822954822954823,0.7062271062271063,0.7062271062271063,0.0,0.15545087483176312,0.7267833109017496,0.7267833109017496,0.0,0.4683641975308642,0.42108328479906815,0.42108328479906815,0.0,0.36477782638879086,0.36180000860090655,0.36180000860090655,0.0,0.5820273202671338,0.595778605118423,0.595778605118423,0.0,0.15818752803947958,0.4602512337371018,0.4602512337371018,0.0,0.34885598923283984,689,3488,1.848721399730821,3976,1203,1.848721399730821,3976,1203,0.0,0,4095,True
38,0.09335596508244423,0.6597963142580019,0.7436954413191077,0.0,0.057804461420066115,0.48330983101903263,0.5675281613266192,0.0,0.09335596508244423,0.6597963142580019,0.7436954413191077,0.0,0.10016111707841031,0.6956229860365198,0.7792696025778733,0.0,0.5563583815028902,0.5022148394241418,0.48752185662056907,0.0,0.3822226299195477,0.3685249296567228,0.3734426155934538,0.0,0.6131343732818187,0.6105202812704056,0.6111992571394783,0.0,0.10123523093447906,0.5059523809523809,0.5104278553526674,0.0,0.1858216970998926,307,3739,1.4548872180451127,2697,1403,1.689312567132116,3224,1057,0.0,0,4124,True
39,0.3204633204633205,0.703426640926641,0.7439671814671814,0.0,0.20052722519912589,0.5466302134400585,0.5997428707174124,0.0,0.3204633204633205,0.703426640926641,0.7439671814671814,0.0,0.34553499597747384,0.7359882005899705,0.7736658621614374,0.0,0.6063926940639269,0.4753750815394651,0.46125074805505684,0.0,0.37954497421425737,0.3710632318524681,0.37218324550458476,0.0,0.6024750001434332,0.597655748327614,0.5973705612135326,0.0,0.344551711808349,0.5288727987843032,0.5146598730669527,0.0,0.587288817377313,862,2816,1.6444086886564762,3217,1229,1.7924376508447304,3601,1061,0.0,0,4144,True
40,0.07796610169491526,0.6893462469733657,0.6893462469733657,0.0,0.058852550125400103,0.5718328007588248,0.5718328007588248,0.0,0.07796610169491526,0.6893462469733657,0.6893462469733657,0.0,0.08232445520581114,0.7145547484530536,0.7145547484530536,0.0,0.4916030534351145,0.4553014553014553,0.4553014553014553,0.0,0.35941092427739313,0.37455286761984824,0.37455286761984824,0.0,0.6071417666364104,0.5997110118099412,0.5997110118099412,0.0,0.08461124562819478,0.4698681732580038,0.4698681732580038,0.0,0.17621737960721012,333,3808,1.6822706483723433,3406,1283,1.6822706483723433,3406,1283,0.0,0,4130,True
41,0.35235063663075417,0.725024485798237,0.7497551420176298,0.0,0.26631545783422594,0.6532483805997655,0.6845250627491053,0.0,0.35235063663075417,0.725024485798237,0.7497551420176298,0.0,0.367465016146394,0.7365446716899893,0.759956942949408,0.0,0.49878682842287697,0.4118219749652295,0.4053481599152767,0.0,0.37606364159410566,0.3681857571006799,0.36685561476511896,0.0,0.6288738874604527,0.6186387596114603,0.6160886815364276,0.0,0.3699766774309294,0.4456404736275565,0.4361320416218155,0.0,0.7763724434876211,1446,2645,1.9348762109795479,4229,1123,2.0328310010764263,4492,1022,0.0,0,4084,True
42,0.3824096385542169,0.7043373493975904,0.7510843373493976,0.0,0.27599256562125407,0.5806316055196753,0.6276220513734998,0.0,0.3824096385542169,0.7043373493975904,0.7510843373493976,0.0,0.4052024671493698,0.7295521587556986,0.7752748726200054,0.0,0.5345234085550691,0.4531782945736434,0.44790918235378646,0.0,0.38194753571311235,0.37235955957856226,0.37324230635823835,0.0,0.6036043544084156,0.596202374968902,0.5982803890333903,0.0,0.4060069723786538,0.512916778403504,0.5073299365334764,0.0,0.7961920085813892,1382,2563,1.7296862429605793,3527,1227,1.8661839635290962,3842,1033,0.0,0,4150,True
43,0.33373727581192436,0.7069801260300533,0.7069801260300533,0.0,0.2915493433868111,0.6430362580884526,0.6430362580884526,0.0,0.33373727581192436,0.7069801260300533,0.7069801260300533,0.0,0.34380875637926406,0.7210582863282299,0.7210582863282299,0.0,0.4498529892192094,0.4049139367018323,0.4049139367018323,0.0,0.3823033349939193,0.3688751465341022,0.3688751465341022,0.0,0.6180973877229258,0.6111754843423852,0.6111754843423852,0.0,0.3430477213716536,0.45098039215686275,0.45098039215686275,0.0,0.8221864088100994,1684,2749,1.9349986569970454,4287,1209,1.9349986569970454,4287,1209,0.0,0,4126,True
44,0.10216492337630746,0.7234249574312819,0.7234249574312819,0.0,0.054724664636860744,0.5853898347816363,0.5853898347816363,0.0,0.10216492337630746,0.7234249574312819,0.7234249574312819,0.0,0.1115735767991407,0.751342642320086,0.751342642320086,0.0,0.6306306306306306,0.45432325084020775,0.45432325084020775,0.0,0.33047455688965127,0.3685064300983169,0.3685064300983169,0.0,0.5735887025271695,0.6013136355258555,0.6013136355258555,0.0,0.11211063372717509,0.4870211242391693,0.4870211242391693,0.0,0.17883995703544575,246,3691,1.7577873254564984,3572,1137,1.7577873254564984,3572,1137,0.0,0,4111,True
45,0.13437195715676728,0.6901168451801363,0.7429406037000974,0.0,0.0936917999208493,0.5635701676314224,0.62736030334933,0.0,0.13437195715676728,0.6901168451801363,0.7429406037000974,0.0,0.14222401289282838,0.7147461724415793,0.7656459844211657,0.0,0.5655737704918032,0.4646779216521882,0.44334689134224287,0.0,0.38714596915260086,0.37645674190391754,0.3720811768517571,0.0,0.6155760851284006,0.617650842051458,0.6119207982824604,0.0,0.14544721998388396,0.5149073327961321,0.49480705524218815,0.0,0.26215417673918884,424,3556,1.6387322052108515,3266,1273,1.8490464679022294,3832,1056,0.0,0,4108,True
46,0.07621134648161675,0.7078159240321402,0.7078159240321402,0.0,0.06099885244972611,0.5561597571794513,0.5561597571794513,0.0,0.07621134648161675,0.7078159240321402,0.7078159240321402,0.0,0.0794417606011809,0.736983360171766,0.736983360171766,0.0,0.4151193633952255,0.4575790964898473,0.4575790964898473,0.0,0.3660246978698203,0.36287789506565954,0.36287789506565954,0.0,0.6263904774017588,0.6017597388265645,0.6017597388265645,0.0,0.07890499194847021,0.4850152084451601,0.4850152084451601,0.0,0.202361782071927,441,3794,1.7050456253354804,3446,1200,1.7050456253354804,3446,1200,0.0,0,4107,True
47,0.37181996086105673,0.7196673189823874,0.7451076320939335,0.0,0.25913402131627955,0.5940557904154957,0.6224838391618415,0.0,0.37181996086105673,0.7196673189823874,0.7451076320939335,0.0,0.39217531594514654,0.7436138746974993,0.7694272653939231,0.0,0.537862703467799,0.440749063670412,0.4342743085258055,0.0,0.3716975351891416,0.3643970851658502,0.36387588903589196,0.0,0.6224390765901422,0.6161856475119222,0.6159773760427281,0.0,0.39222013085955004,0.5044814914403513,0.4964596217621223,0.0,0.7598816886259747,1306,2568,1.7948373218607152,3733,1146,1.8859908577574618,3968,1042,0.0,0,4088,True
48,0.21696061850688572,0.6868808891036482,0.7337521140372071,0.0,0.14261588042847959,0.5769068745428401,0.6300299211306132,0.0,0.21696061850688572,0.6868808891036482,0.7337521140372071,0.0,0.23293927995701236,0.71104245029554,0.7569854916711446,0.0,0.577491961414791,0.45034056708379533,0.4371042026482441,0.0,0.377513055404747,0.3750429507369694,0.37313710617470336,0.0,0.5972022906303754,0.5977968119567406,0.5955457572428693,0.0,0.23361096184846858,0.5086423070034032,0.4933727386709654,0.0,0.41778613648576035,657,3241,1.6961311123052123,3470,1296,1.8667383127350887,3911,1102,0.0,0,4139,True
49,0.21854465806765636,0.6887320515940618,0.7330250669262595,0.0,0.14719339367779521,0.5564616130201716,0.6099122908275342,0.0,0.21854465806765636,0.6887320515940618,0.7330250669262595,0.0,0.23227712137486572,0.71468850698174,0.7580558539205156,0.0,0.5458966565349544,0.45287245959353495,0.4393232205367561,0.0,0.3739483301332962,0.36634729881452194,0.3663425179547146,0.0,0.6088180996017566,0.6059359765302862,0.6063580070275179,0.0,0.2365735767991407,0.49906015037593987,0.48576799140708915,0.0,0.4417293233082707,747,3211,1.6780343716433943,3419,1279,1.841031149301826,3844,1097,0.0,0,4109,True
50,0.18812606889811873,0.6953334962130466,0.7439530906425604,0.0,0.17041335374613523,0.5923583833133876,0.640634474138983,0.0,0.18812606889811873,0.6953334962130466,0.7439530906425604,0.0,0.19217321140398064,0.7151694459386767,0.763986013986014,0.0,0.41264737406216506,0.43049463016185147,0.42754844144903115,0.0,0.3738130195502662,0.3675523224521953,0.368545117742832,0.0,0.6237417673644375,0.6093717205799595,0.6105370847900643,0.0,0.19566971490048413,0.4670073516227362,0.46503496503496505,0.0,0.5018827326519634,1096,3323,1.7781065088757397,3765,1247,1.9155459924690694,4077,1048,0.0,0,4093,True
51,0.22573583069812697,0.673801994648504,0.7209924592556556,0.0,0.15685495967907628,0.5425098808974572,0.5903050204453719,0.0,0.22573583069812697,0.673801994648504,0.7209924592556556,0.0,0.23965609887157444,0.6996238581407845,0.7463729177861365,0.0,0.5491124260355029,0.4576999339061467,0.4496359223300971,0.0,0.37996706315582607,0.3685470918599118,0.3684014875452504,0.0,0.6121122029273124,0.602649585595144,0.602791906327529,0.0,0.24261149919398173,0.5089557585527494,0.5026867275658248,0.0,0.4540569586243955,762,3183,1.6260075228371844,3282,1341,1.771090811391725,3628,1147,0.0,0,4111,True
52,0.3839590443686007,0.6994149195514383,0.749878108239883,0.0,0.26948251711208626,0.5688282882658758,0.6259510108087597,0.0,0.3839590443686007,0.6994149195514383,0.749878108239883,0.0,0.40640991112308106,0.725962833288446,0.7751144626986265,0.0,0.5064308681672026,0.44926401503288443,0.4388643173063205,0.0,0.3586533497016419,0.36744275833186096,0.3673695775677576,0.0,0.591813365108155,0.6022027879083182,0.6004512601786718,0.0,0.40636502379028644,0.5021097046413502,0.4917407307657779,0.0,0.8375976299488285,1535,2527,1.7199030433611635,3517,1233,1.8876918933476974,3933,1026,0.0,0,4102,True
53,0.1289774107359728,0.7024532426524168,0.7024532426524168,0.0,0.0807083722635738,0.5500945747966247,0.5500945747966247,0.0,0.1289774107359728,0.7024532426524168,0.7024532426524168,0.0,0.1381720430107527,0.7345430107526881,0.7345430107526881,0.0,0.6103448275862069,0.47581441263573543,0.47581441263573543,0.0,0.3978621333590908,0.3707361040622283,0.3707361040622283,0.0,0.6204638772581222,0.6015196492039805,0.6015196492039805,0.0,0.14099462365591398,0.5139336917562723,0.5139336917562723,0.0,0.23387096774193547,339,3586,1.6338709677419354,3186,1225,1.6338709677419354,3186,1225,0.0,0,4117,True
54,0.10833130920573233,0.6776779208161282,0.7335438426038378,0.0,0.0927895006006022,0.5802179980589843,0.6513607716800555,0.0,0.10833130920573233,0.6776779208161282,0.7335438426038378,0.0,0.11120064464141821,0.6966156325543916,0.7493956486704271,0.0,0.4276126558005753,0.4313543599257885,0.4162646450723639,0.0,0.34561734561734564,0.36908689746831264,0.36915390869728953,0.0,0.5838079282334809,0.603527056484914,0.6035151739627279,0.0,0.11925866236905722,0.4644999552332349,0.4419822723609992,0.0,0.2801504163309159,597,3671,1.7373086220789686,3678,1327,1.9486972871340318,4235,1097,0.0,0,4117,True
55,0.10749578211617257,0.7245119305856833,0.7245119305856833,0.0,0.09147688167165624,0.6398125374217546,0.6398125374217546,0.0,0.10749578211617257,0.7245119305856833,0.7245119305856833,0.0,0.11197428341816233,0.7444414679882132,0.7444414679882132,0.0,0.4442231075697211,0.42278481012658226,0.42278481012658226,0.0,0.3779736372020184,0.3721238463960632,0.3721238463960632,0.0,0.6123183765368748,0.601836320839105,0.601836320839105,0.0,0.11465309402625234,0.4702205554067327,0.4702205554067327,0.0,0.2689525850522368,558,3703,1.9046343423519958,4104,1143,1.9046343423519958,4104,1143,0.0,0,4149,True
56,0.2163799370002423,0.667312818027623,0.7140780227768355,0.7140780227768355,0.132008662619008,0.49749204390760154,0.5480753617714961,0.5480753617714961,0.21637993700024233,0.667312818027623,0.7140780227768355,0.7140780227768355,0.23414830736163353,0.7017732401934443,0.7479849543256314,0.7479849543256314,0.5591734502191609,0.4939910313901345,0.4827981651376147,0.4827981651376147,0.3457222621612139,0.3679517827674245,0.36965736113096054,0.36965736113096054,0.5808530347650159,0.591613617275123,0.5931719696113388,0.5931719696113388,0.23522299838796346,0.5330467490596453,0.531166039763568,0.531166039763568,0.4290703922622246,704,3234,1.49785061794734,2821,1373,1.6399785061794734,3157,1180,1.6399785061794734,3157,1180,True
57,0.24106925880923452,0.6889428918590522,0.7370595382746051,0.0,0.1784191740882972,0.5738555261467955,0.620900856118389,0.0,0.24106925880923455,0.6889428918590522,0.7370595382746051,0.0,0.25288745635240395,0.7119258662369057,0.7597367714208971,0.0,0.4942700548081714,0.4538904899135447,0.4455052878965922,0.0,0.36648590848014456,0.3730305554926479,0.37181817280518265,0.0,0.6011234554467787,0.6047875068352685,0.6049178690119998,0.0,0.2571850658071448,0.4909123466738293,0.48540603455994263,0.0,0.5390813859790492,1015,3123,1.67767929089444,3411,1280,1.8286328229922106,3775,1082,0.0,0,4115,True
58,0.20378457059679767,0.7205240174672489,0.7205240174672489,0.0,0.15756037615387722,0.6453166170397097,0.6453166170397097,0.0,0.20378457059679767,0.7205240174672489,0.7205240174672489,0.0,0.2137476459510358,0.7358084476728545,0.7358084476728545,0.0,0.49616066154754873,0.4149203688181056,0.4149203688181056,0.0,0.3803296022413491,0.3718315737060598,0.3718315737060598,0.0,0.6168644886150805,0.6093317819656018,0.6093317819656018,0.0,0.22069769527396643,0.4383014976235315,0.4383014976235315,0.0,0.45547484530535376,853,3282,1.9257465698143663,4188,1152,1.9257465698143663,4188,1152,0.0,0,4122,True
59,0.21657754010695188,0.712688381137579,0.7489061740398639,0.7489061740398639,0.13736708154107716,0.5236274678190793,0.5713270885119236,0.5713270885119236,0.21657754010695188,0.712688381137579,0.7489061740398639,0.7489061740398639,0.23196567444355054,0.7489943684633951,0.7827835880933226,0.7827835880933226,0.6319148936170212,0.5072664359861592,0.48804055124346585,0.48804055124346585,0.401626231440299,0.37141362014127033,0.37113716047879586,0.37113716047879586,0.6275253996583733,0.610964530750771,0.6104729610928971,0.6104729610928971,0.23665862161437382,0.5660141235362475,0.5475105032627157,0.5475105032627157,0.37811745776347544,519,3223,1.550013408420488,2848,1182,1.692947170823277,3232,1033,1.692947170823277,3232,1033,True
60,0.09412049358819259,0.710379869344302,0.710379869344302,0.0,0.06222522681364676,0.5588155159571274,0.5588155159571274,0.0,0.09412049358819259,0.710379869344302,0.710379869344302,0.0,0.1006991126646948,0.7430760957246572,0.7430760957246572,0.0,0.5517730496453901,0.46662428480610296,0.46662428480610296,0.0,0.3771752397558849,0.3693678953796768,0.3693678953796768,0.0,0.6036085875530784,0.59825297531734,0.59825297531734,0.0,0.10325356278569509,0.49475665501478894,0.49475665501478894,0.0,0.18956708792686205,316,3744,1.6918526485614414,3356,1197,1.6918526485614414,3356,1197,0.0,0,4133,True
61,0.1830541393542122,0.6518572469045885,0.7108521485797523,0.7965525613012867,0.1025054545306081,0.4420327051965966,0.5012306256584801,0.6128270438191458,0.1830541393542122,0.6518572469045885,0.7108521485797523,0.7965525613012867,0.19930163846360463,0.6932581251678753,0.7522159548751007,0.8336019339242546,0.66431718061674,0.5626571668063705,0.5346968590211834,0.4764740052279988,0.3865155103717965,0.378447779794606,0.3744907916448638,0.3672393735787916,0.6004249432914471,0.602882379298313,0.6010822773211687,0.5975802994784998,0.19997313994090787,0.5795505416778585,0.5790133404960158,0.5302623332437998,0.30486167069567555,381,3365,1.2817620198764437,2087,1434,1.470856835885039,2548,1191,1.849583669084072,3605,838,True
62,0.06525958272683163,0.717855409995148,0.717855409995148,0.0,0.060432390420869155,0.6216749694151316,0.6216749694151316,0.0,0.06525958272683163,0.717855409995148,0.717855409995148,0.0,0.0671059709521248,0.7381656804733728,0.7381656804733728,0.0,0.4190031152647975,0.42735413056036975,0.42735413056036975,0.0,0.367594271963204,0.3707585805349874,0.3707585805349874,0.0,0.5666816709997275,0.6012523514664714,0.6012523514664714,0.0,0.07181280258203335,0.45875918952842026,0.45875918952842026,0.0,0.17267348036578806,373,3853,1.862291554599247,3965,1163,1.862291554599247,3965,1163,0.0,0,4122,True
63,0.06471306471306472,0.6788766788766789,0.7536019536019536,0.0,0.045715442451578735,0.5841024721053718,0.6611919606845303,0.0,0.06471306471306472,0.6788766788766789,0.7536019536019536,0.0,0.06852996506315506,0.6972588013974738,0.7722386455253964,0.0,0.4522184300341297,0.42217160212604404,0.4137283818206194,0.0,0.3247871434653044,0.36544829568161613,0.36513844084389385,0.0,0.5795374229856989,0.6105050488356936,0.6099205134246153,0.0,0.06920182746573501,0.4252889008331094,0.4240347576816268,0.0,0.15748454716474067,321,3830,1.7696855683955925,3805,1315,2.0045686643375435,4373,1009,0.0,0,4095,True
64,0.3361425475559836,0.7279075367204431,0.7558391524199374,0.0,0.23604107282820416,0.616896122602412,0.6524242661864802,0.0,0.3361425475559836,0.7279075367204431,0.7558391524199374,0.0,0.3591946308724832,0.751275167785235,0.7771812080536913,0.0,0.5493900039354584,0.4601918100167453,0.45139488064423355,0.0,0.3833114018250847,0.3833759404392543,0.3830871267596083,0.0,0.6083005341407333,0.6041685041613079,0.6043294756861765,0.0,0.361744966442953,0.5105145413870246,0.49991051454138696,0.0,0.6821476510067114,1145,2757,1.763489932885906,3546,1130,1.8668456375838927,3815,1014,0.0,0,4153,True
65,0.3598255391325418,0.6995396171553186,0.7269202810758421,0.6668282045069057,0.23619573382858716,0.5303882796009978,0.5637068440991495,0.49368176428063176,0.3598255391325418,0.6995396171553186,0.7269202810758421,0.6668282045069057,0.38591776404192424,0.735958075786079,0.7620263370061812,0.7042461703843053,0.5629264594389689,0.4781384564425306,0.4681647940074906,0.4876838561049087,0.36424852325574003,0.36561783547686577,0.3662963662807898,0.36392169003457453,0.5892961807496183,0.5934955508250825,0.5931690037513192,0.5927422141081669,0.38542506494669887,0.5257995162590702,0.5146018095494043,0.533010839380095,0.708949207202365,1153,2642,1.6226820747110993,3151,1240,1.722117710292932,3408,1127,1.516527815103467,2891,1375,True
66,0.38811445341159206,0.7021276595744681,0.7456590853509415,0.7260943996087063,0.2395011606017742,0.5197042887115838,0.5759082982094307,0.5508767306031411,0.38811445341159206,0.7021276595744681,0.7456590853509415,0.7260943996087063,0.4141590542718968,0.7357603439011284,0.7770016120365395,0.7585975282106394,0.5952738184546137,0.5000870928409685,0.4755146600124766,0.48584519718540337,0.36680919760829506,0.3687569254579713,0.3666402306055933,0.36752070588963887,0.5986411657117054,0.6049858637923275,0.6038428712349817,0.6041597829031323,0.41026329930145083,0.5572272971520688,0.5364947161024538,0.5461669353394232,0.7162815690488984,1079,2502,1.5424502955400323,2870,1218,1.7227297152068781,3363,1040,1.6418592154755507,3142,1120,True
67,0.3704330994435035,0.7203000241954997,0.7403822888942657,0.0,0.28460781922382666,0.6329987262518718,0.6566581225898626,0.0,0.3704330994435035,0.7203000241954997,0.7403822888942657,0.0,0.38924731182795697,0.7379032258064516,0.7567204301075269,0.0,0.5,0.43113685734974655,0.4261244951956552,0.0,0.3797353844178124,0.3758408561572706,0.37503399334861864,0.0,0.6036859563835739,0.6025961104156332,0.601459168047527,0.0,0.38745519713261645,0.4844534050179211,0.4773297491039426,0.0,0.8231182795698925,1531,2602,1.8561827956989247,3928,1156,1.9303763440860215,4121,1073,0.0,0,4133,True
68,0.33260500121388686,0.7118232580723477,0.7358582180140811,0.0,0.2562627169830537,0.6100538290242206,0.6355551183693604,0.0,0.33260500121388686,0.7118232580723477,0.7358582180140811,0.0,0.348252688172043,0.7330645161290322,0.7567204301075269,0.0,0.4894605216148625,0.4319387153800825,0.42666103603603606,0.0,0.37420047596682426,0.3696179574147352,0.36870077213187874,0.0,0.596348877158582,0.5936287013771063,0.5932206316093814,0.0,0.344847670250896,0.4836917562724014,0.4758064516129032,0.0,0.7524193548387097,1429,2749,1.824731182795699,3856,1187,1.9096774193548387,4073,1088,0.0,0,4119,True
69,0.08042635658914729,0.6579457364341085,0.718265503875969,0.718265503875969,0.051984959681055765,0.489124642256451,0.5518994022640908,0.5518994022640908,0.08042635658914729,0.6579457364341085,0.718265503875969,0.718265503875969,0.08671140939597316,0.6911409395973155,0.7511409395973154,0.7511409395973154,0.5424836601307189,0.5053963528098251,0.4854289456450557,0.4854289456450557,0.36830102427757144,0.3738073418907781,0.3715887918688137,0.3715887918688137,0.589767432888136,0.5978618895303656,0.5965340458235924,0.5965340458235924,0.08791946308724832,0.5371812080536913,0.5326174496644295,0.5326174496644295,0.16429530201342282,280,3796,1.4426845637583892,2658,1412,1.639731543624161,3143,1163,1.639731543624161,3143,1163,True
70,0.34302467627656974,0.711702907402883,0.7402882970925971,0.7908624480820914,0.2182942627473893,0.5207198566921282,0.5500310822672331,0.6134016540231194,0.34302467627656974,0.711702907402883,0.7402882970925971,0.7908624480820914,0.3667834051724138,0.7475754310344828,0.7759967672413793,0.8243534482758621,0.5862212943632568,0.511142305667661,0.5016556291390728,0.4801958166444148,0.3737221651671237,0.3733009052113034,0.3723118759316086,0.3714852941674825,0.6006958538601113,0.6082775299227834,0.6076592957708535,0.6060614620831952,0.3690283764367816,0.5715247844827587,0.5660470545977011,0.5492995689655171,0.6452047413793104,991,2689,1.535290948275862,2786,1180,1.6271551724137931,3010,1063,1.8160021551724137,3504,856,True
71,0.3452729044834308,0.6942007797270955,0.7292884990253411,0.0,0.24598324235271132,0.5663750136853486,0.6036719839045331,0.0,0.3452729044834308,0.6942007797270955,0.7292884990253411,0.0,0.3636852001074402,0.7199838839645447,0.7540961590115498,0.0,0.5113677372789607,0.4413632842757552,0.4384063278160246,0.0,0.3653944736303097,0.36198151441913246,0.36381594805680884,0.0,0.5971787703601893,0.595970165716673,0.5979382702445785,0.0,0.3657444713045035,0.4938221864088101,0.4905094457874474,0.0,0.7442922374429224,1354,2687,1.7338168143969916,3606,1255,1.8337362342197152,3834,1111,0.0,0,4104,True
72,0.22361748369958948,0.6759236899299687,0.7220478145375513,0.0,0.14132641337044796,0.5721109635248309,0.6212050643881785,0.0,0.22361748369958948,0.6759236899299687,0.7220478145375513,0.0,0.24193981730252553,0.7005642127888232,0.7467759269210102,0.0,0.5886840432294977,0.43871473354231977,0.42953598620887806,0.0,0.3658981496868207,0.369454316170508,0.3686385459644863,0.0,0.5963104218089801,0.587605858680561,0.5868621801351955,0.0,0.24435787211176788,0.485133440802436,0.47514777001612035,0.0,0.42262224610424504,647,3215,1.7141321869962385,3581,1342,1.870231058570661,3971,1151,0.0,0,4141,True
73,0.2814400389199708,0.720749209438093,0.720749209438093,0.0,0.19764719889864388,0.601135935422422,0.601135935422422,0.0,0.2814400389199708,0.720749209438093,0.720749209438093,0.0,0.2977437550362611,0.7424120333064733,0.7424120333064733,0.0,0.5225835591689251,0.42942028985507247,0.42942028985507247,0.0,0.364503039605889,0.3634706562827224,0.3634706562827224,0.0,0.6037200132251307,0.6036895268590531,0.6036895268590531,0.0,0.30083266183185603,0.4764974482943862,0.4764974482943862,0.0,0.5946817082997583,1057,2954,1.8533440773569703,3937,1148,1.8533440773569703,3937,1148,0.0,0,4111,True
74,0.12384876393601552,0.6795928259815802,0.7440620455647116,0.0,0.07420473463707992,0.5933006545864957,0.6630421320168284,0.0,0.12384876393601552,0.6795928259815802,0.7440620455647116,0.0,0.13423810803547434,0.6967213114754098,0.7605482397205052,0.0,0.5941860465116279,0.4269834018577737,0.4156512320606553,0.0,0.35680017717165446,0.37114899693721304,0.36895421369748793,0.0,0.5931264614891975,0.5968434600690744,0.5945874475467157,0.0,0.1354026695332796,0.4611215623040401,0.4463405894472811,0.0,0.23112066648750335,349,3615,1.7648481590970169,3763,1322,1.9849502821822091,4316,1056,0.0,0,4126,True
75,0.2677050377220735,0.7315648576295936,0.7315648576295936,0.0,0.21331240100348925,0.6246036101571958,0.6246036101571958,0.0,0.2677050377220735,0.7315648576295936,0.7315648576295936,0.0,0.2776881720430108,0.7520161290322581,0.7520161290322581,0.0,0.46808510638297873,0.4375545851528384,0.4375545851528384,0.0,0.37123848285763256,0.3710165301721975,0.3710165301721975,0.0,0.6071663318385132,0.6072489413965416,0.6072489413965416,0.0,0.28118279569892474,0.4869623655913978,0.4869623655913978,0.0,0.6317204301075269,1250,3009,1.846774193548387,3864,1103,1.846774193548387,3864,1103,0.0,0,4109,True
76,0.12509126308104163,0.6789973229496228,0.6789973229496228,0.0,0.07904570363572681,0.4829959866793387,0.4829959866793387,0.0,0.12509126308104163,0.6789973229496228,0.6789973229496228,0.0,0.1338709677419355,0.7185483870967742,0.7185483870967742,0.0,0.5376569037656904,0.5051602390005432,0.5051602390005432,0.0,0.3390220609189141,0.36268542504721185,0.36268542504721185,0.0,0.597183503273664,0.6006351202596292,0.6006351202596292,0.0,0.1350806451612903,0.5173387096774194,0.5173387096774194,0.0,0.256989247311828,442,3595,1.4846774193548387,2733,1319,1.4846774193548387,2733,1319,0.0,0,4109,True
77,0.21849148418491485,0.7019464720194647,0.7418491484184915,0.0,0.16065510593326424,0.5711793576284822,0.6210025046844154,0.0,0.21849148418491487,0.7019464720194647,0.7418491484184915,0.0,0.23038688876947877,0.7293121977431488,0.7677324019344438,0.0,0.4944933920704846,0.4415365779002143,0.4306497175141243,0.0,0.3634803189479487,0.3626418338452441,0.362930337499303,0.0,0.5973945524241833,0.602795822512822,0.6016332219991293,0.0,0.2323571556510836,0.4834766254701773,0.46878918144366827,0.0,0.4879097259537883,918,3212,1.7555077915099409,3649,1225,1.9022031166039763,4031,1061,0.0,0,4110,True
78,0.38392204628501825,0.7140073081607795,0.7534713763702802,0.0,0.2781896009651949,0.5929346732109214,0.6405054370731053,0.0,0.38392204628501825,0.7140073081607795,0.7534713763702802,0.0,0.4035982814178303,0.7360365198711063,0.7737647690655209,0.0,0.5011128775834658,0.44933312892840716,0.43698784967504944,0.0,0.3633016671281905,0.370264844597824,0.3687875524658679,0.0,0.593131827606001,0.5987447326626515,0.5969153802910067,0.0,0.40037593984962405,0.5040726817042606,0.48939312567132115,0.0,0.8445220193340494,1569,2529,1.751611170784103,3592,1174,1.9006444683136412,3985,1012,0.0,0,4105,True
79,0.27056539674836205,0.7175442853676293,0.7175442853676293,0.0,0.17514476765683015,0.5826919178163918,0.5826919178163918,0.0,0.27056539674836205,0.7175442853676293,0.7175442853676293,0.0,0.2902445579145391,0.7441547970975544,0.7441547970975544,0.0,0.5594581033617662,0.44884638737097754,0.44884638737097754,0.0,0.3629391770435009,0.3648940567306688,0.3648940567306688,0.0,0.5890941227273607,0.5878986460532721,0.5878986460532721,0.0,0.2933351249664069,0.49207202364955654,0.49207202364955654,0.0,0.5356087073367375,878,3006,1.7704918032786885,3631,1164,1.7704918032786885,3631,1164,0.0,0,4121,True
80,0.352798643082142,0.7177126241822147,0.7446086745820208,0.0,0.2426327805135752,0.5848211395519199,0.6137898956787525,0.0,0.352798643082142,0.7177126241822147,0.7446086745820208,0.0,0.37516796560064497,0.7430798172534265,0.7695511959150766,0.0,0.5239294710327456,0.44615152884470555,0.4401317674018906,0.0,0.3617538470682427,0.3650754458406489,0.3647446895363376,0.0,0.5945193844984804,0.5988972139555798,0.5988675404519149,0.0,0.37646689957896623,0.49811878527277614,0.48947415569291414,0.0,0.7468422467078742,1323,2671,1.7841977962913196,3677,1165,1.876377317925289,3909,1054,0.0,0,4127,True
81,0.3882381649585164,0.7198633479746218,0.7650073206442167,0.6303074670571011,0.26717309575377285,0.568734218116952,0.6248786396238769,0.4726718533930434,0.3882381649585164,0.7198633479746218,0.7650073206442167,0.6303074670571011,0.41120365394948954,0.7491939817302525,0.7924502955400322,0.6612036539494895,0.555710792874607,0.46647691334598357,0.4523156831626028,0.501358695652174,0.3791679590876467,0.369502629200183,0.369513389137257,0.37425520044874255,0.6175045899502791,0.6124748895869955,0.6112085241056456,0.6157936954149813,0.4128156904889844,0.5277180727207594,0.511149919398173,0.5512717177144904,0.7692101020956476,1272,2507,1.6990865126276196,3374,1148,1.8621708758731865,3796,963,1.38420204191295,2569,1515,True
82,0.2770615422038433,0.7355874483094138,0.7650206762344928,0.0,0.21262453968838627,0.6354690043023029,0.6705619719169095,0.0,0.2770615422038433,0.7355874483094138,0.7650206762344928,0.0,0.2885391444713479,0.7534301856335754,0.7820823244552058,0.0,0.47339983374896094,0.42287791917214373,0.41683233929754804,0.0,0.3654822185183942,0.36786751351135255,0.3674944863918921,0.0,0.5954413820867785,0.6041537453246835,0.6030999320103082,0.0,0.28894269572235676,0.4606761725405793,0.45327773293874984,0.0,0.6472962066182405,1267,2972,1.9238633306429918,4127,1087,2.029862792574657,4400,966,0.0,0,4111,True
83,0.1131617289946576,0.6886838271005342,0.6886838271005342,0.0,0.08698995768832535,0.5416179701018603,0.5416179701018603,0.0,0.1131617289946576,0.6886838271005342,0.6886838271005342,0.0,0.11891964525665144,0.7199677506046762,0.7199677506046762,0.0,0.5206703910614525,0.48288779158862594,0.48288779158862594,0.0,0.3954315458676004,0.3766411043405688,0.3766411043405688,0.0,0.621367001715983,0.6089463221626195,0.6089463221626195,0.0,0.1221445847890352,0.5082863029651528,0.5082863029651528,0.0,0.24052674012362268,429,3652,1.5783391561408224,3037,1282,1.5783391561408224,3037,1282,0.0,0,4118,True
84,0.16400580551523947,0.6918238993710691,0.7474600870827286,0.0,0.11860572421028086,0.5907670244990375,0.6471501365098132,0.0,0.16400580551523947,0.6918238993710691,0.7474600870827286,0.0,0.1735793159170482,0.7129006194451926,0.7685160247778077,0.0,0.5227447956823439,0.44905008635578586,0.4409246575342466,0.0,0.3741083655839936,0.37741109658463695,0.376293823652929,0.0,0.5980517067453364,0.5949005187625029,0.5957234146929757,0.0,0.18058173983301912,0.4793069395816501,0.47594038962204865,0.0,0.3493132238082413,619,3456,1.7153245354161055,3509,1274,1.8874225693509292,3918,1044,0.0,0,4134,True
85,0.24123761179598743,0.7135605511240029,0.7135605511240029,0.0,0.1480542900778512,0.5755153199849541,0.5755153199849541,0.0,0.24123761179598743,0.7135605511240029,0.7135605511240029,0.0,0.26136058080129065,0.7415972035493412,0.7415972035493412,0.0,0.5944014294222751,0.45324735145094425,0.45324735145094425,0.0,0.3633260103569746,0.36799730514249074,0.36799730514249074,0.0,0.5830007652226901,0.5942570326249682,0.5942570326249682,0.0,0.26620059155687015,0.49430850587075376,0.49430850587075376,0.0,0.4514654477009949,681,3139,1.7512772250605002,3561,1185,1.7512772250605002,3561,1185,0.0,0,4137,True
86,0.21553398058252426,0.7242718446601941,0.7242718446601941,0.0,0.17494396468601017,0.6381490738421417,0.6381490738421417,0.0,0.21553398058252426,0.7242718446601941,0.7242718446601941,0.0,0.22420741536808167,0.7408651262761956,0.7408651262761956,0.0,0.434654919236417,0.4118134142975435,0.4118134142975435,0.0,0.35707828576778056,0.3658595880892707,0.3658595880892707,0.0,0.5935620026773784,0.6058165667390495,0.6058165667390495,0.0,0.22743148844707148,0.45419129500268673,0.45419129500268673,0.0,0.5488984416980118,1155,3232,1.9468027941966684,4262,1136,1.9468027941966684,4262,1136,0.0,0,4120,True
87,0.39658952496954936,0.7183922046285018,0.7425091352009744,0.0,0.2850919959894859,0.6038879898775337,0.6302926746710652,0.0,0.39658952496954936,0.7183922046285018,0.7425091352009744,0.0,0.4168454935622318,0.7410139484978541,0.7646190987124464,0.0,0.49938650306748467,0.4318980667838313,0.4298406430686786,0.0,0.3608996949900531,0.3646615936719158,0.3661571102192737,0.0,0.6055026216062251,0.6095060841904871,0.6115770238451245,0.0,0.4146548640915593,0.4823855507868383,0.4787643061516451,0.0,0.8744635193133047,1632,2477,1.8315450643776825,3879,1156,1.9020922746781115,4043,1057,0.0,0,4105,True
88,0.38710462287104624,0.7165450121654501,0.7165450121654501,0.7165450121654501,0.25968379853499085,0.5698454898621153,0.5698454898621153,0.5698454898621153,0.38710462287104624,0.7165450121654501,0.7165450121654501,0.7165450121654501,0.41247647216993816,0.7453616563592363,0.7453616563592363,0.7453616563592363,0.5623895369388476,0.46495105778339124,0.46495105778339124,0.46495105778339124,0.3761859456290166,0.3694858288658937,0.3694858288658937,0.3694858288658937,0.6054000005147476,0.600790216068912,0.600790216068912,0.600790216068912,0.40826387021600785,0.5272474679573362,0.5272474679573362,0.5272474679573362,0.760688357085238,1238,2519,1.7031460069911266,3389,1165,1.7031460069911266,3389,1165,1.7031460069911266,3389,1165,True
89,0.14770797962648557,0.6953674508852777,0.6953674508852777,0.0,0.09570984879670996,0.5933483178191415,0.5933483178191415,0.0,0.14770797962648557,0.6953674508852777,0.6953674508852777,0.0,0.15798657718120807,0.716241610738255,0.716241610738255,0.0,0.5375110326566638,0.43525125246698043,0.43525125246698043,0.0,0.3539896718307513,0.36895382898689527,0.36895382898689527,0.0,0.6003136256271573,0.6022047858330908,0.6022047858330908,0.0,0.15986577181208053,0.46903803131991045,0.46903803131991045,0.0,0.30416107382550334,524,3514,1.7683221476510067,3720,1256,1.7683221476510067,3720,1256,0.0,0,4123,True
90,0.0721724388471785,0.6655364495035118,0.7471542746427706,0.0,0.05008053194196804,0.5791026252807371,0.6690368902564736,0.0,0.0721724388471785,0.6655364495035118,0.7471542746427706,0.0,0.07635534084809448,0.6820987654320988,0.7622114868491681,0.0,0.5302491103202847,0.43289224952741023,0.4171737660581474,0.0,0.36930731442915943,0.3729248985454558,0.3715386525333851,0.0,0.6036948845423183,0.6004225181051519,0.600364303278488,0.0,0.07836822329575953,0.459563428162462,0.44847020933977455,0.0,0.15083199141170156,264,3831,1.7037037037037037,3600,1381,1.9847020933977455,4310,1044,0.0,0,4129,True
91,0.310353227771011,0.7118148599269184,0.7420219244823386,0.0,0.2263854350549331,0.5899630951074607,0.6286017650133546,0.0,0.310353227771011,0.7118148599269184,0.7420219244823386,0.0,0.32644849785407726,0.7352467811158798,0.7643508583690987,0.0,0.5126760563380282,0.4399277326106594,0.4335325932251637,0.0,0.37348817786895294,0.36724199168784466,0.3680865431852017,0.0,0.6199664781641723,0.6142063186319756,0.6130756542094505,0.0,0.32658261802575106,0.4844867668097282,0.4778254649499285,0.0,0.6665772532188842,1211,2831,1.7816523605150214,3720,1183,1.884656652360515,3980,1059,0.0,0,4105,True
92,0.2590787228856934,0.666829149402876,0.7075310748233,0.666829149402876,0.19064274498325381,0.517161902505637,0.5574636331910522,0.517161902505637,0.2590787228856934,0.666829149402876,0.7075310748233,0.666829149402876,0.2719203873050027,0.6955352339967724,0.7364174287251211,0.6955352339967724,0.5076408787010506,0.47148026882646904,0.4647774575728466,0.47148026882646904,0.37444820015112795,0.36787035895623355,0.367737823663201,0.36787035895623355,0.5990100876302422,0.6033874159701622,0.6028034605448938,0.6033874159701622,0.2752824098977945,0.5210686749148288,0.5194100771023847,0.5210686749148288,0.5632060247444863,1031,3040,1.5607853684776762,3067,1367,1.6799354491662184,3343,1200,1.5607853684776762,3067,1367,True
93,0.1605089307560558,0.7134817714705163,0.7134817714705163,0.0,0.1071483955453193,0.5575311379014806,0.5575311379014806,0.0,0.1605089307560558,0.7134817714705163,0.7134817714705163,0.0,0.16970998925886144,0.7404672395273899,0.7404672395273899,0.0,0.5779735682819384,0.47522816166883963,0.47522816166883963,0.0,0.38513337821071253,0.3700431883487803,0.3700431883487803,0.0,0.626502581581264,0.6173333305892651,0.6173333305892651,0.0,0.17266380236305048,0.5178571428571429,0.5178571428571429,0.0,0.3047798066595059,479,3431,1.6476906552094521,3220,1171,1.6476906552094521,3220,1171,0.0,0,4087,True
94,0.3351063829787234,0.6740812379110251,0.7059961315280464,0.7724854932301741,0.1889555456717548,0.4760758520240181,0.5161191629292553,0.598781588712021,0.3351063829787234,0.6740812379110251,0.7059961315280464,0.7724854932301741,0.36637120601665324,0.7181036798280956,0.7485898468976632,0.8118452860596294,0.6246056782334385,0.5199552405818725,0.5023223808704628,0.47424669734303104,0.3476172375891527,0.36676384011823654,0.36723444136292044,0.3678537294392496,0.5829075880788038,0.5924792832598148,0.5926756559660452,0.5935070360136521,0.3673560748500313,0.5807592443370042,0.5674635150863998,0.5390813859790492,0.5960247112543647,833,2750,1.4402363685200108,2574,1348,1.561375235025517,2893,1216,1.8095621810367983,3542,941,True
95,0.1461352657004831,0.6917874396135266,0.6917874396135266,0.0,0.09635493101330028,0.5304435551345855,0.5304435551345855,0.0,0.1461352657004831,0.6917874396135266,0.6917874396135266,0.0,0.15727321524422974,0.72638217928073,0.72638217928073,0.0,0.5485040797824116,0.48460236886632824,0.48460236886632824,0.0,0.35852451641925326,0.37099224134755726,0.37099224134755726,0.0,0.596903257772823,0.5967163438722557,0.5967163438722557,0.0,0.16049382716049382,0.5238862050456253,0.5238862050456253,0.0,0.29602791196994094,498,3535,1.5861513687600644,3046,1276,1.5861513687600644,3046,1276,0.0,0,4140,True
96,0.33032886723507915,0.7237515225334957,0.7532277710109623,0.0,0.25126728441706064,0.6166189387480948,0.6487636596140433,0.0,0.33032886723507915,0.7237515225334957,0.7532277710109623,0.0,0.34604026845637587,0.7442953020134229,0.7728859060402684,0.0,0.48119233498935415,0.4318313953488372,0.42595398815263813,0.0,0.3675183581539516,0.3675669106571518,0.36699519150127907,0.0,0.6149910707466898,0.6112181268892671,0.6113301744166602,0.0,0.34778523489932883,0.4740939597315436,0.4665771812080537,0.0,0.756510067114094,1462,2749,1.8469798657718122,3909,1134,1.948724832214765,4167,1013,0.0,0,4105,True
97,0.25484966052376334,0.6825897187196897,0.7257516973811833,0.0,0.18748761524617907,0.5292408924782496,0.5798745417072287,0.0,0.25484966052376334,0.6825897187196897,0.7257516973811833,0.0,0.26978803327072715,0.7153206332170646,0.7565065736517306,0.0,0.5045607297167547,0.4686199433993674,0.4606741573033708,0.0,0.36998672441437536,0.3653414051568777,0.3684375817053674,0.0,0.5923444489806651,0.5932396181098492,0.5954065962314821,0.0,0.2709954386906359,0.5073785886772203,0.5034880601019587,0.0,0.5588945532599946,1032,3073,1.6117520794204454,3192,1309,1.7432251140327342,3504,1131,0.0,0,4124,True
98,0.11441090555014606,0.6470301850048685,0.7076436222005842,0.7580331061343719,0.06694628056081156,0.453045308056651,0.5149795688803332,0.5697536209908037,0.11441090555014606,0.6470301850048685,0.7076436222005842,0.7580331061343719,0.12389023405972559,0.6849609900457359,0.7463007801990853,0.7960721011568469,0.5773955773955773,0.5280095351609059,0.5058291282408213,0.48542478565861263,0.3442551261276585,0.36842274070534936,0.3692161510058489,0.3665035856587642,0.5861319992046715,0.597841166936728,0.5990279445253663,0.5988315046748861,0.12523540489642185,0.5525513406869338,0.5486951842884046,0.5343466953636444,0.2189938122141512,344,3638,1.354317998385795,2376,1450,1.5461393596986817,2840,1201,1.7258541834813022,3301,994,True
99,0.1965065502183406,0.7139737991266376,0.7139737991266376,0.0,0.1566320093247376,0.5930000255348807,0.5930000255348807,0.0,0.1965065502183406,0.7139737991266376,0.7139737991266376,0.0,0.2042461703843053,0.7378392905133029,0.7378392905133029,0.0,0.4581447963800905,0.4434232333885792,0.4434232333885792,0.0,0.3644575513734392,0.3690704022309488,0.3690704022309488,0.0,0.5966470378991295,0.6011368057740247,0.6011368057740247,0.0,0.2139209889814566,0.472050524052674,0.472050524052674,0.0,0.4751410911045418,958,3312,1.7836603063692555,3694,1179,1.7836603063692555,3694,1179,0.0,0,4122,True
0,0.1167953667953668,0.7029440154440154,0.7029440154440154,0.7029440154440154,0.0756186609144895,0.5305466092103653,0.5305466092103653,0.5305466092103653,0.1167953667953668,0.7029440154440154,0.7029440154440154,0.7029440154440154,0.12587224906065486,0.7396672034353193,0.7396672034353193,0.7396672034353193,0.587378640776699,0.4902389767754965,0.4902389767754965,0.4902389767754965,0.38366704179815186,0.3692234021848626,0.3692234021848626,0.3692234021848626,0.604650771038517,0.6010539707165784,0.6010539707165784,0.6010539707165784,0.12743782429772768,0.5335927715154768,0.5335927715154768,0.5335927715154768,0.22114868491680087,340,3660,1.5947396672034353,3029,1231,1.5947396672034353,3029,1231,1.5947396672034353,3029,1231,False
1,0.16370280146163216,0.6971985383678441,0.7532277710109623,0.0,0.1413955171341523,0.6756298895379804,0.7341847758149748,0.0,0.16370280146163216,0.6971985383678441,0.7532277710109623,0.0,0.167739340305712,0.7007240547063556,0.7559667471171896,0.0,0.43215434083601284,0.37672765565354743,0.3762930509918462,0.0,0.37485793799537426,0.36641874144508546,0.3670743766103873,0.0,0.6208749427585948,0.6104213381821134,0.6107635756130968,0.0,0.17591847680343256,0.41356038258693123,0.4059175829087333,0.0,0.41700187717886833,883,3433,2.037275408956825,4735,1243,2.2035398230088497,5125,1013,0.0,0,4105,False
2,0.19534883720930232,0.6900856793145654,0.7363525091799266,0.0,0.1498079151180542,0.5863607937762287,0.6377368231289269,0.0,0.19534883720930232,0.6900856793145654,0.7363525091799266,0.0,0.20462489916644258,0.7093304651788115,0.753966119924711,0.0,0.462877030162413,0.4273802304426925,0.4236619718309859,0.0,0.3609993970419583,0.3644803559201719,0.3666854033977253,0.0,0.6145312256258021,0.6120959435904557,0.6141588526449319,0.0,0.20753786860267098,0.45800842520390783,0.45648471811418834,0.0,0.4635654745899435,926,3287,1.7735950524334498,3777,1266,1.9091153535896745,4092,1077,0.0,0,4085,False
3,0.3649369544131911,0.7065955383123181,0.7349660523763336,0.0,0.2538877088567281,0.5870668556673978,0.6202557084055776,0.0,0.3649369544131911,0.7065955383123181,0.7349660523763336,0.0,0.38866505506312116,0.7334139135106097,0.7612140746709642,0.0,0.525305410122164,0.4451573479987779,0.4398490785081991,0.0,0.36789913702856364,0.3692214033289755,0.3700601163754929,0.0,0.6016277442795912,0.5968269214047929,0.597520476205296,0.0,0.3855761482675262,0.5012087026591459,0.4940460202345779,0.0,0.7695406929895245,1360,2619,1.75825946817083,3632,1210,1.8509266720386786,3860,1093,0.0,0,4124,False
4,0.14233753637245392,0.7012609117361784,0.7589718719689622,0.0,0.08444092426966571,0.5629233501251711,0.6271042678152028,0.0,0.14233753637245392,0.7012609117361784,0.7589718719689622,0.0,0.1541867954911433,0.7285292538915727,0.7843531937734837,0.0,0.6002044989775052,0.46909975669099757,0.4560687745883724,0.0,0.3602113625397583,0.3732862929510849,0.37364356552056455,0.0,0.6178062677708595,0.61125105046156,0.6124026053644518,0.0,0.15539452495974235,0.5191894793344068,0.5114510645911612,0.0,0.26247987117552335,391,3537,1.6545893719806763,3273,1232,1.8419216317767042,3733,994,0.0,0,4124,False
5,0.2918287937743191,0.7334630350194552,0.7334630350194552,0.0,0.22426106275507018,0.6396766608950625,0.6396766608950625,0.0,0.2918287937743191,0.7334630350194552,0.7334630350194552,0.0,0.3043244695138329,0.7503357507386517,0.7503357507386517,0.0,0.4821213338690237,0.43091870267181026,0.43091870267181026,0.0,0.3697022390774897,0.3722717769994193,0.3722717769994193,0.0,0.600619483037121,0.600783316608574,0.600783316608574,0.0,0.31103948428686545,0.47412480974124804,0.47412480974124804,0.0,0.6685468708031158,1289,2912,1.8799355358581789,3983,1096,1.8799355358581789,3983,1096,0.0,0,4112,False
6,0.3112887596899225,0.7003391472868217,0.7284399224806202,0.0,0.218848700772182,0.5498875205224761,0.5770229350447265,0.0,0.3112887596899225,0.7003391472868217,0.7284399224806202,0.0,0.331273508866201,0.7311929070392262,0.7595378828586782,0.0,0.501170046801872,0.46696817961557097,0.46091354996934397,0.0,0.35890821773004294,0.36743803435610944,0.3667786365654397,0.0,0.6034898502339381,0.6074975028742631,0.6074798300040132,0.0,0.32921368439906856,0.51876231416801,0.5155382410890202,0.0,0.6888769478774852,1279,2843,1.6633530360021493,3300,1237,1.752821063944116,3517,1121,0.0,0,4128,False
7,0.1538648517258143,0.7309188138065144,0.7309188138065144,0.0,0.09221071318783917,0.6671726928252776,0.6671726928252776,0.0,0.1538648517258143,0.7309188138065144,0.7309188138065144,0.0,0.16599462365591397,0.7432795698924731,0.7432795698924731,0.0,0.6381048387096774,0.4014686248331108,0.4014686248331108,0.0,0.404332446785656,0.3678338065790971,0.3678338065790971,0.0,0.6248626736771863,0.6108492006763866,0.6108492006763866,0.0,0.16411290322580646,0.40851254480286736,0.40851254480286736,0.0,0.26666666666666666,359,3481,2.013440860215054,4483,1107,2.013440860215054,4483,1107,0.0,0,4114,False
8,0.11891362857841938,0.703205285050159,0.7599706386102275,0.0,0.08890524789870309,0.6380863801310653,0.6984444503063325,0.0,0.11891362857841938,0.703205285050159,0.7599706386102275,0.0,0.12446294307196563,0.7165682062298604,0.7718850698174007,0.0,0.46418338108882523,0.4094600370423137,0.40348142374642765,0.0,0.35300595580808913,0.3676819527463881,0.3667932560123954,0.0,0.5984819265402772,0.6145029631369625,0.6130223261500842,0.0,0.12808807733619765,0.45264948084496953,0.44624955245255987,0.0,0.28114930182599357,561,3601,1.8848012889366272,4145,1213,2.0671321160042964,4592,981,0.0,0,4087,False
9,0.22119140625,0.714111328125,0.76171875,0.0,0.1623296950388928,0.6345417218856002,0.682708417796562,0.0,0.22119140625000003,0.714111328125,0.76171875,0.0,0.23320795271359485,0.7283718430951102,0.7760612573885008,0.0,0.49807586586036284,0.4210450554196056,0.416,0.0,0.372169022527507,0.37031154854867504,0.36957946451706175,0.0,0.6198496605663559,0.6060859361683232,0.6059408716810691,0.0,0.23576034390112843,0.46628156904889845,0.45947519254880886,0.0,0.48871574422353575,913,3190,1.8664696399785061,4022,1171,2.015045674368619,4380,976,0.0,0,4096,False
10,0.2151219512195122,0.7463414634146341,0.7463414634146341,0.0,0.1611443909142417,0.6504752342659229,0.6504752342659229,0.0,0.2151219512195122,0.7463414634146341,0.7463414634146341,0.0,0.226257734732311,0.7641915523271455,0.7641915523271455,0.0,0.5092378752886836,0.43435060326472674,0.43435060326472674,0.0,0.3767013674862452,0.37438729257762127,0.37438729257762127,0.0,0.6114144320218629,0.6082981367545497,0.6082981367545497,0.0,0.23083131557707828,0.4890144381669805,0.4890144381669805,0.0,0.4659671778315846,850,3218,1.895345708905031,3985,1040,1.895345708905031,3985,1040,0.0,0,4100,False
11,0.23752446183953033,0.7370352250489237,0.7370352250489237,0.0,0.1784039520757219,0.634950910895674,0.634950910895674,0.0,0.23752446183953035,0.7370352250489237,0.7370352250489237,0.0,0.24905913978494623,0.7557795698924731,0.7557795698924731,0.0,0.4826043737574553,0.4214575465100014,0.4214575465100014,0.0,0.3627308552111623,0.36382259751494567,0.36382259751494567,0.0,0.6092694560396145,0.6103714522108297,0.6103714522108297,0.0,0.24883512544802866,0.4723118279569892,0.4723118279569892,0.0,0.5408602150537635,1041,3117,1.9217741935483872,4136,1075,1.9217741935483872,4136,1075,0.0,0,4088,False
12,0.14975728155339807,0.6803398058252427,0.733495145631068,0.0,0.13023177111112846,0.6040821112516076,0.6504910189152913,0.0,0.14975728155339807,0.6803398058252427,0.733495145631068,0.0,0.155005382131324,0.6969860064585576,0.7516146393972013,0.0,0.4185888738127544,0.41711309523809526,0.411156462585034,0.0,0.36741756185104474,0.36973525398551166,0.3663188356798838,0.0,0.5844786038757789,0.5900325698416838,0.5879458877863916,0.0,0.15890742734122712,0.43631144599928234,0.4316469321851453,0.0,0.3966630785791173,857,3503,1.8083961248654468,3917,1317,1.9779332615715823,4328,1098,0.0,0,4120,False
13,0.20202751629254165,0.6722181993724354,0.719044170890659,0.0,0.1509220073183818,0.5300816776210656,0.5751752430260856,0.0,0.20202751629254165,0.6722181993724354,0.719044170890659,0.0,0.21298283261802575,0.7027896995708155,0.7501341201716738,0.0,0.5,0.4820006922810661,0.47195817490494296,0.0,0.3813096231678663,0.37744701151689847,0.3754729374235186,0.0,0.6084966107482193,0.5975957936181585,0.596166793940618,0.0,0.21901824034334763,0.5205650929899857,0.5149320457796852,0.0,0.4490343347639485,837,3306,1.5498927038626609,2993,1358,1.6931330472103003,3333,1164,0.0,0,4143,False
14,0.2505516057857318,0.7264035302770286,0.7264035302770286,0.0,0.19087733847919428,0.662469124429192,0.662469124429192,0.0,0.2505516057857318,0.7264035302770286,0.7264035302770286,0.0,0.2622575431034483,0.7373383620689655,0.7373383620689655,0.0,0.47846441947565543,0.4028552005438477,0.4028552005438477,0.0,0.3672148800020531,0.36677433987063285,0.36677433987063285,0.0,0.6249175766770705,0.6151364041159822,0.6151364041159822,0.0,0.26239224137931033,0.4426634339080459,0.4426634339080459,0.0,0.5754310344827587,1114,3057,1.9814116379310345,4392,1116,1.9814116379310345,4392,1116,0.0,0,4079,False
15,0.2923039572711823,0.6970138383102695,0.7280893420733188,0.0,0.223483585292245,0.5907444858696295,0.6242645862933225,0.0,0.2923039572711823,0.6970138383102695,0.7280893420733188,0.0,0.3068242880171951,0.7192369693713058,0.750537345513165,0.0,0.47160203681942814,0.4298547686779458,0.42466723307844806,0.0,0.359991268684912,0.3664799208762057,0.36695930115170766,0.0,0.5811967417515208,0.5971358883046697,0.5984784027709529,0.0,0.303644993730969,0.4659681174995522,0.4599677592692101,0.0,0.685921547555078,1349,2915,1.794465341214401,3808,1248,1.8973670069854918,4063,1120,0.0,0,4119,False
16,0.1973137973137973,0.7426129426129426,0.7426129426129426,0.0,0.15813871953096417,0.6757138236905069,0.6757138236905069,0.0,0.1973137973137973,0.7426129426129426,0.7426129426129426,0.0,0.20445996775926922,0.7548361096184847,0.7548361096184847,0.0,0.47810650887573963,0.41273072747014117,0.41273072747014117,0.0,0.383123975932014,0.37225039258699844,0.37225039258699844,0.0,0.6368932674428341,0.6156311867607585,0.6156311867607585,0.0,0.20983342289091886,0.4566541286046928,0.4566541286046928,0.0,0.4540569586243955,882,3287,1.9795808704997313,4327,1054,1.9795808704997313,4327,1054,0.0,0,4095,False
17,0.366488326848249,0.7140077821011673,0.7395428015564203,0.0,0.2785191284589082,0.6109501369179621,0.6353909035128925,0.0,0.366488326848249,0.7140077821011673,0.7395428015564203,0.0,0.3841086313525141,0.7354127453616564,0.7608228018284485,0.0,0.5074074074074074,0.43651501635444545,0.43319088319088317,0.0,0.38170529310521606,0.3721488930131895,0.3717713291492672,0.0,0.6142171557255366,0.6041710678809532,0.6048549799374446,0.0,0.3858115980998476,0.49390517164112213,0.4907233127184727,0.0,0.7986017746706103,1463,2605,1.8085506856681903,3790,1176,1.8876041946759883,3979,1071,0.0,0,4112,False
18,0.19642857142857142,0.7076810176125244,0.7076810176125244,0.0,0.12417360012601801,0.5712776794264949,0.5712776794264949,0.0,0.19642857142857142,0.7076810176125244,0.7076810176125244,0.0,0.2096557288864981,0.7323830016137708,0.7323830016137708,0.0,0.5631136044880786,0.44033485540334855,0.44033485540334855,0.0,0.36479838039471063,0.3601995343573181,0.3601995343573181,0.0,0.6209110886427804,0.6124384318238334,0.6124384318238334,0.0,0.21243500089653933,0.48637260175721714,0.48637260175721714,0.0,0.38353953738569124,623,3285,1.7670790747713825,3677,1195,1.7670790747713825,3677,1195,0.0,0,4088,False
19,0.12354085603112841,0.66318093385214,0.7217898832684825,0.0,0.11428929125869623,0.5504566520571317,0.6039995196702769,0.0,0.1235408560311284,0.66318093385214,0.7217898832684825,0.0,0.12479849543256313,0.684309511015583,0.7436861902203117,0.0,0.3788217747949292,0.43856545513026696,0.43108206245461145,0.0,0.3493884273270331,0.3675884414400407,0.3653366933889581,0.0,0.5977084921386744,0.6086026315745849,0.6064320383107761,0.0,0.13191832348199892,0.4650277628515135,0.46372917786136486,0.0,0.3602901665771091,833,3604,1.6706072004298764,3491,1385,1.8498119290703923,3917,1144,0.0,0,4112,False
20,0.33446932814021424,0.6952288218111002,0.7207887049659202,0.0,0.23753589045147583,0.5845071760296566,0.6115739832222816,0.0,0.33446932814021424,0.6952288218111002,0.7207887049659202,0.0,0.35366836871808655,0.7179521633969363,0.7425423273313625,0.0,0.4900142653352354,0.4289576449384199,0.42384769539078154,0.0,0.35419186211581216,0.3634588560279766,0.3633071718565161,0.0,0.5921246257184544,0.596976610122391,0.5978030853175239,0.0,0.3538027411986025,0.47630565260234703,0.4682433037713876,0.0,0.7535608707336737,1430,2734,1.7893039505509272,3802,1252,1.8774522977694168,4025,1147,0.0,0,4108,False
21,0.2527285956827553,0.6992481203007519,0.7327188940092166,0.0,0.19776557751797372,0.5924351968880722,0.6300281860785056,0.0,0.2527285956827553,0.6992481203007519,0.7327188940092166,0.0,0.26472169938155415,0.7218338262973918,0.7549072331271848,0.0,0.4641425389755011,0.42965722801788375,0.4235244637599888,0.0,0.3630205781699825,0.3662067171023497,0.3657984310993923,0.0,0.5894457526963415,0.5987007938134327,0.5970075700610109,0.0,0.2683517074482388,0.4736040154163305,0.4664784440261719,0.0,0.6036568970153267,1203,3081,1.804248453885453,3827,1240,1.9179887066415704,4112,1102,0.0,0,4123,False
22,0.44255937954435287,0.70261754726127,0.7447891420261755,0.6136694134755211,0.29497900111751535,0.5545328311706523,0.6004915794661789,0.448111621501143,0.44255937954435287,0.70261754726127,0.7447891420261755,0.6136694134755211,0.47286405158516925,0.7324019344438474,0.7745835572272971,0.6479043524986566,0.5475262368815592,0.46727917472598324,0.45770032767351804,0.4883317261330762,0.36295099981250584,0.3688229356197641,0.3692667016009424,0.3595453305289913,0.5886523802442123,0.5909660924449983,0.5926695309517981,0.5874410206762083,0.46422174458176607,0.5280315242701057,0.5180458534837901,0.5373007343722013,0.8960236432025792,1509,2300,1.6668457818377216,3305,1227,1.8038688876947877,3641,1053,1.393068242880172,2653,1594,False
23,0.12859560067681894,0.6760937877689147,0.7338651196519217,0.0,0.10335596577675443,0.5333347052198602,0.5953417713477092,0.0,0.12859560067681894,0.6760937877689147,0.7338651196519217,0.0,0.13320825515947468,0.7059769498793889,0.7625301527740552,0.0,0.47971145175834085,0.4657009657009657,0.4524590163934426,0.0,0.4015360277607675,0.3693362011952101,0.36903345576380037,0.0,0.6175342288903485,0.6068141309962987,0.6073659715449968,0.0,0.14057893326186008,0.5038863575448941,0.4917805771464308,0.0,0.2972393460198338,577,3605,1.6097560975609757,3209,1340,1.7984454569820423,3674,1101,0.0,0,4137,False
24,0.3139111434814275,0.7380432143724205,0.7380432143724205,0.0,0.24284058122434626,0.6288693912359006,0.6288693912359006,0.0,0.3139111434814275,0.7380432143724205,0.7380432143724205,0.0,0.32769272092398605,0.7614826752618856,0.7614826752618856,0.0,0.4851782363977486,0.43372806391781993,0.43372806391781993,0.0,0.3762064474391065,0.37067961596299615,0.37067961596299615,0.0,0.6049751956895028,0.599697884372295,0.599697884372295,0.0,0.3297072253558958,0.4846449995523323,0.4846449995523323,0.0,0.7158205748052646,1372,2826,1.882621541767392,3969,1079,1.882621541767392,3969,1079,0.0,0,4119,False
25,0.29468833373756975,0.6592287169536745,0.694154741692942,0.7610962891098715,0.16288735746400512,0.42415005520300797,0.46529246211180264,0.5547768710590458,0.29468833373756975,0.6592287169536745,0.694154741692942,0.7610962891098715,0.3212943071965628,0.7059613319011815,0.7395273899033298,0.8012889366272825,0.677257525083612,0.5522145469321414,0.5271689077178118,0.4890135577372604,0.37541474346920495,0.35823862138072887,0.35731449903281387,0.3615044480152883,0.6035162496576901,0.5982489839331286,0.5961547091101618,0.5973707110950541,0.3148496240601504,0.5645810955961332,0.5609559613319012,0.5401002506265664,0.4817400644468314,579,2908,1.3216970998925885,2204,1405,1.4578410311493017,2567,1261,1.7231471535982814,3279,985,False
26,0.1985594237695078,0.7082833133253301,0.7483793517406963,0.0,0.15413376200068932,0.6124671215945597,0.6569689603119476,0.0,0.1985594237695078,0.7082833133253301,0.7483793517406963,0.0,0.20733673743617306,0.7285675893576995,0.7674012362268208,0.0,0.49520958083832334,0.4314126937701082,0.4223577235772358,0.0,0.38156479940316973,0.37260417056155243,0.3714732338038304,0.0,0.5978874699161063,0.5902049095379198,0.589758286847229,0.0,0.21324912657887665,0.47720146913912026,0.46466003762429453,0.0,0.4488040849234077,843,3338,1.8376780435366837,3888,1215,1.9833378124160173,4263,1048,0.0,0,4165,False
27,0.2608167233835683,0.7233835683033544,0.7537676227515799,0.0,0.1850535694820172,0.6301596871823111,0.6671134411094358,0.0,0.2608167233835683,0.7233835683033544,0.7537676227515799,0.0,0.2750604676162322,0.7399892502015587,0.7695511959150766,0.0,0.4809502465262214,0.4063353358820317,0.4031461258450338,0.0,0.34957556103908133,0.36061948837295194,0.3619541947683345,0.0,0.6011049698041233,0.6099185762838876,0.6103433477250289,0.0,0.27841977962913195,0.4518498611484367,0.4452208187763146,0.0,0.5995700080623488,1158,3041,1.9682880945982262,4348,1138,2.0671862402579952,4591,1013,0.0,0,4114,False
28,0.3899782135076253,0.7083030743161463,0.7521181312030986,0.6811909949164852,0.2554997306089275,0.5428576767157828,0.6020352939183328,0.5141669352084186,0.3899782135076253,0.7083030743161463,0.7521181312030986,0.6811909949164852,0.4184359043267939,0.7442891695780705,0.7860790110185434,0.7178177909164203,0.5767991407089151,0.4876666666666667,0.47033000302755074,0.49559704121169423,0.37705631167226844,0.37271375649627975,0.3736245828459448,0.3733072138251435,0.6133453670661775,0.6049491836766602,0.603716240506838,0.6050418596625109,0.4181671593657619,0.5392815551375079,0.521947505150945,0.5441637552629222,0.750604676162322,1182,2520,1.6124697661918839,3074,1205,1.7753292125772642,3499,1024,1.5259338887395861,2864,1317,False
29,0.2217095677513356,0.695726080621661,0.7372510927634774,0.0,0.15991520765438388,0.5764034752920938,0.6240074461221824,0.0,0.22170956775133563,0.695726080621661,0.7372510927634774,0.0,0.23517574456667562,0.7202844110544674,0.7607995707002951,0.0,0.519044911881751,0.44758631463833776,0.4363322793906295,0.0,0.3765371667569563,0.3698976165929742,0.36891670848494623,0.0,0.6183197572015224,0.6071332570194639,0.6059979258910708,0.0,0.23915571058044896,0.49619890886325013,0.48555585368035054,0.0,0.47196136302656294,846,3205,1.717467131741347,3536,1253,1.8669170914944997,3922,1082,0.0,0,4118,False
30,0.031746031746031744,0.707936507936508,0.707936507936508,0.0,0.026336045909571986,0.5680529327721773,0.5680529327721773,0.0,0.031746031746031744,0.707936507936508,0.707936507936508,0.0,0.03289473684210526,0.7352309344790547,0.7352309344790547,0.0,0.41139240506329117,0.4438150642988365,0.4438150642988365,0.0,0.3473987600230488,0.3610555310832133,0.3610555310832133,0.0,0.5977311802465327,0.6168256743084497,0.6168256743084497,0.0,0.03383458646616541,0.4691639813820265,0.4691639813820265,0.0,0.08485499462943072,186,3965,1.7540279269602579,3633,1196,1.7540279269602579,3633,1196,0.0,0,4095,False
31,0.42228168328873755,0.6971539771345171,0.7239114570664072,0.7725614205789346,0.24329499072221047,0.49172673683548523,0.5255097225755768,0.5954321556066918,0.42228168328873755,0.6971539771345171,0.7239114570664072,0.7725614205789346,0.4565450643776824,0.7356491416309013,0.7615343347639485,0.8055257510729614,0.6666666666666666,0.5319227913882703,0.5185572399372713,0.4893682588597843,0.39002655864903185,0.3736718280258493,0.3740249894773775,0.3733570605436354,0.6198348885960138,0.6098288191174148,0.6091206617991948,0.6070508595556751,0.45895922746781115,0.5962982832618026,0.586060443490701,0.5574481402002861,0.6984978540772532,868,2375,1.4452789699570816,2522,1245,1.539431330472103,2763,1135,1.7408798283261802,3314,935,False
32,0.27230843840931135,0.7065955383123181,0.7422405431619786,0.0,0.18829720531415803,0.5960986165726879,0.6359542428221187,0.0,0.27230843840931135,0.7065955383123181,0.7422405431619786,0.0,0.2892051557465091,0.7309344790547798,0.7665145005370569,0.0,0.5035874439461884,0.43395383469843635,0.4283515253288553,0.0,0.35351319066231884,0.36785639197644554,0.36829675765204134,0.0,0.5877696431938636,0.5962683840277615,0.5962584121872037,0.0,0.29470998925886144,0.488453276047261,0.48160580021482274,0.0,0.5988184747583244,1107,3001,1.8031686358754029,3801,1210,1.91890440386681,4085,1063,0.0,0,4124,False
33,0.09389442957917782,0.6222330333252251,0.7141814643639017,0.0,0.06090501876329979,0.5014240957608652,0.5907158384199781,0.0,0.09389442957917782,0.6222330333252251,0.7141814643639017,0.0,0.0999462654486835,0.6477700161203654,0.7392530897367007,0.0,0.5813253012048193,0.43876500857632933,0.43425528767933735,0.0,0.3890860120799262,0.3588733024974606,0.3632485640168494,0.0,0.5928303256264199,0.6008719152817034,0.6066551800995653,0.0,0.1031703385276733,0.45750492566720397,0.4664159054271897,0.0,0.1783987103707684,278,3725,1.5663621708758733,3272,1553,1.8164965072541643,3825,1175,0.0,0,4111,False
34,0.28564453125,0.74658203125,0.74658203125,0.0,0.21544146255259713,0.6593479450392156,0.6593479450392156,0.0,0.28564453125,0.74658203125,0.74658203125,0.0,0.29728640515851695,0.760612573885008,0.760612573885008,0.0,0.4738760631834751,0.4193061840120664,0.4193061840120664,0.0,0.3618389023526705,0.3690029227263955,0.3690029227263955,0.0,0.6057214192290713,0.6028150403282984,0.6028150403282984,0.0,0.30248074511911155,0.45943041375604515,0.45943041375604515,0.0,0.6633530360021493,1299,2926,1.9594304137560452,4235,1038,1.9594304137560452,4235,1038,0.0,0,4096,False
35,0.14901387874360847,0.7129291453615778,0.7129291453615778,0.0,0.09079829041528627,0.5842928765752036,0.5842928765752036,0.0,0.14901387874360847,0.7129291453615778,0.7129291453615778,0.0,0.16049879324215607,0.7375972110485385,0.7375972110485385,0.0,0.5795454545454546,0.45129469790382243,0.45129469790382243,0.0,0.3569264470209177,0.3691705104219904,0.3691705104219904,0.0,0.5916445754332403,0.6042087239050045,0.6042087239050045,0.0,0.16233127737552513,0.4936533476356485,0.4936533476356485,0.0,0.2831858407079646,444,3495,1.7398766425315098,3560,1179,1.7398766425315098,3560,1179,0.0,0,4107,False
36,0.04313060334383329,0.7102011146110977,0.7102011146110977,0.0,0.038841979031240696,0.5974370203136729,0.5974370203136729,0.0,0.04313060334383329,0.7102011146110977,0.7102011146110977,0.0,0.0443190975020145,0.7335482138060704,0.7335482138060704,0.0,0.3538767395626243,0.4220302375809935,0.4220302375809935,0.0,0.3343607151974644,0.36087462067270515,0.36087462067270515,0.0,0.5572758198323658,0.5861189076807678,0.5861189076807678,0.0,0.04633360193392425,0.4451607126869012,0.4451607126869012,0.0,0.1351060972334139,325,3949,1.8654311039484286,4014,1196,1.8654311039484286,4014,1196,0.0,0,4127,False
37,0.147985347985348,0.6691086691086691,0.7416361416361417,0.0,0.12144636805645276,0.5822616081236771,0.6466070892653297,0.0,0.147985347985348,0.6691086691086691,0.7416361416361417,0.0,0.15302826379542395,0.685464333781965,0.7604306864064603,0.0,0.46795366795366794,0.40676959619952496,0.40858334454459844,0.0,0.37328014452463765,0.3593941922914405,0.3614131786431483,0.0,0.5922422261448739,0.594774642219537,0.5974965463176202,0.0,0.15652759084791387,0.44288918797667115,0.4479587258860475,0.0,0.34858681022880217,689,3489,1.8131897711978466,3996,1355,2.000807537012113,4396,1058,0.0,0,4095,False
38,0.0979631425800194,0.7257516973811833,0.7257516973811833,0.0,0.0629030909392377,0.5785486945878242,0.5785486945878242,0.0,0.0979631425800194,0.7257516973811833,0.7257516973811833,0.0,0.10539742212674544,0.7556390977443609,0.7556390977443609,0.0,0.6066066066066066,0.4757590208233985,0.4757590208233985,0.0,0.4394078144078144,0.37471854057156184,0.37471854057156184,0.0,0.6457513953876708,0.6102675530958821,0.6102675530958821,0.0,0.1078141783029001,0.5269871106337272,0.5269871106337272,0.0,0.17883995703544575,262,3720,1.689312567132116,3298,1131,1.689312567132116,3298,1131,0.0,0,4124,False
39,0.22683397683397682,0.7258687258687259,0.7258687258687259,0.0,0.1518000428388828,0.5987466261932632,0.5987466261932632,0.0,0.22683397683397682,0.7258687258687259,0.7258687258687259,0.0,0.24269241083400375,0.7516760525610083,0.7516760525610083,0.0,0.5506736965436438,0.45355850422195415,0.45355850422195415,0.0,0.3702885219746004,0.3728321443607637,0.3728321443607637,0.0,0.6009320687839848,0.5959254542609245,0.5959254542609245,0.0,0.24497184231697505,0.4978099579869491,0.4978099579869491,0.0,0.4577634754625905,767,3204,1.7784928935371414,3624,1136,1.7784928935371414,3624,1136,0.0,0,4144,False
40,0.3276029055690073,0.7111380145278451,0.7605326876513318,0.0,0.23001113639347648,0.5812893485450807,0.6357497714393191,0.0,0.3276029055690073,0.7111380145278451,0.7605326876513318,0.0,0.34826472962066185,0.7386333064299166,0.7869249394673123,0.0,0.5473300970873787,0.46215578284815106,0.44852206197343997,0.0,0.381255451147591,0.3744211932011295,0.3726023880697307,0.0,0.6055964551553056,0.598906213956804,0.5976931959094967,0.0,0.3499686126804771,0.508609093354856,0.4961438436014707,0.0,0.6650524616626311,1119,2777,1.709712133440947,3418,1193,1.8840462738767823,3862,989,0.0,0,4130,False
41,0.1946620959843291,0.7024975514201763,0.7497551420176298,0.0,0.1462804452067241,0.6088153730387634,0.6554121352111926,0.0,0.1946620959843291,0.7024975514201763,0.7497551420176298,0.0,0.20344456404736275,0.7198600645855759,0.7666846071044133,0.0,0.47237076648841353,0.4319482083709726,0.4277133677887973,0.0,0.3586072571512406,0.3695275346084348,0.3692489480547712,0.0,0.620389712163943,0.6181793205102729,0.6186634313938232,0.0,0.20757086472909936,0.4733584499461787,0.47035342662360957,0.0,0.45290635091496234,888,3289,1.78740581270183,3773,1215,1.9265339074273413,4097,1022,0.0,0,4084,False
42,0.283855421686747,0.7065060240963855,0.7356626506024097,0.0,0.20284015981246076,0.57794157611792,0.6100294487579173,0.0,0.283855421686747,0.7065060240963855,0.7356626506024097,0.0,0.3011531241619737,0.7320997586484312,0.7597211048538483,0.0,0.5086355785837651,0.4592731829573935,0.45016219404305513,0.0,0.36438506934881065,0.3733845801707716,0.3722352146657784,0.0,0.5861893925037789,0.59604813888242,0.596255149316291,0.0,0.3023598820058997,0.5063913470993117,0.49521766335925627,0.0,0.6210780370072405,1138,2972,1.7119871279163315,3452,1218,1.818718155001341,3729,1097,0.0,0,4150,False
43,0.15923412506059137,0.7021328162869608,0.7021328162869608,0.0,0.131018385587922,0.6250692406332771,0.6250692406332771,0.0,0.15923412506059137,0.7021328162869608,0.7021328162869608,0.0,0.16492076282567822,0.7164920762825678,0.7164920762825678,0.0,0.456884561891516,0.42353801169590644,0.42353801169590644,0.0,0.3669611808956071,0.37319548741688147,0.37319548741688147,0.0,0.5956088244773353,0.6133825735688637,0.6133825735688637,0.0,0.17056137523502551,0.45259199570239056,0.45259199570239056,0.0,0.38624764974482945,781,3469,1.8372280419016922,3943,1229,1.8372280419016922,3943,1229,0.0,0,4126,False
44,0.04524446606665045,0.7068839698370226,0.7068839698370226,0.0,0.03271608071215576,0.6162616254294341,0.6162616254294341,0.0,0.04524446606665045,0.7068839698370226,0.7068839698370226,0.0,0.048200859291084856,0.7266380236305048,0.7266380236305048,0.0,0.5081967213114754,0.4241097489784005,0.4241097489784005,0.0,0.3651315173162053,0.36933769851727155,0.36933769851727155,0.0,0.5795647782562129,0.60006642463616,0.60006642463616,0.0,0.04994629430719656,0.4398048693161475,0.4398048693161475,0.0,0.09828141783029001,180,3925,1.8399570354457573,3946,1205,1.8399570354457573,3946,1205,0.0,0,4111,False
45,0.1063777994157741,0.7074001947419669,0.7074001947419669,0.0,0.0865178433445779,0.5993240093550004,0.5993240093550004,0.0,0.1063777994157741,0.7074001947419669,0.7074001947419669,0.0,0.11039484286865431,0.7277733011012624,0.7277733011012624,0.0,0.5171597633136095,0.44645874942387465,0.44645874942387465,0.0,0.3971227041068616,0.37468815183842996,0.37468815183842996,0.0,0.6113618624403826,0.6149288259305393,0.6149288259305393,0.0,0.11509535320977707,0.4876891395827737,0.4876891395827737,0.0,0.22696749932849852,408,3671,1.748321246306742,3603,1202,1.748321246306742,3603,1202,0.0,0,4108,False
46,0.07669831994156319,0.7121986851716582,0.7121986851716582,0.0,0.05594190872015011,0.645679850591522,0.645679850591522,0.0,0.07669831994156319,0.7121986851716582,0.7121986851716582,0.0,0.08145464304884595,0.7249060654857756,0.7249060654857756,0.0,0.45323741007194246,0.4009046052631579,0.4009046052631579,0.0,0.3500929843634743,0.36418871012264936,0.36418871012264936,0.0,0.6085033108655749,0.6000275023239049,0.6000275023239049,0.0,0.07912864555376632,0.40423152621220254,0.40423152621220254,0.0,0.18652710681696189,380,3792,1.9581320450885669,4371,1182,1.9581320450885669,4371,1182,0.0,0,4107,False
47,0.35885518590998045,0.711105675146771,0.7404598825831703,0.0,0.2476298626668604,0.5766897272837951,0.6059172605218789,0.0,0.35885518590998045,0.711105675146771,0.7404598825831703,0.0,0.3787308416240925,0.7364883033073407,0.7653939230976069,0.0,0.548411214953271,0.4584450402144772,0.4503794078262163,0.0,0.3758846591565195,0.3686486230208021,0.3677202438904302,0.0,0.6350339515394638,0.6188031411505484,0.6204694256851779,0.0,0.37994084431298736,0.5175674464461772,0.5089629828807026,0.0,0.7192793761763915,1208,2621,1.7050282333960742,3434,1181,1.807206238236085,3694,1061,0.0,0,4088,False
48,0.2935491664653298,0.6929209954095192,0.7286784247402754,0.0,0.22035012329882245,0.5915951051900763,0.63268020456158,0.0,0.2935491664653298,0.6929209954095192,0.7286784247402754,0.0,0.30951101558301986,0.7129231595916175,0.7475819451907576,0.0,0.49290060851926976,0.43706187138067665,0.4332088480321747,0.0,0.37010987024126213,0.37214405418550794,0.3735661757263488,0.0,0.5926207121379924,0.5946972724046392,0.5948966064114249,0.0,0.311078273329751,0.4777897187891814,0.4749238760523016,0.0,0.6622783449758195,1250,2924,1.7630306286942503,3694,1271,1.8704997313272433,3946,1123,0.0,0,4139,False
49,0.19055731321489414,0.7021173034801655,0.7021173034801655,0.0,0.122620087683373,0.5998944113952361,0.5998944113952361,0.0,0.19055731321489414,0.7021173034801655,0.7021173034801655,0.0,0.20475295381310418,0.7224758324382384,0.7224758324382384,0.0,0.5690406976744186,0.4356032009663295,0.4356032009663295,0.0,0.3660947077165024,0.3700345706907489,0.3700345706907489,0.0,0.6053251383996022,0.6085567103803796,0.6085567103803796,0.0,0.20918367346938777,0.4744897959183674,0.4744897959183674,0.0,0.3694951664876477,593,3326,1.7784640171858217,3738,1224,1.7784640171858217,3738,1224,0.0,0,4109,False
50,0.15636452479843635,0.7217200097727828,0.7686293672123137,0.0,0.13993352235795475,0.6390475510765697,0.6951397626704141,0.0,0.15636452479843635,0.7217200097727828,0.7686293672123137,0.0,0.16016675632060248,0.7385691231845078,0.7830823023130715,0.0,0.412105602060528,0.41924496168038605,0.4132405096545383,0.0,0.3700800867454799,0.3697825105084583,0.37116394725462626,0.0,0.6181188439500643,0.6105290118189872,0.6115658929537398,0.0,0.16379774072081765,0.45113860498475883,0.442442173211404,0.0,0.41769768692845616,913,3453,1.8951048951048952,4092,1139,2.0476062399139323,4467,947,0.0,0,4093,False
51,0.1882753587934809,0.7236682072488445,0.7236682072488445,0.0,0.1466099186066755,0.608703228355517,0.608703228355517,0.0,0.1882753587934809,0.7236682072488445,0.7236682072488445,0.0,0.1973401397098334,0.7448952176249328,0.7448952176249328,0.0,0.49111675126903553,0.4421819262782402,0.4421819262782402,0.0,0.38075591613940146,0.37080757877386655,0.37080757877386655,0.0,0.6103994488074724,0.6045876959261661,0.6045876959261661,0.0,0.2015045674368619,0.4966863693354827,0.4966863693354827,0.0,0.4234282643739925,802,3337,1.8076303062869425,3753,1136,1.8076303062869425,3753,1136,0.0,0,4111,False
52,0.3629936616284739,0.6886884446611409,0.7128230131643101,0.0,0.25651430441535433,0.5523622062749521,0.5786088695174336,0.0,0.3629936616284739,0.6886884446611409,0.7128230131643101,0.0,0.3837866953945597,0.7154591974144896,0.7390250471316995,0.0,0.502870651806822,0.4534510433386838,0.44682151589242053,0.0,0.357655820863511,0.36663217812914156,0.3658581629564863,0.0,0.5892793038222939,0.6015672740988423,0.6004723135854942,0.0,0.38104856809408383,0.5043091839482898,0.4978454080258551,0.0,0.7974683544303798,1472,2613,1.677888499865338,3405,1277,1.7624562348505253,3620,1178,0.0,0,4102,False
53,0.1267913529268885,0.6937090114160797,0.6937090114160797,0.0,0.08382871133479808,0.5914374916261057,0.5914374916261057,0.0,0.1267913529268885,0.6937090114160797,0.6937090114160797,0.0,0.1350806451612903,0.7159946236559139,0.7159946236559139,0.0,0.5643243243243243,0.4410129709697344,0.4410129709697344,0.0,0.36934190388735844,0.3721572820782268,0.3721572820782268,0.0,0.5935626452437016,0.6024680471181307,0.6024680471181307,0.0,0.13723118279569893,0.4698028673835125,0.4698028673835125,0.0,0.24865591397849462,403,3595,1.7408602150537635,3620,1261,1.7408602150537635,3620,1261,0.0,0,4117,False
54,0.1260626669905271,0.7233422394947777,0.7233422394947777,0.0,0.08613433175954373,0.6657968525228738,0.6657968525228738,0.0,0.1260626669905271,0.7233422394947777,0.7233422394947777,0.0,0.13456889605157132,0.7362342197152834,0.7362342197152834,0.0,0.4961759082217973,0.4011855045130001,0.4011855045130001,0.0,0.3511069023569024,0.36858622945025127,0.36858622945025127,0.0,0.6015863517369467,0.602232567478809,0.602232567478809,0.0,0.1377921031426269,0.4309248813680723,0.4309248813680723,0.0,0.2809562181036798,527,3598,1.9938221864088101,4445,1139,1.9938221864088101,4445,1139,0.0,0,4117,False
55,0.10532658471920944,0.7307785008435768,0.7307785008435768,0.0,0.09701530133962322,0.6430401766004415,0.6430401766004415,0.0,0.10532658471920944,0.7307785008435768,0.7307785008435768,0.0,0.10715242432360032,0.7496651486739887,0.7496651486739887,0.0,0.43267326732673267,0.425962348974431,0.425962348974431,0.0,0.3904021701818712,0.37332940899945005,0.37332940899945005,0.0,0.6167798050954941,0.6037331268149154,0.6037331268149154,0.0,0.11224216447897134,0.46419323153853015,0.46419323153853015,0.0,0.2705598714170908,573,3712,1.9067773908384678,4086,1117,1.9067773908384678,4086,1117,0.0,0,4149,False
56,0.17930700266537436,0.71504724981827,0.71504724981827,0.0,0.12013914893548923,0.6006358739486116,0.6006358739486116,0.0,0.17930700266537436,0.71504724981827,0.71504724981827,0.0,0.1910263299301451,0.7371037076840409,0.7371037076840409,0.0,0.5222300635144672,0.43525073746312687,0.43525073746312687,0.0,0.3580231196361307,0.3665643056667654,0.3665643056667654,0.0,0.5887504277115923,0.590981459584329,0.590981459584329,0.0,0.195996775926921,0.4800734372201325,0.4800734372201325,0.0,0.38070929607737775,677,3387,1.8216012896292315,3829,1176,1.8216012896292315,3829,1176,0.0,0,4127,False
57,0.15018226002430132,0.6714459295261239,0.7275820170109356,0.0,0.11494731077026221,0.6068096014051256,0.666075557631287,0.0,0.15018226002430132,0.6714459295261239,0.7275820170109356,0.0,0.1568627450980392,0.683051302712866,0.7381144238517324,0.0,0.4660633484162896,0.4046572934973638,0.4032323232323232,0.0,0.364841911014526,0.36655732499702554,0.3684774187270002,0.0,0.6104097974671773,0.6015809931216632,0.6031248371994238,0.0,0.16196615632554393,0.4347300564061241,0.4342823887545886,0.0,0.3561643835616438,708,3497,1.8340048348106366,4065,1352,1.9943593875906527,4431,1121,0.0,0,4115,False
58,0.14992721979621543,0.7265890344492965,0.7265890344492965,0.0,0.1258486133766459,0.671566877014083,0.671566877014083,0.0,0.14992721979621543,0.7265890344492965,0.7265890344492965,0.0,0.15402206080172182,0.738498789346247,0.738498789346247,0.0,0.4398576512455516,0.3953795379537954,0.3953795379537954,0.0,0.3652499267155145,0.36818610726854795,0.36818610726854795,0.0,0.5891775546772237,0.6059940455066418,0.6059940455066418,0.0,0.16330373957492603,0.4133709981167608,0.4133709981167608,0.0,0.3779930051116492,787,3504,2.0379338175948347,4580,1127,2.0379338175948347,4580,1127,0.0,0,4122,False
59,0.1861934856587263,0.7457462323772485,0.7457462323772485,0.0,0.1305465466523475,0.6441105680254156,0.6441105680254156,0.0,0.1861934856587263,0.7457462323772485,0.7457462323772485,0.0,0.19696969696969696,0.7641458836149102,0.7641458836149102,0.0,0.5200271554650373,0.427595818815331,0.427595818815331,0.0,0.365576520733669,0.37029967930656976,0.37029967930656976,0.0,0.6071889267614619,0.6126537261288514,0.6126537261288514,0.0,0.2038079914186109,0.46714936980423705,0.46714936980423705,0.0,0.39501206757843926,707,3348,1.9241083400375436,4107,1046,1.9241083400375436,4107,1046,0.0,0,4114,False
60,0.19816114202758286,0.7198161142027583,0.7628841035567384,0.0,0.15073906081710406,0.6038187723507744,0.6535419868760469,0.0,0.19816114202758286,0.7198161142027583,0.7628841035567384,0.0,0.20812046248991664,0.744286098413552,0.7866361925248723,0.0,0.4854771784232365,0.44642857142857145,0.43883089770354905,0.0,0.370563905459871,0.3735107485284542,0.37392732508401766,0.0,0.6095677512496093,0.6031961669221296,0.6033735798504014,0.0,0.21349825221833826,0.4985659227390875,0.4906784978040692,0.0,0.4536165635923635,868,3314,1.7918795375100833,3689,1158,1.9319709599354664,4032,980,0.0,0,4133,False
61,0.0689487739742656,0.6554989075018208,0.7317310026705511,0.0,0.057855798850213275,0.5032552841684125,0.5812662976213044,0.0,0.0689487739742656,0.6554989075018208,0.7317310026705511,0.0,0.0717163577759871,0.6846629062583938,0.760542573193661,0.0,0.47254575707154745,0.47194546407970633,0.45439469320066334,0.0,0.3919729382213406,0.3646948523296956,0.3641814425013221,0.0,0.6183391205268384,0.5969572466658325,0.5967669323245661,0.0,0.07346226161697555,0.49583669084071985,0.4916286149162861,0.0,0.1614289551437013,317,3835,1.5366639806607574,3021,1419,1.781627719580983,3619,1105,0.0,0,4119,False
62,0.05943716642406599,0.6967491508976225,0.7571567200388161,0.0,0.05277507062339878,0.6047157393809097,0.6707093929709608,0.0,0.05943716642406599,0.6967491508976225,0.7571567200388161,0.0,0.06105433028509952,0.7167832167832168,0.7763582571274878,0.0,0.4224137931034483,0.4320746201293817,0.4201103782474088,0.0,0.3676251810848022,0.3732522791777743,0.37148925862557763,0.0,0.6019721805510727,0.6017711281289557,0.600101033216823,0.0,0.0650887573964497,0.48762775685852605,0.4693383539537386,0.0,0.15599784830554062,335,3877,1.7877891339429801,3775,1250,1.9981172673480365,4308,1001,0.0,0,4122,False
63,0.09157509157509157,0.7191697191697192,0.7191697191697192,0.0,0.060702854325543704,0.6514856246407533,0.6514856246407533,0.0,0.09157509157509157,0.7191697191697192,0.7191697191697192,0.0,0.09742004837409299,0.7320612738511153,0.7320612738511153,0.0,0.5442670537010159,0.40857380688124306,0.40857380688124306,0.0,0.3623092530411272,0.3676724845433688,0.3676724845433688,0.0,0.6023018401267375,0.6085097760587158,0.6085097760587158,0.0,0.09903251814028487,0.4139568216429275,0.4139568216429275,0.0,0.18516527815103467,314,3720,1.9371136791185166,4263,1150,1.9371136791185166,4263,1150,0.0,0,4095,False
64,0.36961232843727426,0.7161088369853118,0.7404286058271129,0.0,0.2639724034943571,0.6079600466000555,0.6349344843476823,0.0,0.36961232843727426,0.7161088369853118,0.7404286058271129,0.0,0.3926174496644295,0.7408053691275168,0.7642953020134228,0.0,0.5304077401520387,0.4496522527970971,0.4428283410138249,0.0,0.37827654775429537,0.37845500562586204,0.3766915181495949,0.0,0.6040435415295033,0.600957945615357,0.5988521331566562,0.0,0.39167785234899327,0.4956599552572707,0.48796420581655475,0.0,0.7769127516778523,1359,2618,1.7755704697986576,3640,1179,1.8641610738255034,3869,1078,0.0,0,4153,False
65,0.21419917615701478,0.6731281802762297,0.7177126241822147,0.0,0.15242581166588612,0.5367752081917302,0.5850463187102282,0.0,0.21419917615701478,0.6731281802762297,0.7177126241822147,0.0,0.22749260951357161,0.7031711905401774,0.7471109916689062,0.0,0.5002829654782116,0.4481367962574609,0.4423536439665472,0.0,0.3510576454807861,0.3626781581948939,0.3655201413362828,0.0,0.5738497986984948,0.5883249766951817,0.5904564586497179,0.0,0.22829884439666756,0.4737525754725432,0.47102033503538476,0.0,0.4748723461435098,883,3243,1.665950013437248,3421,1349,1.7995162590701423,3734,1165,0.0,0,4127,False
66,0.2929811689899731,0.7043286867204696,0.7368549767669357,0.0,0.20227669010729277,0.5502860721189563,0.5877196432834272,0.0,0.2929811689899731,0.7043286867204696,0.7368549767669357,0.0,0.3101826974744761,0.7330736163353035,0.7654486835034927,0.0,0.5530932594644506,0.46272493573264784,0.4548611111111111,0.0,0.37945719190778476,0.36335382892154894,0.3647690264442423,0.0,0.6180241234520188,0.603614365851022,0.6050713634653773,0.0,0.3121977431488447,0.5241357692996597,0.5148217804048002,0.0,0.5819451907576572,968,2891,1.6722192369693714,3344,1209,1.7796883396023644,3611,1076,0.0,0,4089,False
67,0.18146624727800628,0.711105734333414,0.711105734333414,0.0,0.1358775081413436,0.6429316633552372,0.6429316633552372,0.0,0.18146624727800628,0.711105734333414,0.711105734333414,0.0,0.190994623655914,0.7239247311827957,0.7239247311827957,0.0,0.4792332268370607,0.40393073117097306,0.40393073117097306,0.0,0.3580317679479293,0.3666344917627528,0.3666344917627528,0.0,0.5898583189489791,0.593369320022862,0.593369320022862,0.0,0.19650537634408602,0.43413978494623656,0.43413978494623656,0.0,0.4206989247311828,815,3383,1.9559139784946236,4337,1194,1.9559139784946236,4337,1194,0.0,0,4133,False
68,0.3697499393056567,0.7217771303714494,0.7628065064336004,0.0,0.2831152322051949,0.6364288723029611,0.678971270018792,0.0,0.3697499393056567,0.7217771303714494,0.7628065064336004,0.0,0.3870967741935484,0.7376344086021506,0.7783602150537634,0.0,0.4861155442068305,0.42260127931769725,0.41369321922317315,0.0,0.3714818944264366,0.3716941474786273,0.36881009378526697,0.0,0.5958343832611642,0.5965836695967546,0.5938102245868885,0.0,0.3868279569892473,0.4818996415770609,0.466084229390681,0.0,0.8422043010752688,1610,2596,1.8911290322580645,4062,1146,2.0416666666666665,4453,977,0.0,0,4119,False
69,0.08817829457364341,0.6497093023255814,0.7165697674418605,0.0,0.06482850141611642,0.5155245410894461,0.5838752025405451,0.0,0.08817829457364341,0.6497093023255814,0.7165697674418605,0.0,0.09328859060402685,0.6769127516778524,0.7432214765100671,0.0,0.5260115606936416,0.4775641025641026,0.4661203907973527,0.0,0.39186974456607965,0.37508355515282377,0.3754818777125209,0.0,0.6241742194792808,0.5992984122144929,0.5996104328897564,0.0,0.09731543624161074,0.5125279642058165,0.5150335570469798,0.0,0.18577181208053692,328,3764,1.5076510067114095,2934,1446,1.7036241610738254,3388,1170,0.0,0,4128,False
70,0.2765697532372343,0.6897141461031029,0.7283166381627169,0.0,0.202217483371901,0.5405225896674097,0.5781418615852366,0.0,0.2765697532372343,0.6897141461031029,0.7283166381627169,0.0,0.2906788793103448,0.7178071120689655,0.7564655172413793,0.0,0.5260223048327137,0.4604469091502202,0.45567104860898805,0.0,0.3820656176379001,0.3638428894552907,0.3643436316718256,0.0,0.6067225307638708,0.600213432239514,0.600381868095168,0.0,0.30091594827586204,0.5123922413793104,0.5099227729885057,0.0,0.5797413793103449,1020,2961,1.6516702586206897,3308,1270,1.7623922413793103,3561,1112,0.0,0,4093,False
71,0.27680311890838205,0.7134502923976608,0.7519493177387915,0.0,0.21202288971684427,0.6157105654014704,0.6564939463734417,0.0,0.27680311890838205,0.7134502923976608,0.7519493177387915,0.0,0.28968573730862207,0.7326081117378458,0.7706150953532098,0.0,0.4956369982547993,0.42638706858890346,0.42233474750239497,0.0,0.3806744836828127,0.36750257260495295,0.3679053759395519,0.0,0.6195721041920178,0.6020521938919222,0.602506363956345,0.0,0.28807413376309426,0.47546781269585453,0.47121497000626733,0.0,0.6156325543916197,1156,2968,1.8444802578565673,3939,1176,1.9626645178619393,4221,1018,0.0,0,4104,False
72,0.14489253803429122,0.6730258391692828,0.7360540932141995,0.0,0.10020868898736363,0.599589929933598,0.6641092795312055,0.0,0.14489253803429122,0.6730258391692828,0.7360540932141995,0.0,0.15488984416980117,0.6891456206340677,0.7521493820526599,0.0,0.5194805194805194,0.41516460598838073,0.4092373791621912,0.0,0.36390901060070674,0.36810697540565024,0.3686344856204004,0.0,0.590773770312048,0.5847774922158099,0.5864341006470551,0.0,0.15636754433100483,0.44071287838079876,0.43601110514060537,0.0,0.3103170338527673,555,3541,1.8036002149382053,3926,1354,2.00107469102633,4400,1093,0.0,0,4141,False
73,0.3150085137436147,0.7139382145463391,0.7438579421065434,0.0,0.2547864832378776,0.6333563961249018,0.6681482330909518,0.0,0.3150085137436147,0.7139382145463391,0.7438579421065434,0.0,0.3259468170829976,0.728310502283105,0.7571850658071447,0.0,0.4661627069834413,0.41233492554088225,0.40800533689126084,0.0,0.3749844810828919,0.36720004766686326,0.3672342393883274,0.0,0.6118141957457961,0.6046885401418283,0.6039268071686285,0.0,0.328095621810368,0.4556361357328319,0.4492344883158743,0.0,0.7461724415793715,1483,2816,1.9118990061778136,4183,1176,2.0131614289551436,4437,1053,0.0,0,4111,False
74,0.09573436742607852,0.6902569074163839,0.7554532234609792,0.0,0.05553228356417983,0.6697301990853067,0.7414002695879075,0.0,0.09573436742607852,0.6902569074163839,0.7554532234609792,0.0,0.10427304488040849,0.694436979306638,0.7592045149153454,0.0,0.569164265129683,0.3787737731081261,0.3762220881110441,0.0,0.3214257003206453,0.36999707992507397,0.37027085551298206,0.0,0.5465090379092863,0.6001056751266761,0.5989805993844757,0.0,0.10507927976350444,0.39702588909791275,0.3901728925915972,0.0,0.18650900295619458,299,3731,2.0206933619994625,4671,1278,2.2265520021499596,5168,1009,0.0,0,4126,False
75,0.06205889510829886,0.7040642492090533,0.7040642492090533,0.0,0.05950743218192126,0.6638806030649045,0.6638806030649045,0.0,0.06205889510829886,0.7040642492090533,0.7040642492090533,0.0,0.0614247311827957,0.7110215053763441,0.7110215053763441,0.0,0.3789004457652303,0.391210277214334,0.391210277214334,0.0,0.3679533499814038,0.3684593522188055,0.3684593522188055,0.0,0.6135964563436069,0.606072274593686,0.606072274593686,0.0,0.06612903225806452,0.4060483870967742,0.4060483870967742,0.0,0.18091397849462365,418,3854,1.9879032258064515,4502,1216,1.9879032258064515,4502,1216,0.0,0,4109,False
76,0.19542467753711365,0.6673156485762959,0.7303480165490387,0.0,0.1165759819490394,0.5783074895206775,0.6477518379467379,0.0,0.19542467753711368,0.6673156485762959,0.7303480165490387,0.0,0.210752688172043,0.6838709677419355,0.7458333333333333,0.0,0.5857038657913931,0.42308285758370623,0.4150186696169271,0.0,0.3510922442219651,0.3668237212508921,0.3675563022841559,0.0,0.597159358741362,0.6043460788534164,0.604599600034141,0.0,0.21344086021505376,0.44668458781362,0.441173835125448,0.0,0.3685483870967742,568,3306,1.7422043010752688,3739,1367,1.9438172043010753,4230,1108,0.0,0,4109,False
77,0.23527980535279805,0.7070559610705596,0.745985401459854,0.0,0.16201336264859095,0.5708401151522896,0.6139077943702212,0.0,0.23527980535279802,0.7070559610705596,0.745985401459854,0.0,0.2502686727565825,0.7367006985491671,0.7748522299838796,0.0,0.5028601144045762,0.4381785283474065,0.43237907206317866,0.0,0.3506229809047355,0.35975481300713547,0.361404105350112,0.0,0.5979018346721847,0.6001094329143696,0.6016787242763164,0.0,0.25013433637829124,0.4666397993910084,0.46310227476267235,0.0,0.516657710908114,956,3143,1.781837721655024,3726,1204,1.9051585169263836,4025,1044,0.0,0,4110,False
78,0.3378806333739342,0.7220462850182704,0.7481120584652863,0.0,0.2354798536381825,0.6019504198333169,0.6283075497881098,0.0,0.3378806333739342,0.7220462850182704,0.7481120584652863,0.0,0.3570085929108486,0.7451664876476907,0.7712137486573577,0.0,0.5231987929083365,0.43995843847409827,0.4349242316952273,0.0,0.36553372851822835,0.36747189271690495,0.3663019020362827,0.0,0.5970088887257056,0.5989305596762391,0.5974518741910609,0.0,0.3586645184389545,0.4989706408879341,0.4926602219835302,0.0,0.7118689581095596,1264,2718,1.8090762620837808,3773,1141,1.896079484425349,3990,1034,0.0,0,4105,False
79,0.17156030089784033,0.6910943945644261,0.7464207716573648,0.0,0.12300631951787146,0.5947391194592527,0.6533678376505757,0.0,0.17156030089784033,0.6910943945644261,0.7464207716573648,0.0,0.17992475141091105,0.708277344799785,0.7628325718892771,0.0,0.48127978216473793,0.4216136195410807,0.4152828405562306,0.0,0.3510853577169199,0.3634857317287635,0.36444353109689054,0.0,0.578171855704843,0.5862500114438556,0.5880653340012171,0.0,0.18382155334587477,0.4464749619277972,0.44074173609244827,0.0,0.3947863477559796,762,3414,1.8153722117710294,3907,1273,1.9905939263638808,4331,1045,0.0,0,4121,False
80,0.27574509328810276,0.7102011146110977,0.7455779016234553,0.0,0.20900435020504124,0.621654193563206,0.6634086395416657,0.0,0.27574509328810276,0.7102011146110977,0.7455779016234553,0.0,0.2890352055898952,0.7270894920720237,0.7610857296425692,0.0,0.47259136212624586,0.41252638986629137,0.4099933377748168,0.0,0.3619336330289606,0.3640017466248584,0.36612870459978336,0.0,0.5977941071283321,0.5981858667419389,0.599858764771376,0.0,0.29669443697930664,0.4528800501657261,0.44965511063334224,0.0,0.6471378661650095,1270,2989,1.9094329481322225,4174,1196,2.016930932545015,4428,1050,0.0,0,4127,False
81,0.10712542703757931,0.7186432406051733,0.7186432406051733,0.0,0.1054576864224886,0.6275450263343917,0.6275450263343917,0.0,0.10712542703757931,0.7186432406051733,0.7186432406051733,0.0,0.10760343901128426,0.7360290166577109,0.7360290166577109,0.0,0.4114339268978444,0.4199942954934398,0.4199942954934398,0.0,0.38342069041471677,0.36680782412040464,0.36680782412040464,0.0,0.6129916834435184,0.6061702353571801,0.6061702353571801,0.0,0.11243954862976895,0.4434443847393874,0.4434443847393874,0.0,0.2866738312735089,628,3659,1.8839333691563676,4067,1153,1.8839333691563676,4067,1153,0.0,0,4098,False
82,0.09657017757236683,0.7083434687423984,0.7083434687423984,0.0,0.06220072215333535,0.5946891361322729,0.5946891361322729,0.0,0.09657017757236683,0.7083434687423984,0.7083434687423984,0.0,0.10236750067258542,0.7289480764057035,0.7289480764057035,0.0,0.5607344632768362,0.4392819429778247,0.4392819429778247,0.0,0.38110685116482546,0.36974188817921877,0.36974188817921877,0.0,0.6032454616546428,0.6037267243962222,0.6037267243962222,0.0,0.10371267150928168,0.4621110214330553,0.4621110214330553,0.0,0.19047619047619047,311,3714,1.783427495291902,3717,1199,1.783427495291902,3717,1199,0.0,0,4111,False
83,0.13647401651287033,0.6777561923263721,0.7345798931520156,0.0,0.09377851477883237,0.5581377436684285,0.6286116408402235,0.0,0.13647401651287033,0.6777561923263721,0.7345798931520156,0.0,0.1460628863208815,0.7037086804622413,0.7575920451491535,0.0,0.5531496062992126,0.4539687703318152,0.438469343383099,0.0,0.37318417639429313,0.3714666517660344,0.3720313027822562,0.0,0.6099279113115114,0.6053395438141248,0.605295387935721,0.0,0.14942219833378123,0.4836513482038879,0.4688255845202902,0.0,0.27304488040849234,454,3556,1.652244020424617,3357,1327,1.8540714861596346,3874,1093,0.0,0,4118,False
84,0.1185292694726657,0.6995645863570392,0.7552007740686986,0.0,0.09521536328254371,0.5930244830287884,0.6473092476592116,0.0,0.1185292694726657,0.6995645863570392,0.7552007740686986,0.0,0.12308106652302721,0.7220576353353084,0.7772690546727713,0.0,0.478515625,0.4440350069092584,0.4333703498056635,0.0,0.37818760552268316,0.3742720504037444,0.3709291944512785,0.0,0.6039007990324122,0.5968874668500315,0.594337503759479,0.0,0.1300834904389981,0.47656881228117426,0.46476344375617196,0.0,0.2757877726905467,534,3644,1.7541071909507138,3621,1242,1.9402100727174791,4082,1012,0.0,0,4134,False
85,0.16050277979211988,0.6840705825477399,0.7399081459995166,0.0,0.10702841612657048,0.5346104100782634,0.5926933498888064,0.0,0.16050277979211988,0.6840705825477399,0.7399081459995166,0.0,0.1730303845119656,0.7152460338800752,0.7703683785963968,0.0,0.5814360770577933,0.4706469316480958,0.45795930580490724,0.0,0.3840100324787408,0.37033104765161357,0.3691323537882689,0.0,0.6052962662756438,0.5951666520652631,0.5928915046226748,0.0,0.17558483463296584,0.4979385139374384,0.4923814645514027,0.0,0.30707179349287445,478,3473,1.6168324818499598,3183,1307,1.797257327238505,3623,1076,0.0,0,4137,False
86,0.40194174757281553,0.733495145631068,0.7694174757281553,0.0,0.2881097849228674,0.6247973266725244,0.6672049447821934,0.0,0.40194174757281553,0.733495145631068,0.7694174757281553,0.0,0.42369693713057494,0.753895754970446,0.78895754970446,0.0,0.5202639019792649,0.4480355819125278,0.4371810784719349,0.0,0.37180984132978256,0.3759336407964346,0.3742686003470506,0.0,0.607409176930837,0.6111274180753596,0.6098667351831045,0.0,0.4253537524628336,0.5151800107469102,0.499462654486835,0.0,0.8551853842020419,1527,2464,1.8121977431488447,3723,1098,1.948146157979581,4081,950,0.0,0,4120,False
87,0.4292326431181486,0.720584652862363,0.7393422655298416,0.0,0.2935272994103137,0.5802902755498534,0.6013584873452203,0.0,0.4292326431181486,0.720584652862363,0.7393422655298416,0.0,0.4558744635193133,0.748524678111588,0.7671673819742489,0.0,0.5239369610466845,0.44676030811055734,0.4422908772952492,0.0,0.35986963027120344,0.3636023032708655,0.3637979757172376,0.0,0.604341832539337,0.6110944441078107,0.6116462037023865,0.0,0.4467542918454936,0.5045153791130186,0.49888233190271813,0.0,0.9020922746781116,1601,2343,1.776019313304721,3663,1147,1.8406652360515021,3827,1070,0.0,0,4105,False
88,0.3077858880778589,0.7304136253041362,0.7600973236009733,0.0,0.21557176166403283,0.6170922015734579,0.6512390320827229,0.0,0.3077858880778589,0.7304136253041362,0.7600973236009733,0.0,0.32468405485345525,0.7536972304382898,0.7832750739446087,0.0,0.5330804888327012,0.4338150289017341,0.4256130790190736,0.0,0.3723749870319543,0.3676434185421295,0.36638636406164443,0.0,0.6025415575910863,0.5996886881048809,0.5983285502082711,0.0,0.32257775387649007,0.4910818320337008,0.48005736309043645,0.0,0.638074751277225,1108,2845,1.86071524603388,3918,1108,1.973648830330734,4216,986,0.0,0,4110,False
89,0.10235265583313122,0.6895464467620664,0.6895464467620664,0.0,0.08442562818993025,0.6046031179636252,0.6046031179636252,0.0,0.10235265583313122,0.6895464467620664,0.6895464467620664,0.0,0.10590604026845638,0.7068456375838926,0.7068456375838926,0.0,0.4494142705005325,0.4206865936667653,0.4206865936667653,0.0,0.3725918361667191,0.3697724561927753,0.3697724561927753,0.0,0.612842864116307,0.6065631069185132,0.6065631069185132,0.0,0.10809843400447426,0.4502460850111856,0.4502460850111856,0.0,0.2520805369127517,517,3701,1.814228187919463,3915,1280,1.814228187919463,3915,1280,0.0,0,4123,False
90,0.10438362799709373,0.7251150399612497,0.7251150399612497,0.0,0.06760041000793902,0.6793499442578832,0.6793499442578832,0.0,0.10438362799709375,0.7251150399612497,0.7251150399612497,0.0,0.1120504562533548,0.7338969404186796,0.7338969404186796,0.0,0.5633986928104575,0.39755676536980483,0.39755676536980483,0.0,0.36602003194181965,0.3704482622832437,0.3704482622832437,0.0,0.6126188487973439,0.6000817494348837,0.6000817494348837,0.0,0.11294507067453928,0.4278046162104133,0.4278046162104133,0.0,0.20531400966183574,334,3698,2.021202361782072,4537,1135,2.021202361782072,4537,1135,0.0,0,4129,False
91,0.11546894031668696,0.7220462850182704,0.7220462850182704,0.0,0.08284251383062903,0.6129545311424408,0.6129545311424408,0.0,0.11546894031668696,0.7220462850182704,0.7220462850182704,0.0,0.12137875536480687,0.7430257510729614,0.7430257510729614,0.0,0.5278396436525612,0.43358689291983615,0.43358689291983615,0.0,0.37640025990903186,0.36877040890868656,0.36877040890868656,0.0,0.618643075410817,0.614056029391615,0.614056029391615,0.0,0.1246870529327611,0.4755901287553648,0.4755901287553648,0.0,0.24087982832618027,424,3631,1.8336909871244635,3872,1141,1.8336909871244635,3872,1141,0.0,0,4105,False
92,0.2108213502315379,0.6936388008774068,0.6936388008774068,0.0,0.1506516458347209,0.5639048710179863,0.5639048710179863,0.0,0.2108213502315379,0.6936388008774068,0.6936388008774068,0.0,0.22229693383539537,0.7157073695535234,0.7157073695535234,0.0,0.5127445168938944,0.4497471554993679,0.4497471554993679,0.0,0.36320106076288633,0.3660584599526359,0.3660584599526359,0.0,0.5922555905537374,0.5985804663918101,0.5985804663918101,0.0,0.22579343733189888,0.497131074054151,0.497131074054151,0.0,0.4537385691231845,822,3238,1.7019903173749327,3482,1257,1.7019903173749327,3482,1257,0.0,0,4103,False
93,0.14827501835086862,0.7176413016882799,0.7648642035723024,0.0,0.09842754041962583,0.5816456886568139,0.6396205551585228,0.0,0.14827501835086862,0.7176413016882799,0.7648642035723024,0.0,0.15789473684210525,0.7424812030075187,0.7879967776584318,0.0,0.5479204339963833,0.4619625137816979,0.4437819420783646,0.0,0.38016731175572804,0.3707678194522421,0.36859919918318623,0.0,0.6318944658572586,0.6175106668213921,0.6157832479174935,0.0,0.15977443609022557,0.5049677765843179,0.48599176512710346,0.0,0.29699248120300753,500,3481,1.7048872180451127,3416,1154,1.8915145005370568,3918,961,0.0,0,4087,False
94,0.254110251450677,0.6692456479690522,0.7161508704061895,0.0,0.17120235969951803,0.5487484037765116,0.6035253108561306,0.0,0.254110251450677,0.6692456479690522,0.7161508704061895,0.0,0.2726295997851195,0.6966156325543916,0.7412033306473275,0.0,0.5362244897959184,0.4376976597090449,0.4303356094726137,0.0,0.365927887696583,0.36298245419232655,0.3651508587471118,0.0,0.5964059496768984,0.5900366568968954,0.5905668220644122,0.0,0.27585280687617514,0.4886740084161519,0.47998925597636316,0.0,0.526457158205748,909,3085,1.6986301369863013,3556,1368,1.848777867311308,3921,1174,0.0,0,4136,False
95,0.1359903381642512,0.6980676328502415,0.7495169082125603,0.0,0.10290668393935394,0.6210954017379254,0.6804746443026678,0.0,0.1359903381642512,0.6980676328502415,0.7495169082125603,0.0,0.14318303811057434,0.715378421900161,0.7644927536231884,0.0,0.4803754266211604,0.418962017976225,0.4128525811601916,0.0,0.36948250380593617,0.371337164340157,0.37215658284169467,0.0,0.6054124430156381,0.596669834563507,0.5964781992983205,0.0,0.1466720343531938,0.4545983181248881,0.4454732510288066,0.0,0.3145464304884595,609,3577,1.8513150831991412,4008,1250,2.017176596886742,4413,1037,0.0,0,4140,False
96,0.38781973203410475,0.7088915956151035,0.7542021924482338,0.0,0.28323652122245474,0.5924438357358753,0.6397978829212844,0.0,0.38781973203410475,0.7088915956151035,0.7542021924482338,0.0,0.4080536912751678,0.730738255033557,0.7757046979865772,0.0,0.5153771447070249,0.4390464695232348,0.43306756189676876,0.0,0.37318937721884,0.36735873908183053,0.3675947713845306,0.0,0.6133834603233421,0.611453422587724,0.6115536201107981,0.0,0.4077852348993289,0.4937807606263982,0.4844742729306487,0.0,0.829261744966443,1497,2513,1.7793288590604026,3718,1195,1.9191946308724832,4053,1009,0.0,0,4105,False
97,0.22841901066925316,0.7269641125121241,0.7269641125121241,0.0,0.17339583444553544,0.6398394653688836,0.6398394653688836,0.0,0.2284190106692532,0.7269641125121241,0.7269641125121241,0.0,0.23987121008854306,0.7461765495036222,0.7461765495036222,0.0,0.49267782426778245,0.4095628415300546,0.4095628415300546,0.0,0.37078688721083547,0.364333963013002,0.364333963013002,0.0,0.5904789249029806,0.5926918626140135,0.5926918626140135,0.0,0.23973705393077543,0.44106072802074947,0.44106072802074947,0.0,0.5130131473034613,970,3182,1.964046149718272,4322,1126,1.964046149718272,4322,1126,0.0,0,4124,False
98,0.07473222979552094,0.6662609542356378,0.7361246348588121,0.0,0.049926787283808616,0.49480028245292274,0.5655098842046439,0.0,0.07473222979552094,0.6662609542356378,0.7361246348588121,0.0,0.07923056228140973,0.7005649717514124,0.770513855259618,0.0,0.5116666666666667,0.4919122933141625,0.47117482081645373,0.0,0.34095970970970974,0.36598907780968437,0.3644115309463663,0.0,0.5859077157732221,0.6006059880810779,0.5985394174336299,0.0,0.08084476728544525,0.5157833378172361,0.5063671419603623,0.0,0.16142050040355124,293,3801,1.4969061070755987,2827,1371,1.72666128598332,3394,1084,0.0,0,4108,False
99,0.20208636584182435,0.6935953420669578,0.6935953420669578,0.0,0.14702032977046645,0.5665126938397851,0.5665126938397851,0.0,0.20208636584182435,0.6935953420669578,0.6935953420669578,0.0,0.21311475409836064,0.7196990056436442,0.7196990056436442,0.0,0.497907949790795,0.4503780718336484,0.4503780718336484,0.0,0.3594127943478688,0.36989220250498867,0.36989220250498867,0.0,0.5962773915613881,0.6012771354553337,0.6012771354553337,0.0,0.22158022037086805,0.48400967481859714,0.48400967481859714,0.0,0.4496103198065036,840,3289,1.7059930126310132,3489,1263,1.7059930126310132,3489,1263,0.0,0,4122,False