run,base_contains_true_label_percent,cp_contains_true_label_percent,base_contains_true_label_percent_anxiety_false,cp_contains_true_label_percent_anxiety_false,base_contains_true_label_percent_anxiety_true,cp_contains_true_label_percent_anxiety_true,base_contains_true_label_percent_depression_false,cp_contains_true_label_percent_depression_false,base_contains_true_label_percent_depression_true,cp_contains_true_label_percent_depression_true,base_contains_true_label_percent_no_disorder_false,cp_contains_true_label_percent_no_disorder_false,base_contains_true_label_percent_no_disorder_true,cp_contains_true_label_percent_no_disorder_true,alpha,multi_class,class_conditional,with_demographics,inverse_probability_not_probability_margin
0,0.6565575237072822,0.9006083378064055,0.9749756256093598,0.9057523561910952,0.0184899845916795,0.8952234206471494,0.9443390259329538,0.9025932953826692,0.0478723404255319,0.9237588652482268,0.7534591194968554,0.8930817610062893,0.2439440464005459,0.8918457864210168,0.1,False,True,True,True
1,0.6352015732546706,0.90122463573791,0.8995829323067052,0.907924286172602,0.0980392156862745,0.8921568627450981,0.9672955974842768,0.8990566037735849,0.0255009107468123,0.9162112932604736,0.8280254777070064,0.90828025477707,0.170516304347826,0.8936820652173914,0.1,False,True,True,True
2,0.6368199336739266,0.9001523707089719,0.8704,0.88992,0.1313131313131313,0.9124579124579124,0.8846880907372401,0.903276622558286,0.1155963302752293,0.9027522935779816,0.6972833117723156,0.9094437257438552,0.3044806517311609,0.9022403258655805,0.1,False,True,True,True
3,0.657086578923807,0.905989793177545,0.8969970939618986,0.9050694220213108,0.1038338658146964,0.889776357827476,0.858740811760946,0.9121124960051136,0.1313131313131313,0.8922558922558923,0.5702075702075702,0.9242979242979243,0.4352617079889807,0.9015151515151516,0.1,False,True,True,True
4,0.6457326892109501,0.9040973340490248,0.9333119589612056,0.9028534786790638,0.0708401976935749,0.9110378912685336,0.957764369641156,0.9050492219752302,0.0294627383015597,0.8977469670710572,0.8333333333333334,0.905852417302799,0.1959183673469387,0.9037414965986394,0.1,False,True,True,True
5,0.619482496194825,0.8982003760408273,0.9233728759217698,0.899647322859891,0.0778145695364238,0.9221854304635762,0.9634381013470174,0.8871071199486851,0.0396694214876033,0.8892561983471075,0.95,0.9158536585365854,0.0637271787805718,0.9004478126076473,0.1,False,True,True,True
6,0.6337094751925488,0.899785061794734,0.9341642697347396,0.8954937679769894,0.0691399662731871,0.9190556492411468,0.939055520102106,0.8978940650925336,0.0544217687074829,0.8962585034013606,0.84,0.8941935483870967,0.1649134713267729,0.9046487953851374,0.1,False,True,True,True
7,0.6600358422939068,0.9004480286738351,0.970344387755102,0.90625,0.0256849315068493,0.886986301369863,0.977018831790616,0.9103096074050432,0.0221465076660988,0.8841567291311755,0.7940797940797941,0.8803088803088803,0.2096500169894665,0.8950050968399592,0.1,False,True,True,True
8,0.6403508771929824,0.8957214464733262,0.9651757188498402,0.9054313099041532,0.0303030303030303,0.9124579124579124,0.959811616954474,0.8825745682888541,0.0241187384044526,0.8923933209647495,0.8441558441558441,0.8701298701298701,0.1337169939065673,0.9035206499661476,0.1,False,True,True,True
9,0.6546659502059824,0.9069496686369336,0.9647548862544056,0.9074014738865748,0.038269550748752,0.903494176372712,0.9723809523809523,0.912063492063492,0.0262237762237762,0.902097902097902,0.8260325406758448,0.9148936170212766,0.1840574751967157,0.9004447485460144,0.1,False,True,True,True
10,0.6574298269213523,0.9019818850327324,0.7988413260379787,0.9018345671065336,0.2049180327868852,0.9278688524590164,0.8253664754620778,0.8996175908221797,0.1658031088082901,0.917098445595855,0.4429280397022332,0.9255583126550868,0.5774647887323944,0.8897286155960151,0.1,False,True,True,True
11,0.6308243727598566,0.9026881720430108,0.8107416879795396,0.9008951406649616,0.1672297297297297,0.893581081081081,0.8182391921741874,0.8999684443041969,0.1669691470054446,0.8983666061705989,0.5587096774193548,0.9019354838709678,0.4370118845500849,0.9103565365025468,0.1,False,True,True,True
12,0.6235199138858988,0.9024937208467888,0.8355454839753965,0.9035286500485594,0.1786283891547049,0.926634768740032,0.9239445697711892,0.8926844988720593,0.0766721044045677,0.9070146818923328,0.7511961722488039,0.8971291866028708,0.2486111111111111,0.9072916666666668,0.1,False,True,True,True
13,0.6682761087267525,0.8959227467811158,0.8960619754680439,0.8934796642995481,0.1079365079365079,0.8984126984126984,0.920410783055199,0.8902439024390244,0.0947712418300653,0.915032679738562,0.5610640870616687,0.9117291414752116,0.4274388142019993,0.8955532574974147,0.1,False,True,True,True
14,0.6240122126436781,0.905621408045977,0.790482274033855,0.8997125519003514,0.216867469879518,0.8950086058519794,0.8777707409753008,0.9037365421152628,0.1209386281588447,0.9259927797833934,0.6875,0.9205729166666666,0.3332201086956521,0.9082880434782608,0.1,False,True,True,True
15,0.6207236252910622,0.8879634605051048,0.7818770226537217,0.883495145631068,0.1946202531645569,0.879746835443038,0.8417197452229299,0.8939490445859872,0.134020618556701,0.9123711340206184,0.5667074663402693,0.8849449204406364,0.4158347676419965,0.8839931153184165,0.1,False,True,True,True
16,0.6437399247716281,0.898889485939459,0.8781110402042118,0.8994894703254627,0.1462585034013605,0.8979591836734694,0.8883248730964467,0.8981598984771574,0.1263157894736842,0.9035087719298246,0.7184713375796178,0.8942675159235669,0.3112019067075247,0.8995573714674838,0.1,False,True,True,True
17,0.618176929282065,0.8945056914941293,0.8662997733894464,0.9022337325995468,0.1285714285714285,0.9031746031746032,0.9198218262806236,0.8889595927457843,0.0902777777777777,0.875,0.8228782287822878,0.8868388683886839,0.1816930488644184,0.8964211975223675,0.1,False,True,True,True
18,0.6763492917339071,0.899677245831092,0.891193363114231,0.9049138481174218,0.1164383561643835,0.8801369863013698,0.9807510255601136,0.8936573051435784,0.0255009107468123,0.9289617486338798,0.6553079947575361,0.891218872870249,0.3590524534686971,0.9011844331641286,0.1,False,True,True,True
19,0.6404262941071108,0.9027404621171412,0.9723205664628258,0.9031219826198904,0.024390243902439,0.8845528455284553,0.9730500951173112,0.9080532656943564,0.0211267605633802,0.8890845070422535,0.9016393442622952,0.8953341740226987,0.1089108910891089,0.905087060430181,0.1,False,True,True,True
20,0.6439129266326257,0.9003852011108125,0.8490019317450097,0.9001931745009659,0.1268292682926829,0.91869918699187,0.8798597833014659,0.9034416826003824,0.0943396226415094,0.8799313893653516,0.6115906288532675,0.9087546239210852,0.3989690721649485,0.8951890034364262,0.1,False,True,True,True
21,0.6183561889396791,0.8975531056735682,0.8457807953443259,0.8968638861946331,0.1373801916932907,0.853035143769968,0.8522654754307594,0.906509253350351,0.1709401709401709,0.9128205128205128,0.6815365551425031,0.8909541511771994,0.3008241758241758,0.896978021978022,0.1,False,True,True,True
22,0.6277986745477342,0.8941429339065019,0.9297680412371134,0.8978737113402062,0.058252427184466,0.8915857605177994,0.9980676328502416,0.8966183574879227,0.0016207455429497,0.920583468395462,0.9193742478941036,0.8844765342960289,0.0774818401937046,0.8851608439986164,0.1,False,True,True,True
23,0.6470115250603056,0.8994907531492897,0.8755213346166185,0.903432787937119,0.1205211726384364,0.9185667752442996,0.7945945945945946,0.8937996820349762,0.1928327645051194,0.9197952218430034,0.4987405541561713,0.889168765743073,0.4872318692543411,0.8961525366019748,0.1,False,True,True,True
24,0.6323753245590473,0.9157489479810188,0.7968346253229974,0.9053617571059432,0.2121212121212121,0.9090909090909092,0.8451695457453615,0.9197056941778632,0.1926298157453936,0.9229480737018424,0.5954106280193237,0.9420289855072465,0.4189982728842832,0.9150259067357512,0.1,False,True,True,True
25,0.7037235947010383,0.9013605442176872,0.9375402446877013,0.9050225370251128,0.0501618122977346,0.8932038834951457,0.9600638977635784,0.8984025559105431,0.0471380471380471,0.9090909090909092,0.4920049200492005,0.9052890528905287,0.5104774991411886,0.8996908278941944,0.1,False,True,True,True
26,0.6189196452566514,0.9046851204873242,0.884765625,0.9052734375,0.1001540832049306,0.901386748844376,0.8607431340872375,0.8985460420032311,0.1230031948881789,0.9185303514376996,0.6931407942238267,0.8820697954271961,0.2799307958477509,0.914878892733564,0.1,False,True,True,True
27,0.6345964346501837,0.9051330287557108,0.91104,0.9008,0.0671140939597315,0.9312080536912752,0.9472020233955106,0.9114764464116344,0.0448028673835125,0.8548387096774194,0.7923784494086727,0.9053876478318004,0.193581081081081,0.9070945945945946,0.1,False,True,True,True
28,0.6589626444504165,0.9047747021410016,0.8745542949756888,0.9024311183144248,0.1022012578616352,0.9119496855345912,0.8459579885423297,0.9029280712921706,0.1675302245250431,0.9084628670120898,0.529192546583851,0.906832298136646,0.4842249657064472,0.9063786008230452,0.1,False,True,True,True
29,0.618281012431804,0.900098381182363,0.892925430210325,0.89993626513703,0.1069609507640067,0.8692699490662139,0.7874720357941835,0.9034835410674336,0.1956521739130435,0.9297658862876256,0.6972361809045227,0.8919597989949749,0.3111566018423746,0.8990105765950188,0.1,False,True,True,True
30,0.6592373791621912,0.89312567132116,0.9713375796178344,0.8949044585987261,0.0256849315068493,0.8715753424657534,0.9302106255894372,0.8899717070103741,0.0681399631675874,0.9005524861878453,0.7764550264550265,0.9074074074074074,0.2415768194070081,0.8938679245283019,0.1,False,True,True,True
31,0.7385550786838341,0.9001251788268956,0.9259140474663246,0.8935214881334188,0.0786885245901639,0.9163934426229507,0.948002536461636,0.8994927076727964,0.0627177700348432,0.9181184668989548,0.3745318352059925,0.9138576779026216,0.6829518278100444,0.8971643320806286,0.1,False,True,True,True
32,0.6290726817042607,0.9014500537056928,0.782650757820058,0.90809416317317,0.218298555377207,0.9020866773675762,0.8886043533930857,0.896606914212548,0.1116666666666666,0.8966666666666666,0.6452004860267315,0.9040097205346294,0.3760772147535333,0.8996897621509824,0.1,False,True,True,True
33,0.6397993910084184,0.9045316138276912,0.9526248399487836,0.8985275288092189,0.0334448160535117,0.9063545150501672,0.991425849476024,0.9133058113686884,0.0034904013961605,0.8952879581151832,0.8350383631713555,0.8861892583120204,0.1261904761904762,0.9078231292517008,0.1,False,True,True,True
34,0.6441877126992657,0.9082034748343184,0.8920655316415034,0.9090909090909092,0.1116584564860427,0.9080459770114944,0.9479034307496824,0.9110546378653112,0.0365853658536585,0.9146341463414634,0.7255871446229913,0.907292954264524,0.2595262615859938,0.9031925849639548,0.1,False,True,True,True
35,0.704031465093412,0.9018503620273532,0.9562160434643656,0.9095557686161712,0.0616666666666666,0.875,0.9378980891719744,0.9085987261146496,0.0577249575551782,0.9049235993208828,0.4919852034525277,0.8705302096177558,0.5034270047978067,0.8999314599040439,0.1,False,True,True,True
36,0.6497448294386248,0.9018712507834185,0.950485436893204,0.9019417475728156,0.0363349131121642,0.90521327014218,0.977207062600321,0.8908507223113965,0.0197368421052631,0.9292763157894736,0.8172043010752689,0.8972520908004779,0.193000693000693,0.9085239085239084,0.1,False,True,True,True
37,0.6252131000448632,0.8964558097801705,0.8724226804123711,0.9075386597938144,0.1194762684124386,0.8543371522094927,0.960127591706539,0.9094098883572568,0.05,0.8775862068965518,0.7928483353884094,0.8705302096177558,0.1738980716253443,0.890495867768595,0.1,False,True,True,True
38,0.6378446115288221,0.9042248478338704,0.9381410256410256,0.905448717948718,0.043046357615894,0.9188741721854304,0.9939605848696758,0.8909726636999364,0.0103806228373702,0.8996539792387543,0.8785166240409207,0.9143222506393862,0.119986403806934,0.9123045547246772,0.1,False,True,True,True
39,0.6712255296326093,0.8999731831590239,0.91029792746114,0.9034974093264247,0.0967238689547582,0.9001560062402496,0.91904,0.89472,0.086092715231788,0.9122516556291392,0.6,0.9180722891566264,0.4187650914108313,0.8941014142807865,0.1,False,True,True,True
40,0.6286431710160524,0.9060173975428212,0.994823681656422,0.9120025881591718,0.0031948881789137,0.8929712460063898,0.9190751445086706,0.8985228002569043,0.0796019900497512,0.913764510779436,0.920343137254902,0.920343137254902,0.0937607721475353,0.904860392967942,0.1,False,True,True,True
41,0.6330283458916398,0.9035701471115896,0.8595093978974195,0.9031538706594456,0.1611785095320624,0.9150779896013864,0.7752525252525253,0.8986742424242424,0.2244525547445255,0.8959854014598541,0.6129458388375165,0.906208718626156,0.4133153092260899,0.9077391010476512,0.1,False,True,True,True
42,0.6473585411638509,0.9040850987753642,0.8028488183878277,0.9044998381353188,0.221875,0.8953125,0.87232,0.89952,0.1374172185430463,0.902317880794702,0.5455650060753341,0.8894289185905225,0.4686854783207158,0.9150034411562284,0.1,False,True,True,True
43,0.6030978601486257,0.8940818336467007,0.7521641551779417,0.8897082398204553,0.2665562913907284,0.8956953642384106,0.7994287527768962,0.8997143763884481,0.243006993006993,0.9003496503496503,0.6390685640362225,0.8990944372574385,0.3650847457627119,0.8898305084745762,0.1,False,True,True,True
44,0.6476011457214464,0.9011815252416756,0.974630700064226,0.8943481053307643,0.0147540983606557,0.9131147540983606,0.9865814696485624,0.9057507987220448,0.0101010101010101,0.9124579124579124,0.847001223990208,0.8861689106487148,0.1393188854489164,0.9029927760577916,0.1,False,True,True,True
45,0.643656549377742,0.9075118631927656,0.9642286809326094,0.9083359948898116,0.0422297297297297,0.9121621621621622,0.9423750397962432,0.9025787965616046,0.0738831615120274,0.9192439862542956,0.8339670468948035,0.8922686945500634,0.1649625085207907,0.912747102931152,0.1,False,True,True,True
46,0.6211307926283771,0.9053497942386832,0.9064402435116948,0.900352451137456,0.0661157024793388,0.905785123966942,0.9697837150127226,0.9036259541984732,0.0292096219931271,0.9278350515463918,0.9330024813895782,0.9193548387096774,0.0876712328767123,0.9041095890410958,0.1,False,True,True,True
47,0.6527740432015775,0.8990768127632877,0.8304652644996813,0.8926067558954748,0.1944922547332186,0.9173838209982788,0.8623622047244095,0.8979527559055118,0.1323529411764706,0.8988970588235294,0.5542328042328042,0.9087301587301588,0.4505568680391495,0.901113736078299,0.1,False,True,True,True
48,0.6509045316138277,0.900322407307899,0.9530026109660574,0.9033942558746736,0.0486322188449848,0.8799392097264438,0.9096712416214492,0.8991382061921481,0.100169779286927,0.8896434634974533,0.7228915662650602,0.880722891566265,0.279045643153527,0.9107883817427386,0.1,False,True,True,True
49,0.6457214464733262,0.8950053705692803,0.881675727534378,0.8861528621682123,0.1038525963149078,0.9028475711892796,0.9494596312778132,0.9027336300063572,0.0657439446366782,0.9048442906574394,0.7240506329113924,0.8974683544303798,0.2719836400817996,0.8919563735514656,0.1,False,True,True,True
50,0.6038192576654116,0.9035323650708266,0.8687840872633943,0.8966955405838948,0.1131447587354409,0.9068219633943428,0.8258248730964467,0.8953045685279187,0.196113074204947,0.9275618374558304,0.8257575757575758,0.9356060606060606,0.2019822282980177,0.9056732740943269,0.1,False,True,True,True
51,0.6466953250940355,0.8919039942683146,0.9504504504504504,0.8822393822393823,0.0553745928338762,0.8990228013029316,0.8744823192099395,0.8993309971328448,0.1355060034305317,0.8936535162950258,0.7351485148514851,0.9108910891089108,0.2796842827728208,0.8870967741935484,0.1,False,True,True,True
52,0.6353353083759763,0.903582009157016,0.7859228024651314,0.9085306519623744,0.1936507936507936,0.8920634920634921,0.8488224061107574,0.9007001909611713,0.1418563922942206,0.9194395796847636,0.5073891625615764,0.916256157635468,0.4729403653912444,0.897276801103068,0.1,False,True,True,True
53,0.6482974910394266,0.9039426523297492,0.9432624113475178,0.8987749838813669,0.0550161812297734,0.9045307443365695,0.987531969309463,0.9101662404092072,0.0202702702702702,0.9070945945945946,0.8474784747847478,0.904059040590406,0.1668386652906776,0.9019607843137256,0.1,False,True,True,True
54,0.6178708926492972,0.9048258572835528,0.9974243399871217,0.8995492594977463,0.0016207455429497,0.8881685575364667,0.8466433343938912,0.90391345847916,0.1551724137931034,0.906896551724138,0.8667496886674969,0.9066002490660025,0.1215753424657534,0.9140410958904108,0.1,False,True,True,True
55,0.6195195999642825,0.9060630413429772,0.9218146718146718,0.9108751608751608,0.088,0.9152,0.9274528603387664,0.8926174496644296,0.0662251655629139,0.9271523178807948,0.8917589175891759,0.9077490774907748,0.1202054794520548,0.9085616438356164,0.1,False,True,True,True
56,0.6473222281927279,0.8935160308078094,0.9055807916937054,0.8951979234263465,0.0640625,0.8984375,0.9456521739130436,0.8909846547314578,0.0471380471380471,0.8872053872053872,0.706875753920386,0.8805790108564535,0.2848254407189768,0.8983753888696855,0.1,False,True,True,True
57,0.6295102515892201,0.8981108425105202,0.8532521627683435,0.8971483498878564,0.1428571428571428,0.9053156146179402,0.8975095785440613,0.9003831417624522,0.1032148900169204,0.8426395939086294,0.7053682896379525,0.898876404494382,0.2891854893908282,0.9062286105407256,0.1,False,True,True,True
58,0.6291812393507309,0.9022509192000716,0.8797549967762733,0.9078014184397164,0.1284552845528455,0.9089430894308944,0.903061224489796,0.8979591836734694,0.1049913941480206,0.9053356282271944,0.7774968394437421,0.8938053097345132,0.2392344497607655,0.9012303485987696,0.1,False,True,True,True
59,0.6655046035577009,0.9072137302225798,0.9512664315485732,0.907662712407823,0.0672131147540983,0.8836065573770492,0.9490667510281556,0.9000316355583676,0.0686619718309859,0.9154929577464788,0.7402269861286255,0.9369482976040352,0.2762261580381471,0.909741144414169,0.1,False,True,True,True
60,0.6361028950434705,0.9093842430760958,0.9482148600836282,0.9173367642328724,0.040983606557377,0.8950819672131147,0.981016731016731,0.9018661518661518,0.0261865793780687,0.9247135842880524,0.8810408921933085,0.9182156133828996,0.1195054945054945,0.90625,0.1,False,True,True,True
61,0.6646073954696033,0.8973050407377563,0.9624230644638808,0.892128279883382,0.0330188679245283,0.8569182389937107,0.9834658187599364,0.8972972972972973,0.0276816608996539,0.92560553633218,0.7396088019559902,0.908312958435208,0.246815834767642,0.9029259896729775,0.1,False,True,True,True
62,0.6211224672763135,0.9002151694459387,0.9191820837390458,0.907822135670237,0.0941915227629513,0.9058084772370488,0.984375,0.8915816326530612,0.0189003436426116,0.922680412371134,0.9079754601226994,0.8760736196319019,0.0682053048570444,0.9025146400275575,0.1,False,True,True,True
63,0.6281465555854161,0.9017289259159724,0.9355975648830503,0.8949054790131368,0.0516666666666666,0.8916666666666667,0.984192222573506,0.8988302244704395,0.007168458781362,0.899641577060932,0.9107142857142856,0.9158163265306124,0.0783112019067075,0.9107933265236636,0.1,False,True,True,True
64,0.6508277404921701,0.901744966442953,0.8600129617627997,0.899546338302009,0.1721439749608763,0.9029733959311425,0.8724702858978477,0.8965628011564407,0.1176470588235294,0.915032679738562,0.6160388821385177,0.9040097205346294,0.4183321847002068,0.9059269469331496,0.1,False,True,True,True
65,0.6600376242945445,0.8951894651975275,0.8211408314534322,0.8926844988720593,0.1909385113268608,0.8754045307443366,0.9325588899645046,0.8912552436269764,0.0562700964630225,0.8971061093247589,0.5335731414868106,0.8980815347721822,0.4613785936958781,0.9050917907862832,0.1,False,True,True,True
66,0.6792942862260434,0.9030986924592512,0.9123086734693876,0.8973214285714286,0.0887372013651877,0.924914675767918,0.8793873643905552,0.908423739629866,0.1292517006802721,0.91156462585034,0.4721189591078067,0.8909541511771994,0.5005145797598628,0.9008576329331046,0.1,False,True,True,True
67,0.6296594982078854,0.899641577060932,0.7909677419354839,0.9116129032258063,0.2290322580645161,0.9129032258064516,0.8289389067524116,0.9,0.1852459016393442,0.8655737704918033,0.5703794369645043,0.8837209302325582,0.4395452979676197,0.8952807440578712,0.1,False,True,True,True
68,0.6256272401433691,0.9002688172043011,0.830042084817093,0.9038523794108124,0.1759112519809825,0.901743264659271,0.8150048092337288,0.9050977877524848,0.1980033277870216,0.8718801996672213,0.6074429771908764,0.9027611044417768,0.3948735711811569,0.8960859023207481,0.1,False,True,True,True
69,0.6352572706935123,0.9041610738255034,0.9510058403634004,0.899415963659961,0.0357698289269051,0.91601866251944,0.9875875238701464,0.9299809038828772,0.0171526586620926,0.8747855917667239,0.8906439854191981,0.8736330498177399,0.1030323914541695,0.8931771192281185,0.1,False,True,True,True
70,0.6695402298850575,0.9008620689655172,0.929700096742986,0.9071267333118348,0.0801963993453355,0.9198036006546644,0.8710912571793236,0.9033184428844928,0.1349480968858131,0.8633217993079585,0.5433168316831684,0.8861386138613861,0.4397382920110192,0.8991046831955923,0.1,False,True,True,True
71,0.6381950040290089,0.9041095890410958,0.7976804123711341,0.8959407216494846,0.1906300484652665,0.8852988691437803,0.8826886493341788,0.9169308814204186,0.1265377855887522,0.8717047451669596,0.5588599752168525,0.895910780669145,0.4207818930041152,0.911522633744856,0.1,False,True,True,True
72,0.6541286046928175,0.8927100125380619,0.908675799086758,0.8900848010437051,0.1006097560975609,0.8917682926829268,0.95445798588839,0.8986529826812059,0.0314569536423841,0.8890728476821192,0.7324613555291319,0.915576694411415,0.2919125303713988,0.8833738285317598,0.1,False,True,True,True
73,0.6408810099382218,0.8963201719043782,0.8472446019980664,0.8988076055430229,0.1709677419354838,0.9080645161290324,0.9020602218700476,0.8881141045958796,0.0774647887323943,0.9049295774647887,0.6575,0.91375,0.3445090660280533,0.8936024632227164,0.1,False,True,True,True
74,0.6448983248230762,0.8935769954313356,0.9691858579305872,0.8929614012325657,0.0282131661442006,0.890282131661442,0.9610721123165284,0.9087428206764518,0.0306643952299829,0.9028960817717206,0.8390243902439024,0.8890243902439025,0.1637366425370562,0.8779731127197518,0.1,False,True,True,True
75,0.6183691756272401,0.8969534050179212,0.8390841663979361,0.9000322476620445,0.1809369951534733,0.9079159935379644,0.839568801521877,0.8896639188332276,0.1501766784452297,0.911660777385159,0.6922110552763819,0.8932160804020101,0.3088235294117647,0.8974008207934336,0.1,False,True,True,True
76,0.6382616487455197,0.9006272401433691,0.9221113614419054,0.8963630511747667,0.065252854812398,0.8955954323001631,0.9752380952380952,0.8993650793650794,0.0122807017543859,0.9,0.8463476070528967,0.9080604534005038,0.1596035543403964,0.9056732740943269,0.1,False,True,True,True
77,0.6301271717714491,0.9032778076303064,0.8915275994865212,0.9069319640564828,0.1138613861386138,0.8993399339933993,0.8864864864864865,0.8985691573926868,0.1057192374350086,0.902946273830156,0.7194968553459119,0.9056603773584906,0.2623846942261701,0.9046805603006493,0.1,False,True,True,True
78,0.6331901181525241,0.9005549588256355,0.7989707301383081,0.9086522997748472,0.208130081300813,0.8910569105691057,0.8255739795918368,0.9005102040816326,0.1598639455782313,0.9047619047619048,0.5170316301703163,0.889294403892944,0.4665747760165403,0.8962784286698828,0.1,False,True,True,True
79,0.6520648571172624,0.9041476305652604,0.9147011308562196,0.9117932148626816,0.0814696485623003,0.915335463258786,0.8979460847240052,0.9014762516046212,0.0958677685950413,0.9041322314049588,0.6438026474127557,0.8892900120336944,0.3480968858131488,0.9006920415224914,0.1,False,True,True,True
80,0.6422108752127564,0.9028934874137776,0.8617260186076355,0.8954122553737568,0.1357615894039735,0.8973509933774835,0.8334934357989113,0.9061799551713096,0.1538461538461538,0.903010033444816,0.5326633165829145,0.9170854271356784,0.4382905982905983,0.9046153846153846,0.1,False,True,True,True
81,0.6615618842915995,0.9052480745119112,0.8469648562300319,0.9063897763578276,0.1807432432432432,0.9003378378378378,0.8623211446740858,0.9058823529411764,0.1421143847487001,0.8994800693240901,0.5460277427490542,0.8827238335435057,0.4786616592693752,0.9115739160122908,0.1,False,True,True,True
82,0.6198547215496368,0.9031476997578692,0.8109756097560976,0.8995507060333762,0.1647254575707154,0.8535773710482529,0.8721973094170403,0.9077514413837284,0.146218487394958,0.8890756302521008,0.6521197007481296,0.917705735660848,0.3269296740994854,0.9111492281303604,0.1,False,True,True,True
83,0.634417271342829,0.9044163755262922,0.9265936896329684,0.9082421120412104,0.08130081300813,0.8991869918699187,0.9678548695098664,0.8981540420114577,0.0466321243523316,0.9015544041450776,0.8745294855708908,0.8933500627352572,0.1330369357045143,0.9117647058823528,0.1,False,True,True,True
84,0.6341682377233144,0.9028638118323008,0.8855011352578657,0.8952319169639961,0.1222222222222222,0.9142857142857144,0.9664516129032258,0.895483870967742,0.032626427406199,0.8923327895595432,0.8029197080291971,0.916058394160584,0.2009685230024213,0.9149083362158422,0.1,False,True,True,True
85,0.657614053957157,0.9015864479698844,0.9297052154195012,0.9008746355685132,0.0791139240506329,0.8971518987341772,0.9423881557772772,0.8966849050531059,0.0473856209150326,0.9117647058823528,0.6549636803874092,0.9055690072639224,0.317663325267888,0.9052886277220878,0.1,False,True,True,True
86,0.607110872290883,0.9014866559197564,0.8554950336430631,0.8961871195129766,0.1331114808652246,0.9201331114808652,0.8431622569333759,0.9050047816385082,0.1452991452991453,0.8871794871794871,0.7309644670050761,0.8934010152284264,0.2464212678936605,0.9045671438309476,0.1,False,True,True,True
87,0.6326001430615165,0.8981580829756796,0.804333970681963,0.908540471637986,0.1847457627118644,0.9,0.8003796267004113,0.89022461246441,0.1922398589065255,0.8941798941798942,0.5038461538461538,0.8897435897435897,0.4782903663500678,0.898236092265943,0.1,False,True,True,True
88,0.6632607331719996,0.89719458635834,0.8525703200775946,0.901390236016812,0.1469648562300319,0.9137380191693292,0.8738451736221726,0.8980567059573112,0.1448275862068965,0.8948275862068965,0.5263803680981595,0.898159509202454,0.4872589531680441,0.8884297520661157,0.1,False,True,True,True
89,0.6386577181208054,0.9004026845637584,0.94909793814433,0.8946520618556701,0.0418679549114331,0.9066022544283414,0.9301365512861226,0.9053667831057478,0.0572916666666666,0.9045138888888888,0.8172715894868585,0.902377972465582,0.18796992481203,0.8984962406015038,0.1,False,True,True,True
90,0.6336553945249598,0.9034711039541956,0.9653833710773212,0.904885150436752,0.0330708661417322,0.8992125984251969,0.9723546234509056,0.9024467747060692,0.0276338514680483,0.9101899827288428,0.9136868064118372,0.9149198520345252,0.0895368782161235,0.8994854202401372,0.1,False,True,True,True
91,0.6385908440629471,0.9025393419170245,0.843960269144505,0.9093239346363344,0.1647446457990115,0.8830313014827018,0.857232902615821,0.8982035928143712,0.1423423423423423,0.9045045045045044,0.6547770700636942,0.8980891719745223,0.3720693170234455,0.9048589874277948,0.1,False,True,True,True
92,0.6350188273265196,0.8925945849022772,0.8360128617363344,0.887459807073955,0.15625,0.8881578947368421,0.9181847235538512,0.8929370405880473,0.1035653650254669,0.8998302207130731,0.6736453201970444,0.9039408866995072,0.3121128699242945,0.8940123881624226,0.1,False,True,True,True
93,0.6500179018976011,0.9002864303616184,0.9240587109125716,0.8994894703254627,0.0847457627118644,0.8915254237288136,0.9704216488357458,0.8996224040276903,0.0384615384615384,0.9212454212454212,0.8098318240620958,0.9016817593790428,0.198237885462555,0.8993561504574721,0.1,False,True,True,True
94,0.6792013609096607,0.8922911630405587,0.919391388798964,0.89025574619618,0.0630914826498422,0.9069400630914828,0.9355562680346264,0.887143315165117,0.0496688741721854,0.9155629139072848,0.5357575757575758,0.9066666666666666,0.4541062801932367,0.8878536922015183,0.1,False,True,True,True
95,0.6392020039363034,0.9002504920379316,0.8965740142210731,0.8959276018099548,0.0949367088607595,0.9319620253164556,0.9891165172855314,0.8918053777208707,0.0083056478405315,0.9119601328903656,0.824390243902439,0.902439024390244,0.1858224363386098,0.9039917412250515,0.1,False,True,True,True
96,0.6231767337807607,0.8934228187919463,0.82624,0.88992,0.1616666666666666,0.8883333333333333,0.8015170670037927,0.8934892541087232,0.2032085561497326,0.8877005347593583,0.6274007682458387,0.8860435339308579,0.3889266304347826,0.9011548913043478,0.1,False,True,True,True
97,0.632859314909221,0.90349700384581,0.8894634776987718,0.9023917259211376,0.1200631911532385,0.909952606635071,0.8647096362476069,0.8959795788130185,0.133220910623946,0.9055649241146712,0.6791314837153196,0.919179734620024,0.3091787439613526,0.9064872325741892,0.1,False,True,True,True
98,0.6429019818850328,0.901085104474935,0.9439252336448598,0.8942958427328392,0.0374592833876221,0.9087947882736156,0.9862488007675088,0.9031020147105852,0.011864406779661,0.9084745762711864,0.8437884378843789,0.911439114391144,0.1515151515151515,0.900137741046832,0.1,False,True,True,True
99,0.6174863387978142,0.9019080892233272,0.780715898097388,0.9026120606256046,0.2161290322580645,0.9290322580645162,0.9709358032577452,0.898754391568189,0.0271186440677966,0.9152542372881356,0.7688504326328801,0.896168108776267,0.2266483516483516,0.8976648351648352,0.1,False,True,True,True
0,0.6421542315262122,0.9014134907854716,0.9733506662333442,0.9012024699382516,0.036979969183359,0.8906009244992296,0.9582542694497154,0.9029095509171412,0.0407801418439716,0.9131205673758864,0.8415094339622642,0.8981132075471698,0.1490958717161378,0.9010576595018764,0.1,False,True,False,True
1,0.6141950478233664,0.896576383302047,0.8322104587744626,0.9072826435675329,0.1650326797385621,0.8954248366013072,0.9276729559748428,0.890251572327044,0.0801457194899817,0.8961748633879781,0.8343949044585988,0.9019108280254776,0.179008152173913,0.8909646739130435,0.1,False,True,False,True
2,0.6223895312359954,0.8990768127632877,0.84512,0.89472,0.143097643097643,0.8973063973063973,0.914618777567738,0.9057971014492754,0.0788990825688073,0.8990825688073395,0.7787839586028461,0.9223803363518758,0.2274270196877121,0.8906992532247114,0.1,False,True,False,True
3,0.643746082908049,0.8918434953890232,0.8262835001614466,0.8915079108814983,0.1549520766773162,0.8833865814696485,0.850431447746884,0.8996484499840205,0.1531986531986532,0.8821548821548821,0.5677655677655677,0.9084249084249084,0.4535123966942149,0.8829201101928374,0.1,False,True,False,True
4,0.6485954553587404,0.9054392556808016,0.9454953510740622,0.9025328630971464,0.0395387149917627,0.9225700164744646,0.9698316926008256,0.906954588758336,0.0277296360485268,0.8977469670710572,0.8396946564885496,0.9045801526717556,0.1860544217687074,0.9051020408163264,0.1,False,True,False,True
5,0.6238696391798728,0.8996329125257408,0.7928823340814364,0.8983648605322219,0.2119205298013245,0.9072847682119204,0.8829377806286081,0.8960872354073124,0.1157024793388429,0.9008264462809916,0.6609756097560976,0.8878048780487805,0.345160179125043,0.9063038236307268,0.1,False,True,False,True
6,0.630843632455669,0.8978147949131291,0.8063279002876318,0.8993288590604027,0.163575042158516,0.915682967959528,0.8819400127632419,0.8908742820676452,0.1122448979591836,0.9047619047619048,0.6090322580645161,0.904516129032258,0.3807261621988463,0.8968442483881914,0.1,False,True,False,True
7,0.6559139784946236,0.9061827956989248,0.9837372448979592,0.9231505102040816,0.0342465753424657,0.886986301369863,0.951803383338653,0.9013724864347272,0.0425894378194207,0.8909710391822828,0.797940797940798,0.8983268983268984,0.199796126401631,0.9021406727828746,0.1,False,True,False,True
8,0.6274615109201576,0.8930361618331543,0.9466453674121406,0.8980830670926517,0.0538720538720538,0.8838383838383839,0.9145996860282576,0.8919937205651491,0.072356215213358,0.8961038961038961,0.8415584415584415,0.8792207792207792,0.1404874746106973,0.8937034529451591,0.1,False,True,False,True
9,0.6325452265806913,0.9009493104065914,0.8433194488945851,0.899711630887536,0.1414309484193011,0.8985024958402662,0.9244444444444444,0.9038095238095238,0.0804195804195804,0.8741258741258742,0.7672090112640801,0.9136420525657072,0.2651385562777968,0.9014710913445092,0.1,False,True,False,True
10,0.6351896690879741,0.9049412608734644,0.8738332796910203,0.909237206308336,0.1442622950819672,0.9114754098360656,0.9165073295092416,0.9037603569152326,0.082901554404145,0.8860103626943006,0.7568238213399504,0.8995037220843672,0.2562693232566128,0.9055307454482996,0.1,False,True,False,True
11,0.6274193548387097,0.9059139784946236,0.8756393861892583,0.9044117647058824,0.1131756756756756,0.9087837837837838,0.8646260650047334,0.9097507100031555,0.1415607985480943,0.9056261343012704,0.712258064516129,0.8851612903225806,0.2804753820033956,0.9083191850594228,0.1,False,True,False,True
12,0.6088984571223538,0.9029422317904556,0.8416963418582065,0.9112981547426352,0.1451355661881977,0.8851674641148325,0.9291008701256848,0.9046084434418304,0.0799347471451876,0.8972267536704731,0.8229665071770335,0.8899521531100478,0.165625,0.9010416666666666,0.1,False,True,False,True
13,0.6295600858369099,0.8922567954220315,0.8608779857972886,0.8795997417688831,0.1142857142857142,0.8920634920634921,0.928433889602054,0.8998716302952503,0.0947712418300653,0.9068627450980392,0.7787182587666264,0.9044740024183796,0.2437090658393657,0.8910720441227163,0.1,False,True,False,True
14,0.6254489942528736,0.8979885057471264,0.818907697221335,0.8965186841264772,0.1841652323580034,0.8950086058519794,0.8910702976567447,0.8980367321089296,0.095667870036101,0.8971119133574007,0.7356770833333334,0.9166666666666666,0.2927989130434782,0.8953804347826086,0.1,False,True,False,True
15,0.6181264553107648,0.8902024001432921,0.8132686084142395,0.8877022653721682,0.170886075949367,0.8575949367088608,0.8573248407643312,0.9031847133757962,0.1529209621993127,0.8951890034364262,0.6034271725826194,0.8873929008567931,0.3466437177280551,0.8857142857142857,0.1,False,True,False,True
16,0.6266344259358768,0.9024717893605588,0.8698149329929802,0.8978940650925336,0.1360544217687075,0.9268707482993196,0.8946700507614214,0.901015228426396,0.1122807017543859,0.9175438596491228,0.8191082802547771,0.9159235668789808,0.2260810350697991,0.8975144705481785,0.1,False,True,False,True
17,0.6353858564130143,0.8946849511517433,0.8034962771123341,0.8938167691809648,0.2269841269841269,0.9063492063492063,0.8304167992363983,0.8860960865415208,0.1736111111111111,0.9149305555555556,0.6027060270602707,0.9200492004920048,0.4349621472814866,0.8912594631796283,0.1,False,True,False,True
18,0.6496324188631881,0.8964497041420119,0.8876834716017868,0.9001276324186344,0.0941780821917808,0.8784246575342466,0.9709687598611548,0.8977595455979804,0.0309653916211293,0.8979963570127505,0.765399737876802,0.8990825688073395,0.2473773265651438,0.8937394247038917,0.1,False,True,False,True
19,0.6026329930145083,0.8986208131828766,0.9568715803025426,0.8902478274863213,0.0276422764227642,0.9121951219512195,0.8116677235256817,0.9004438807863031,0.1830985915492957,0.8873239436619719,0.8675914249684742,0.9155107187894072,0.1321270058040286,0.900307272106521,0.1,False,True,False,True
20,0.6269819940876109,0.8969810982710741,0.8103670315518352,0.9001931745009659,0.1674796747967479,0.9089430894308944,0.8409815168897387,0.8986615678776291,0.1355060034305317,0.8867924528301887,0.5782983970406905,0.8939580764488286,0.4096219931271477,0.8920962199312715,0.1,False,True,False,True
21,0.6160258133906964,0.8935197633772519,0.8541868735855157,0.891044293566117,0.1485623003194888,0.9009584664536742,0.8433312061263561,0.9029993618379069,0.1487179487179487,0.8683760683760684,0.6765799256505576,0.8897149938042132,0.2960164835164835,0.8904532967032966,0.1,False,True,False,True
22,0.6588751567257747,0.9048002865842736,0.773840206185567,0.9120489690721648,0.2297734627831715,0.912621359223301,0.8943639291465378,0.9011272141706924,0.0923824959481361,0.8914100486223663,0.4235860409145607,0.8772563176895307,0.5627810446212383,0.9100657212037356,0.1,False,True,False,True
23,0.6263736263736264,0.9026177074957564,0.8700673724735323,0.9050368944497916,0.1319218241042345,0.9006514657980456,0.983147853736089,0.90302066772655,0.030716723549488,0.9215017064846416,0.8501259445843828,0.8967254408060453,0.1474293496765407,0.8978549540347294,0.1,False,True,False,True
24,0.6241382397707942,0.902497985495568,0.7981266149870802,0.8927648578811369,0.1850079744816587,0.8724082934609251,0.8528470889315419,0.9046705054382598,0.1725293132328308,0.9212730318257956,0.6533816425120773,0.9082125603864736,0.3709844559585492,0.9115716753022453,0.1,False,True,False,True
25,0.6878804153240243,0.9015395631936984,0.948486799742434,0.9047005795235028,0.0598705501618122,0.8754045307443366,0.9686900958466452,0.8996805111821087,0.0303030303030303,0.898989898989899,0.6051660516605166,0.9102091020910208,0.3984884919271728,0.9038131226382686,0.1,False,True,False,True
26,0.6254591059750964,0.9070142434829348,0.9033203125,0.9098307291666666,0.1078582434514637,0.8967642526964561,0.8852988691437803,0.9037156704361874,0.1182108626198083,0.9185303514376996,0.7701564380264742,0.8868832731648616,0.2363321799307958,0.9131487889273356,0.1,False,True,False,True
27,0.6238466362089045,0.898862312998298,0.848,0.89536,0.1392617449664429,0.8976510067114094,0.8656338918748024,0.9016756244072084,0.1003584229390681,0.8924731182795699,0.6609724047306176,0.8896189224704336,0.3155405405405405,0.9033783783783784,0.1,False,True,False,True
28,0.6683687180865359,0.8993102212666846,0.9098865478119936,0.907293354943274,0.0896226415094339,0.9135220125786164,0.8278166772756206,0.8863781031190324,0.1796200345423143,0.9136442141623488,0.5490683229813664,0.9031055900621118,0.4972565157750342,0.8978052126200274,0.1,False,True,False,True
29,0.6376889365888561,0.9069850639477686,0.8702995538559593,0.9069471000637348,0.1239388794567062,0.8998302207130731,0.9217002237136466,0.9066794503036114,0.0869565217391304,0.9264214046822744,0.7562814070351759,0.8957286432160804,0.2688502217673149,0.9078812691914022,0.1,False,True,False,True
30,0.6284461152882206,0.8963480128893663,0.9856687898089171,0.8920382165605095,0.011986301369863,0.9006849315068494,0.9654196793461176,0.8956303049355548,0.0313075506445672,0.9208103130755064,0.958994708994709,0.9034391534391536,0.0357142857142857,0.8945417789757413,0.1,False,True,False,True
31,0.7100321888412017,0.9038805436337624,0.9137267479153304,0.9066709429121232,0.0967213114754098,0.8967213114754098,0.9438807863031072,0.904565630944832,0.0749128919860627,0.9250871080139372,0.4731585518102372,0.8938826466916354,0.5582507687051589,0.9002391527160916,0.1,False,True,False,True
32,0.6322950232724669,0.901002506265664,0.8203805224121251,0.909061593034505,0.1556982343499197,0.9117174959871588,0.9151728553137004,0.8969270166453265,0.07,0.89,0.6537059538274606,0.9027946537059538,0.3391933815925543,0.896242674939676,0.1,False,True,False,True
33,0.6415009851334408,0.9011284255776464,0.9599871959026888,0.9078104993597952,0.0451505016722408,0.9147157190635452,0.9892029215624007,0.9072721498888536,0.019197207678883,0.900523560209424,0.8478260869565217,0.8785166240409207,0.1183673469387755,0.8908163265306123,0.1,False,True,False,True
34,0.6216192011463371,0.9052480745119112,0.7828461291358818,0.9007388371345968,0.2085385878489326,0.9310344827586208,0.8843710292249047,0.9053367217280812,0.0993031358885017,0.8989547038327527,0.6798516687268232,0.9196538936959208,0.338482663920357,0.9018194301407484,0.1,False,True,False,True
35,0.6478948779833735,0.8948779833735586,0.9351230425055927,0.887823585810163,0.055,0.9116666666666666,0.9764331210191084,0.893312101910828,0.0237691001697792,0.8947368421052632,0.7940813810110974,0.9013563501849567,0.1936257710760795,0.8989033584647018,0.1,False,True,False,True
36,0.6173336914674545,0.9017817172531112,0.9310679611650484,0.898705501618123,0.0552922590837282,0.90521327014218,0.9791332263242376,0.9030497592295346,0.0148026315789473,0.912828947368421,0.9438470728793308,0.8841099163679809,0.0464310464310464,0.9057519057519058,0.1,False,True,False,True
37,0.6251233737101839,0.9039928218932256,0.903028350515464,0.9056056701030928,0.1080196399345335,0.867430441898527,0.9250398724082934,0.9135566188197768,0.0879310344827586,0.8827586206896552,0.8113440197287299,0.87422934648582,0.1683884297520661,0.912190082644628,0.1,False,True,False,True
38,0.6435732187611887,0.8995703544575725,0.9455128205128204,0.9012820512820512,0.0629139072847682,0.8758278145695364,0.9993642720915448,0.898283534647171,0.0017301038062283,0.9083044982698962,0.8849104859335039,0.9002557544757033,0.1240652617267165,0.902107409925221,0.1,False,True,False,True
39,0.6450344149459194,0.9047108250648074,0.907059585492228,0.905440414507772,0.0842433697347894,0.9126365054602184,0.91744,0.89984,0.0827814569536423,0.9238410596026492,0.7325301204819277,0.9265060240963856,0.2883753018282166,0.8972059330803726,0.1,False,True,False,True
40,0.6506142946820913,0.9045825486503452,0.8751213199611776,0.9022969912649628,0.1293929712460063,0.9137380191693292,0.8673731535003212,0.899165061014772,0.154228855721393,0.9320066334991708,0.6078431372549019,0.9129901960784312,0.40641158221303,0.9027921406411582,0.1,False,True,False,True
41,0.625313957660567,0.9010584858270542,0.8397578846766486,0.8983752787511946,0.1559792027729636,0.9133448873483536,0.930239898989899,0.9125631313131312,0.0547445255474452,0.8868613138686131,0.7833553500660502,0.8903566710700133,0.2281176072997634,0.8945589726258871,0.1,False,True,False,True
42,0.6326092786269777,0.8925538571556271,0.8358692133376497,0.8986727096147621,0.15625,0.890625,0.89664,0.88672,0.1026490066225165,0.8526490066225165,0.6257594167679222,0.8942891859052248,0.3496214728148658,0.9005505849965588,0.1,False,True,False,True
43,0.619482496194825,0.8988271107529769,0.8839371593459442,0.8970823982045527,0.1291390728476821,0.8990066225165563,0.9184385909235164,0.8949539828625833,0.0839160839160839,0.8846153846153846,0.7904269081500647,0.8990944372574385,0.18,0.907457627118644,0.1,False,True,False,True
44,0.632563551736484,0.9042248478338704,0.97495183044316,0.8972382787411689,0.0245901639344262,0.918032786885246,0.984664536741214,0.9054313099041532,0.0185185185185185,0.9208754208754208,0.9339045287637698,0.9008567931456548,0.0550395596835225,0.9050567595459236,0.1,False,True,False,True
45,0.634792729877339,0.8999910466469693,0.9520919833918876,0.8920472692430533,0.0557432432432432,0.9054054054054054,0.9512893982808024,0.9057624960203756,0.0824742268041237,0.929553264604811,0.8669201520912547,0.8846641318124208,0.1213360599863667,0.8994546693933198,0.1,False,True,False,True
46,0.6267668634818393,0.9044551798174988,0.9464915091316886,0.9019545017622556,0.0495867768595041,0.91900826446281,0.9529262086513997,0.9026717557251908,0.0257731958762886,0.929553264604811,0.9193548387096774,0.9181141439205956,0.0924657534246575,0.8972602739726028,0.1,False,True,False,True
47,0.6568073854978937,0.8986286636192525,0.8365200764818356,0.9002549394518802,0.1962134251290878,0.8898450946643718,0.8724409448818897,0.8929133858267716,0.1102941176470588,0.9117647058823528,0.6164021164021164,0.9193121693121692,0.4363820452244347,0.8970637867026662,0.1,False,True,False,True
48,0.6261866380082393,0.9000537345513165,0.8162532637075718,0.8991514360313316,0.182370820668693,0.9088145896656536,0.8748803064155761,0.9045643153526972,0.1256366723259762,0.8692699490662139,0.6445783132530121,0.8783132530120482,0.3530428769017981,0.9066390041493776,0.1,False,True,False,True
49,0.6492123165055496,0.8904403866809882,0.9344419571474256,0.8909497921330348,0.0552763819095477,0.917922948073702,0.9383343928798474,0.8941513032422124,0.0709342560553633,0.8858131487889274,0.7544303797468355,0.9,0.2416496250852079,0.8786639400136332,0.1,False,True,False,True
50,0.6085709162632239,0.9009324009324008,0.8992621110041706,0.8970163618864293,0.0898502495840266,0.9151414309484192,0.8483502538071066,0.8921319796954315,0.1607773851590106,0.9187279151943464,0.8472222222222222,0.9356060606060606,0.169172932330827,0.898838004101162,0.1,False,True,False,True
51,0.6293211535017016,0.8971878918144367,0.9356499356499356,0.9002574002574003,0.0781758957654723,0.8859934853420195,0.8633322714240204,0.8881809493469258,0.1406518010291595,0.9176672384219554,0.7858910891089109,0.915841584158416,0.2210020590253946,0.8967055593685656,0.1,False,True,False,True
52,0.6332704910674207,0.892719274620702,0.784625364904314,0.8968537139150179,0.2015873015873016,0.8984126984126984,0.8653723742838956,0.8962444302991726,0.1225919439579684,0.8791593695271454,0.5258620689655172,0.8842364532019704,0.4453636677007928,0.8883143743536711,0.1,False,True,False,True
53,0.6417562724014337,0.9032258064516128,0.9284332688588008,0.9058671824629272,0.0776699029126213,0.9077669902912622,0.9865728900255756,0.8973785166240409,0.0135135135135135,0.9222972972972971,0.8290282902829028,0.8991389913899139,0.1603027175782593,0.9029927760577916,0.1,False,True,False,True
54,0.6306741874832125,0.8971259736771421,0.9307791371538956,0.8966516419832582,0.0567260940032414,0.893030794165316,0.9382755329303214,0.895641107222399,0.0448275862068965,0.8982758620689655,0.8530510585305106,0.8978829389788294,0.1568493150684931,0.8996575342465754,0.1,False,True,False,True
55,0.6173765514778106,0.9065095097776588,0.9343629343629344,0.9073359073359072,0.088,0.92,0.908596995845318,0.9022051773729626,0.0910596026490066,0.9155629139072848,0.897908979089791,0.9175891758917588,0.111986301369863,0.9023972602739726,0.1,False,True,False,True
56,0.6360379724162637,0.8944116066630844,0.8932511356262167,0.8896820246593121,0.0828125,0.909375,0.9491687979539642,0.889386189258312,0.0505050505050505,0.914141414141414,0.7720144752714113,0.9107358262967432,0.2270998963014172,0.8928447977877636,0.1,False,True,False,True
57,0.6235115050586445,0.8982899095711344,0.9009932713873758,0.9038769625120152,0.0880398671096345,0.915282392026578,0.9141123882503192,0.8978288633461047,0.0795262267343485,0.868020304568528,0.8377028714107366,0.8913857677902621,0.1772758384668035,0.8973305954825462,0.1,False,True,False,True
58,0.6151914626490897,0.901802528921173,0.8836234687298518,0.908768536428111,0.1040650406504065,0.8975609756097561,0.9132653061224488,0.9008290816326532,0.1049913941480206,0.8760757314974182,0.8053097345132744,0.9127686472819216,0.1684894053315106,0.8984962406015038,0.1,False,True,False,True
59,0.6375256994726022,0.9063198355233754,0.9163193331195896,0.9121513305546648,0.0754098360655737,0.8852459016393442,0.915533059158494,0.8984498576399873,0.0880281690140845,0.903169014084507,0.7742749054224464,0.9255989911727616,0.2282016348773842,0.9083787465940054,0.1,False,True,False,True
60,0.6251680559290131,0.9123420274267277,0.843036346091991,0.9038275972981666,0.1573770491803278,0.9229508196721312,0.9330759330759332,0.9111969111969112,0.0589198036006546,0.911620294599018,0.7868649318463445,0.9268897149938042,0.2359203296703296,0.9165521978021978,0.1,False,True,False,True
61,0.6282567821649208,0.8951562360103859,0.9484936831875608,0.8843537414965986,0.0455974842767295,0.8805031446540881,0.967885532591415,0.9011128775834658,0.0501730103806228,0.9083044982698962,0.930317848410758,0.9242053789731052,0.0777969018932874,0.8925989672977624,0.1,False,True,False,True
62,0.6223776223776224,0.8916980455441994,0.931515741642324,0.896137617656605,0.075353218210361,0.9042386185243328,0.9764030612244898,0.8816964285714286,0.0189003436426116,0.9072164948453608,0.9386503067484664,0.894478527607362,0.0640716500172235,0.8911470892180503,0.1,False,True,False,True
63,0.6386276090656634,0.8958165367732689,0.949375200256328,0.887215636014098,0.0483333333333333,0.8966666666666666,0.9807145115396776,0.8963009800822005,0.0197132616487455,0.9229390681003584,0.8788265306122449,0.8877551020408163,0.1140619679945522,0.9012597889002384,0.1,False,True,False,True
64,0.6441163310961968,0.8992393736017897,0.8282566429034348,0.8969539857420609,0.1768388106416275,0.8967136150234741,0.8467716029553486,0.9090909090909092,0.1584967320261437,0.9101307189542484,0.5722964763061968,0.913730255164034,0.4565816678152998,0.8852515506547208,0.1,False,True,False,True
65,0.6303860969273493,0.9037893039505508,0.8488559458588463,0.9010634869481148,0.1521035598705501,0.8948220064724919,0.9457889641819942,0.9119070667957404,0.040192926045016,0.8987138263665595,0.7050359712230215,0.8800959232613909,0.2649809490820921,0.9078628333910634,0.1,False,True,False,True
66,0.6543972774494,0.9065914382948236,0.9036989795918368,0.9081632653061223,0.1040955631399317,0.8959044368600683,0.8723675813656668,0.9039566049776644,0.141156462585034,0.9166666666666666,0.6703841387856257,0.909541511771995,0.3615780445969125,0.907032590051458,0.1,False,True,False,True
67,0.6238351254480287,0.9003584229390681,0.8716129032258064,0.9035483870967742,0.1354838709677419,0.9096774193548388,0.9244372990353698,0.9025723472668812,0.0540983606557377,0.8967213114754098,0.7772337821297429,0.8935128518971848,0.2180502928005511,0.8952807440578712,0.1,False,True,False,True
68,0.6231182795698925,0.9030465949820788,0.8015539009388152,0.90870831984461,0.2044374009508716,0.8874801901743264,0.7964091054825264,0.9095864058993268,0.2046589018302828,0.8552412645590682,0.5654261704681873,0.8991596638655462,0.4402493938344302,0.9043990301350884,0.1,False,True,False,True
69,0.6338255033557046,0.9041610738255034,0.945165476963011,0.8990914990266061,0.0482115085536547,0.9082426127527216,0.972310630171865,0.9099299809038828,0.039451114922813,0.8970840480274442,0.9125151883353584,0.9003645200486027,0.1068228807718814,0.904893177119228,0.1,False,True,False,True
70,0.642510775862069,0.9028376436781608,0.9155111254434054,0.9122863592389552,0.1096563011456628,0.9148936170212766,0.845564773452457,0.904594767070836,0.1626297577854671,0.8771626297577855,0.6608910891089109,0.8638613861386139,0.334366391184573,0.9042699724517906,0.1,False,True,False,True
71,0.6307637210135195,0.9075118631927656,0.8070231958762887,0.9081829896907216,0.1890145395799677,0.8739903069466882,0.8972733037412809,0.910589727330374,0.1212653778558875,0.9173989455184536,0.711276332094176,0.8909541511771994,0.3257887517146776,0.9132373113854596,0.1,False,True,False,True
72,0.6331721296793839,0.8898441698011822,0.92204827136334,0.8855185909980431,0.0670731707317073,0.8948170731707317,0.9457985888389994,0.8938422065426556,0.0513245033112582,0.890728476821192,0.8252080856123662,0.9048751486325802,0.1822283929191253,0.8844151336341548,0.1,False,True,False,True
73,0.615095353209777,0.9018712507834185,0.8095391556558169,0.9197550757331616,0.2241935483870967,0.9112903225806452,0.8047543581616482,0.8916006339144216,0.1795774647887324,0.8961267605633803,0.655,0.9125,0.3605884365378036,0.8901813205610674,0.1,False,True,False,True
74,0.6389859356803727,0.8993998029203619,0.9789166396367176,0.8952319169639961,0.0094043887147335,0.9012539184952978,0.969687300574346,0.9023611997447352,0.0289608177172061,0.909710391822828,0.8304878048780487,0.8902439024390244,0.1282316442605998,0.9007238883143744,0.1,False,True,False,True
75,0.6172043010752688,0.8894265232974911,0.9677523379554982,0.891002902289584,0.0290791599353796,0.9208400646203554,0.9140773620798984,0.8804692454026632,0.0848056537102473,0.8833922261484098,0.9409547738693468,0.8907035175879398,0.0646374829001368,0.8915868673050615,0.1,False,True,False,True
76,0.6528673835125448,0.8931003584229391,0.9452848406823302,0.8957193434180882,0.0505709624796084,0.8955954323001631,0.939047619047619,0.8901587301587301,0.043859649122807,0.9070175438596492,0.7405541561712846,0.9042821158690176,0.2552973342447027,0.8872180451127819,0.1,False,True,False,True
77,0.6329034569228014,0.907039226222461,0.8427471116816432,0.915596919127086,0.1419141914191419,0.9042904290429042,0.9255961844197138,0.9017488076311606,0.0537261698440207,0.8890814558058926,0.7081761006289308,0.919496855345912,0.2903997266826101,0.9043389135633756,0.1,False,True,False,True
78,0.6435732187611887,0.903687790905836,0.8314570601479575,0.9073657124477325,0.1626016260162601,0.8813008130081301,0.8740433673469388,0.9040178571428572,0.1258503401360544,0.9064625850340136,0.5802919708029197,0.8807785888077859,0.4179875947622329,0.9100620261888352,0.1,False,True,False,True
79,0.6259070142434829,0.8972498432321061,0.920193861066236,0.9011308562197092,0.0686900958466453,0.8801916932907349,0.8956996148908858,0.8937740693196405,0.0892561983471074,0.9090909090909092,0.7713598074608905,0.8808664259927798,0.2110726643598615,0.9027681660899654,0.1,False,True,False,True
80,0.6184717369882649,0.8974290065394607,0.8437600256657042,0.8986204683991017,0.1506622516556291,0.9321192052980132,0.835414665385847,0.8997758565481908,0.1488294314381271,0.8979933110367893,0.6620603015075377,0.9020100502512562,0.3275213675213675,0.8851282051282051,0.1,False,True,False,True
81,0.6160666308436324,0.901217983163174,0.8971246006389776,0.8996805111821087,0.1266891891891892,0.8885135135135135,0.9303656597774244,0.9017488076311606,0.0814558058925476,0.8908145580589255,0.8902900378310215,0.9205548549810844,0.1082280641857289,0.901672925913281,0.1,False,True,False,True
82,0.6390458254865035,0.8990225091920007,0.9470474967907574,0.8973042362002568,0.0415973377703826,0.8635607321131448,0.9865470852017936,0.9115951313260732,0.0218487394957983,0.8890756302521008,0.8703241895261845,0.8765586034912718,0.123156089193825,0.9029159519725556,0.1,False,True,False,True
83,0.6407775687539192,0.9043267938726148,0.933354797166774,0.8979394719896974,0.08130081300813,0.9154471544715448,0.9627625716104392,0.9029280712921706,0.0310880829015544,0.9101899827288428,0.8368883312421581,0.9109159347553324,0.1689466484268126,0.9073187414500684,0.1,False,True,False,True
84,0.6249214471676093,0.9006194451925666,0.8877716509892961,0.8939344794031787,0.1222222222222222,0.9031746031746032,0.9735483870967742,0.9012903225806452,0.0261011419249592,0.8874388254486134,0.8710462287104623,0.902676399026764,0.1373227257004496,0.9086821169145624,0.1,False,True,False,True
85,0.6458725463834364,0.9052612709509724,0.9384515711046324,0.914480077745384,0.0759493670886076,0.9050632911392406,0.958802703572578,0.8976504666881235,0.0408496732026143,0.923202614379085,0.8062953995157385,0.8983050847457628,0.2042862080884894,0.9018320082958866,0.1,False,True,False,True
86,0.6425756761597707,0.9074870141500984,0.8007049022749119,0.9067606536366548,0.1930116472545757,0.9101497504159732,0.8355116353203698,0.9101051960471788,0.1829059829059829,0.8923076923076924,0.5063451776649747,0.8959390862944162,0.4884117246080436,0.911042944785276,0.1,False,True,False,True
87,0.6473533619456366,0.8975321888412017,0.8094327597195666,0.9008922880815806,0.1898305084745762,0.8864406779661017,0.8190446061372983,0.9050933248971844,0.1622574955908289,0.8888888888888888,0.4474358974358974,0.8769230769230769,0.5284938941655359,0.8951831750339213,0.1,False,True,False,True
88,0.6456932867258224,0.9049027516357444,0.8480439702554154,0.9072098286453282,0.1565495207667731,0.9121405750798722,0.893915259636827,0.8932781140490602,0.1103448275862069,0.9206896551724136,0.6257668711656442,0.8883435582822086,0.3798209366391185,0.9149449035812672,0.1,False,True,False,True
89,0.6225503355704698,0.8999552572706935,0.9304123711340206,0.8936855670103093,0.0676328502415458,0.8888888888888888,0.9317243569387108,0.9015560495395364,0.0694444444444444,0.8993055555555556,0.8923654568210263,0.899874843554443,0.1161995898838004,0.907382091592618,0.1,False,True,False,True
90,0.6392914653784219,0.8960458042583647,0.9517955354254288,0.8997088320931738,0.0472440944881889,0.9149606299212598,0.9707658087067048,0.8938671750873848,0.0224525043177892,0.9032815198618308,0.8853267570900123,0.8951911220715166,0.1331046312178387,0.8891938250428817,0.1,False,True,False,True
91,0.637428469241774,0.8961909871244635,0.924383210509452,0.8897789170137776,0.0807248764415156,0.9060955518945636,0.973526630948629,0.8934762054837693,0.0288288288288288,0.9081081081081082,0.867515923566879,0.9057324840764333,0.1389738362215426,0.8990825688073395,0.1,False,True,False,True
92,0.6360050206204052,0.8991393222162453,0.885209003215434,0.9009646302250804,0.1266447368421052,0.9325657894736842,0.9226589964845,0.8935762224352828,0.0679117147707979,0.8845500848896435,0.7253694581280788,0.9100985221674875,0.2573984858912594,0.8960770818995183,0.1,False,True,False,True
93,0.6436627282491945,0.9032402434658072,0.9093809827696236,0.8953414167198468,0.0694915254237288,0.905084745762712,0.9713656387665198,0.8999370673379484,0.0421245421245421,0.9102564102564102,0.8382923673997412,0.9172056921086676,0.1836665537106065,0.909861064046086,0.1,False,True,False,True
94,0.6424030799534426,0.9032142537380248,0.9080608611201036,0.9096795079313694,0.1009463722397476,0.916403785488959,0.8820134658544405,0.8977236293683873,0.0910596026490066,0.913907284768212,0.6884848484848485,0.9163636363636364,0.3216011042097998,0.8933747412008282,0.1,False,True,False,True
95,0.6255144032921811,0.9041867954911432,0.91661279896574,0.907563025210084,0.0712025316455696,0.9145569620253164,0.9263764404609476,0.9090909090909092,0.074750830564784,0.9235880398671096,0.8524390243902439,0.8902439024390244,0.1627666896077081,0.8929800412938748,0.1,False,True,False,True
96,0.6411633109619687,0.9024608501118568,0.8064,0.9136,0.205,0.9083333333333332,0.8328065739570164,0.895385587863464,0.1800356506238859,0.910873440285205,0.5352112676056338,0.8834827144686299,0.4646739130434782,0.9004755434782609,0.1,False,True,False,True
97,0.6286557552991683,0.9043019407924155,0.8868778280542986,0.9020685197155786,0.1295418641390205,0.9131121642969984,0.8787492022973835,0.900765794511806,0.118043844856661,0.9021922428330524,0.7104945717732207,0.9155609167671894,0.2726017943409248,0.9057971014492754,0.1,False,True,False,True
98,0.6328580396377007,0.8988431530804413,0.9494038027715116,0.896551724137931,0.0456026058631921,0.8957654723127035,0.9814518708026864,0.902782219379597,0.0101694915254237,0.8813559322033898,0.904059040590406,0.90159901599016,0.0940082644628099,0.9004820936639119,0.1,False,True,False,True
99,0.6301173519663174,0.8974290065394607,0.8290873911641407,0.8868107062237988,0.1677419354838709,0.9241935483870968,0.9642286809326094,0.9013094857872884,0.0288135593220339,0.888135593220339,0.7552533992583437,0.9035846724351052,0.2445054945054945,0.8990384615384616,0.1,False,True,False,True
0,0.6565575237072822,0.895509035605654,0.9749756256093598,0.9990250243743908,0.0184899845916795,0.37442218798151,0.9443390259329538,0.9939911448450348,0.0478723404255319,0.4184397163120567,0.7534591194968554,0.9635220125786164,0.2439440464005459,0.8693278744455817,0.1,False,False,True,True
1,0.6352015732546706,0.900777688388308,0.8995829323067052,0.9919794674366378,0.0980392156862745,0.4150326797385621,0.9672955974842768,1.0,0.0255009107468123,0.3679417122040073,0.8280254777070064,0.9987261146496816,0.170516304347826,0.8712635869565217,0.1,False,False,True,True
2,0.6368199336739266,0.9023931164291475,0.8704,0.98304,0.1313131313131313,0.4393939393939394,0.8846880907372401,0.988972904851922,0.1155963302752293,0.4440366972477064,0.6972833117723156,0.961190168175938,0.3044806517311609,0.8862864901561439,0.1,False,False,True,True
3,0.657086578923807,0.9016921837228042,0.8969970939618986,0.9867613819825638,0.1038338658146964,0.4824281150159744,0.858740811760946,0.9798657718120806,0.1313131313131313,0.4713804713804714,0.5702075702075702,0.956043956043956,0.4352617079889807,0.8898071625344353,0.1,False,False,True,True
4,0.6457326892109501,0.9062444086598676,0.9333119589612056,0.9974350753446618,0.0708401976935749,0.4909390444810543,0.957764369641156,0.9993648777389648,0.0294627383015597,0.3830155979202773,0.8333333333333334,0.9936386768447836,0.1959183673469387,0.8748299319727891,0.1,False,False,True,True
5,0.619482496194825,0.902408451965261,0.9233728759217698,0.9932670727797372,0.0778145695364238,0.4817880794701987,0.9634381013470174,0.9993585631815266,0.0396694214876033,0.3702479338842975,0.95,1.0,0.0637271787805718,0.8715122287289011,0.1,False,False,True,True
6,0.6337094751925488,0.9037255955579436,0.9341642697347396,0.9929689996804092,0.0691399662731871,0.4435075885328836,0.939055520102106,0.9968091895341415,0.0544217687074829,0.413265306122449,0.84,0.990967741935484,0.1649134713267729,0.8775025449609772,0.1,False,False,True,True
7,0.6600358422939068,0.8978494623655914,0.970344387755102,1.0,0.0256849315068493,0.3373287671232877,0.977018831790616,1.0,0.0221465076660988,0.3918228279386712,0.7940797940797941,1.0,0.2096500169894665,0.8654434250764526,0.1,False,False,True,True
8,0.6403508771929824,0.9102219835302542,0.9651757188498402,0.9996805111821088,0.0303030303030303,0.4309764309764309,0.959811616954474,0.9993720565149136,0.0241187384044526,0.4063079777365491,0.8441558441558441,1.0,0.1337169939065673,0.8842247799593771,0.1,False,False,True,True
9,0.6546659502059824,0.901576213505284,0.9647548862544056,0.9993591797500802,0.038269550748752,0.4242928452579035,0.9723809523809523,0.9993650793650792,0.0262237762237762,0.3706293706293706,0.8260325406758448,0.9924906132665832,0.1840574751967157,0.8689702360588436,0.1,False,False,True,True
10,0.6574298269213523,0.9030580217020896,0.7988413260379787,0.9691020276794337,0.2049180327868852,0.5967213114754099,0.8253664754620778,0.9681325685149776,0.1658031088082901,0.5578583765112263,0.4429280397022332,0.8362282878411911,0.5774647887323944,0.913775334936448,0.1,False,False,True,True
11,0.6308243727598566,0.9089605734767026,0.8107416879795396,0.9731457800511508,0.1672297297297297,0.5489864864864865,0.8182391921741874,0.9693909750710004,0.1669691470054446,0.5771324863883848,0.5587096774193548,0.9238709677419354,0.4370118845500849,0.9062818336162988,0.1,False,False,True,True
12,0.6235199138858988,0.9002511661284536,0.8355454839753965,0.9766914859177728,0.1786283891547049,0.5103668261562998,0.9239445697711892,0.9896873992910088,0.0766721044045677,0.399673735725938,0.7511961722488039,0.9748803827751196,0.2486111111111111,0.8916666666666667,0.1,False,False,True,True
13,0.6682761087267525,0.8995886981402003,0.8960619754680439,0.9770819883795996,0.1079365079365079,0.4793650793650794,0.920410783055199,0.993260590500642,0.0947712418300653,0.4526143790849673,0.5610640870616687,0.9492140266021766,0.4274388142019993,0.8876249569114099,0.1,False,False,True,True
14,0.6240122126436781,0.9061602011494252,0.790482274033855,0.958479718939636,0.216867469879518,0.6179001721170396,0.8777707409753008,0.9851171627612412,0.1209386281588447,0.4675090252707581,0.6875,0.9674479166666666,0.3332201086956521,0.889266304347826,0.1,False,False,True,True
15,0.6207236252910622,0.8891277091169623,0.7818770226537217,0.9517799352750808,0.1946202531645569,0.555379746835443,0.8417197452229299,0.9684713375796178,0.134020618556701,0.4845360824742268,0.5667074663402693,0.9302325581395348,0.4158347676419965,0.8788296041308089,0.1,False,False,True,True
16,0.6437399247716281,0.9004119648934265,0.8781110402042118,0.9818123803446076,0.1462585034013605,0.4744897959183674,0.8883248730964467,0.9847715736040608,0.1263157894736842,0.443859649122807,0.7184713375796178,0.9808917197452228,0.3112019067075247,0.8753830439223698,0.1,False,False,True,True
17,0.618176929282065,0.8965671775566909,0.8662997733894464,0.9883457429588864,0.1285714285714285,0.4158730158730159,0.9198218262806236,0.9923639834552976,0.0902777777777777,0.4114583333333333,0.8228782287822878,1.0,0.1816930488644184,0.8668272539573296,0.1,False,False,True,True
18,0.6763492917339071,0.90299444145598,0.891193363114231,0.9859604339502234,0.1164383561643835,0.4349315068493151,0.9807510255601136,0.9996844430419692,0.0255009107468123,0.3715846994535519,0.6553079947575361,0.9986893840104848,0.3590524534686971,0.877834179357022,0.1,False,False,True,True
19,0.6404262941071108,0.9013970983342288,0.9723205664628258,0.9980688767299646,0.024390243902439,0.4113821138211382,0.9730500951173112,0.9993658845909956,0.0211267605633802,0.3380281690140845,0.9016393442622952,0.9974779319041616,0.1089108910891089,0.8794810515534313,0.1,False,False,True,True
20,0.6439129266326257,0.8968915166173967,0.8490019317450097,0.9777849323889246,0.1268292682926829,0.4861788617886179,0.8798597833014659,0.9840662842574888,0.0943396226415094,0.3996569468267582,0.6115906288532675,0.9617755856966708,0.3989690721649485,0.8848797250859106,0.1,False,False,True,True
21,0.6183561889396791,0.8975531056735682,0.8457807953443259,0.979631425800194,0.1373801916932907,0.4840255591054313,0.8522654754307594,0.9754307594128908,0.1709401709401709,0.4666666666666667,0.6815365551425031,0.9690210656753409,0.3008241758241758,0.8822115384615384,0.1,False,False,True,True
22,0.6277986745477342,0.8996955042092065,0.9297680412371134,0.995167525773196,0.058252427184466,0.4239482200647249,0.9980676328502416,1.0,0.0016207455429497,0.4246353322528363,0.9193742478941036,0.9975932611311672,0.0774818401937046,0.864406779661017,0.1,False,False,True,True
23,0.6470115250603056,0.8918073796122576,0.8755213346166185,0.9801090792428616,0.1205211726384364,0.3892508143322475,0.7945945945945946,0.9634340222575516,0.1928327645051194,0.552901023890785,0.4987405541561713,0.8904282115869018,0.4872318692543411,0.8944501191692203,0.1,False,False,True,True
24,0.6323753245590473,0.907869997313994,0.7968346253229974,0.9647932816537468,0.2121212121212121,0.5342902711323764,0.8451695457453615,0.984005118362124,0.1926298157453936,0.542713567839196,0.5954106280193237,0.9589371980676328,0.4189982728842832,0.9063903281519862,0.1,False,False,True,True
25,0.7037235947010383,0.895452918009309,0.9375402446877013,0.9945267224726336,0.0501618122977346,0.372168284789644,0.9600638977635784,0.9987220447284344,0.0471380471380471,0.3501683501683502,0.4920049200492005,0.9052890528905287,0.5104774991411886,0.8983167296461697,0.1,False,False,True,True
26,0.6189196452566514,0.9006539460718445,0.884765625,0.9886067708333334,0.1001540832049306,0.4822804314329738,0.8607431340872375,0.9718901453957997,0.1230031948881789,0.4664536741214057,0.6931407942238267,0.9843561973525872,0.2799307958477509,0.8948096885813149,0.1,False,False,True,True
27,0.6345964346501837,0.9011018543402312,0.91104,0.99584,0.0671140939597315,0.4060402684563758,0.9472020233955106,0.997470755611761,0.0448028673835125,0.3548387096774194,0.7923784494086727,0.9934296977660972,0.193581081081081,0.8770270270270271,0.1,False,False,True,True
28,0.6589626444504165,0.9064767535608708,0.8745542949756888,0.987358184764992,0.1022012578616352,0.5125786163522013,0.8459579885423297,0.978676002546149,0.1675302245250431,0.5146804835924007,0.529192546583851,0.9279503105590062,0.4842249657064472,0.900891632373114,0.1,False,False,True,True
29,0.618281012431804,0.9029603792147392,0.892925430210325,0.9891650732950924,0.1069609507640067,0.4482173174872665,0.7874720357941835,0.9677213167146052,0.1956521739130435,0.5769230769230769,0.6972361809045227,0.978643216080402,0.3111566018423746,0.8788809280109178,0.1,False,False,True,True
30,0.6592373791621912,0.90109201575367,0.9713375796178344,0.9987261146496816,0.0256849315068493,0.3818493150684932,0.9302106255894372,0.995598868280415,0.0681399631675874,0.3830570902394107,0.7764550264550265,0.984126984126984,0.2415768194070081,0.8723045822102425,0.1,False,False,True,True
31,0.7385550786838341,0.9028969957081544,0.9259140474663246,0.9955099422706865,0.0786885245901639,0.4377049180327869,0.948002536461636,0.9987317691819912,0.0627177700348432,0.3954703832752613,0.3745318352059925,0.7715355805243446,0.6829518278100444,0.9333788862316365,0.1,False,False,True,True
32,0.6290726817042607,0.9021661296097386,0.782650757820058,0.9683972911963884,0.218298555377207,0.5874799357945425,0.8886043533930857,0.9769526248399488,0.1116666666666666,0.4783333333333333,0.6452004860267315,0.9465370595382746,0.3760772147535333,0.8934850051706308,0.1,False,False,True,True
33,0.6397993910084184,0.899785061794734,0.9526248399487836,0.9971190781049936,0.0334448160535117,0.3795986622073579,0.991425849476024,1.0,0.0034904013961605,0.3699825479930192,0.8350383631713555,0.9910485933503836,0.1261904761904762,0.8738095238095238,0.1,False,False,True,True
34,0.6441877126992657,0.900859752821064,0.8920655316415034,0.989078059749438,0.1116584564860427,0.438423645320197,0.9479034307496824,0.994599745870394,0.0365853658536585,0.3745644599303135,0.7255871446229913,0.9826946847960444,0.2595262615859938,0.8829385513216615,0.1,False,False,True,True
35,0.704031465093412,0.9018503620273532,0.9562160434643656,0.9964844998402044,0.0616666666666666,0.4683333333333333,0.9378980891719744,0.9929936305732484,0.0577249575551782,0.4108658743633276,0.4919852034525277,0.8680641183723797,0.5034270047978067,0.8999314599040439,0.1,False,False,True,True
36,0.6497448294386248,0.8983794431014415,0.950485436893204,0.9970873786407768,0.0363349131121642,0.4186413902053712,0.977207062600321,0.9990369181380416,0.0197368421052631,0.3536184210526316,0.8172043010752689,0.997610513739546,0.193000693000693,0.8752598752598753,0.1,False,False,True,True
37,0.6252131000448632,0.8937640197397936,0.8724226804123711,0.9806701030927836,0.1194762684124386,0.4828150572831424,0.960127591706539,0.9977671451355662,0.05,0.3103448275862069,0.7928483353884094,0.9889025893958076,0.1738980716253443,0.8650137741046832,0.1,False,False,True,True
38,0.6378446115288221,0.9018080916577156,0.9381410256410256,0.9958333333333332,0.043046357615894,0.390728476821192,0.9939605848696758,1.0,0.0103806228373702,0.370242214532872,0.8785166240409207,0.9884910485933504,0.119986403806934,0.8834126444595514,0.1,False,False,True,True
39,0.6712255296326093,0.8985429516402967,0.91029792746114,0.9876943005181348,0.0967238689547582,0.4742589703588143,0.91904,0.99232,0.086092715231788,0.3857615894039735,0.6,0.9530120481927712,0.4187650914108313,0.887547430148327,0.1,False,False,True,True
40,0.6286431710160524,0.900726392251816,0.994823681656422,1.0,0.0031948881789137,0.4105431309904153,0.9190751445086706,0.9929351316634554,0.0796019900497512,0.4162520729684908,0.920343137254902,0.9963235294117648,0.0937607721475353,0.8755601516718373,0.1,False,False,True,True
41,0.6330283458916398,0.9077861499820596,0.8595093978974195,0.9824784963364128,0.1611785095320624,0.5199306759098787,0.7752525252525253,0.9510732323232324,0.2244525547445255,0.6478102189781022,0.6129458388375165,0.9590488771466316,0.4133153092260899,0.8928692125718148,0.1,False,False,True,True
42,0.6473585411638509,0.9031912040761598,0.8028488183878277,0.9705406280349628,0.221875,0.5640625,0.87232,0.9856,0.1374172185430463,0.4486754966887417,0.5455650060753341,0.8712029161603888,0.4686854783207158,0.9211975223675156,0.1,False,False,True,True
43,0.6030978601486257,0.8918434953890232,0.7521641551779417,0.9438922731644758,0.2665562913907284,0.6076158940397351,0.7994287527768962,0.9619168517930816,0.243006993006993,0.527972027972028,0.6390685640362225,0.9301423027166882,0.3650847457627119,0.8806779661016949,0.1,False,False,True,True
44,0.6476011457214464,0.9022556390977444,0.974630700064226,1.0,0.0147540983606557,0.4032786885245901,0.9865814696485624,0.9996805111821088,0.0101010101010101,0.3821548821548821,0.847001223990208,0.9987760097919216,0.1393188854489164,0.8765049879600963,0.1,False,False,True,True
45,0.643656549377742,0.9066165278896948,0.9642286809326094,0.9993612264452252,0.0422297297297297,0.4155405405405405,0.9423750397962432,0.9952244508118434,0.0738831615120274,0.4312714776632302,0.8339670468948035,0.9961977186311788,0.1649625085207907,0.8820722563053851,0.1,False,False,True,True
46,0.6211307926283771,0.902308105206656,0.9064402435116948,0.9910285165011214,0.0661157024793388,0.4710743801652892,0.9697837150127226,0.9977735368956744,0.0292096219931271,0.3608247422680412,0.9330024813895782,0.9987593052109182,0.0876712328767123,0.8753424657534247,0.1,False,False,True,True
47,0.6527740432015775,0.9098323922201308,0.8304652644996813,0.9764181007010836,0.1944922547332186,0.5094664371772806,0.8623622047244095,0.990236220472441,0.1323529411764706,0.5183823529411765,0.5542328042328042,0.9391534391534392,0.4505568680391495,0.896051299358758,0.1,False,False,True,True
48,0.6509045316138277,0.9014866559197564,0.9530026109660574,1.0,0.0486322188449848,0.4012158054711246,0.9096712416214492,0.996169805298436,0.100169779286927,0.4210526315789473,0.7228915662650602,0.9975903614457832,0.279045643153527,0.8786307053941909,0.1,False,False,True,True
49,0.6457214464733262,0.8990332975295381,0.881675727534378,0.9830508474576272,0.1038525963149078,0.4757118927973199,0.9494596312778132,0.9987285441830897,0.0657439446366782,0.3615916955017301,0.7240506329113924,0.981012658227848,0.2719836400817996,0.8725289706884799,0.1,False,False,True,True
50,0.6038192576654116,0.906670252824099,0.8687840872633943,0.9910170035290344,0.1131447587354409,0.4342762063227953,0.8258248730964467,0.9771573604060914,0.196113074204947,0.5141342756183745,0.8257575757575758,0.9974747474747476,0.2019822282980177,0.8892686261107313,0.1,False,False,True,True
51,0.6466953250940355,0.898889485939459,0.9504504504504504,0.998069498069498,0.0553745928338762,0.4397394136807817,0.8744823192099395,0.98407136030583,0.1355060034305317,0.4459691252144082,0.7351485148514851,0.99009900990099,0.2796842827728208,0.8634179821551132,0.1,False,False,True,True
52,0.6353353083759763,0.8990932758775474,0.7859228024651314,0.9617255919558872,0.1936507936507936,0.5634920634920635,0.8488224061107574,0.9748567791215786,0.1418563922942206,0.4816112084063047,0.5073891625615764,0.8891625615763546,0.4729403653912444,0.9083074801792486,0.1,False,False,True,True
53,0.6482974910394266,0.8984767025089606,0.9432624113475178,0.9974210186976143,0.0550161812297734,0.389967637540453,0.987531969309463,0.9996803069053708,0.0202702702702702,0.3496621621621621,0.8474784747847478,1.0,0.1668386652906776,0.8754729962160303,0.1,False,False,True,True
54,0.6178708926492972,0.9017817172531112,0.9974243399871217,0.9996780424983902,0.0016207455429497,0.4100486223662885,0.8466433343938912,0.9818644607063316,0.1551724137931034,0.4551724137931034,0.8667496886674969,1.0,0.1215753424657534,0.8770547945205479,0.1,False,False,True,True
55,0.6195195999642825,0.9029377623002054,0.9218146718146718,0.9925997425997426,0.088,0.4832,0.9274528603387664,0.995845317992969,0.0662251655629139,0.3841059602649007,0.8917589175891759,1.0,0.1202054794520548,0.8780821917808219,0.1,False,False,True,True
56,0.6473222281927279,0.8976356797420741,0.9055807916937054,0.9928617780661908,0.0640625,0.446875,0.9456521739130436,0.9968030690537084,0.0471380471380471,0.3535353535353535,0.706875753920386,0.9589867310012062,0.2848254407189768,0.8828206014517802,0.1,False,False,True,True
57,0.6295102515892201,0.9007073148894261,0.8532521627683435,0.9740467798782442,0.1428571428571428,0.5282392026578073,0.8975095785440613,0.9846743295019156,0.1032148900169204,0.4213197969543147,0.7053682896379525,0.972534332084894,0.2891854893908282,0.8863791923340179,0.1,False,False,True,True
58,0.6291812393507309,0.9049412608734644,0.8797549967762733,0.9925854287556416,0.1284552845528455,0.4991869918699187,0.903061224489796,0.989158163265306,0.1049913941480206,0.4406196213425129,0.7774968394437421,0.988621997471555,0.2392344497607655,0.8766233766233766,0.1,False,False,True,True
59,0.6655046035577009,0.9049789934745688,0.9512664315485732,0.9993587688361656,0.0672131147540983,0.4311475409836066,0.9490667510281556,0.993989243910155,0.0686619718309859,0.397887323943662,0.7402269861286255,1.0,0.2762261580381471,0.8797683923705722,0.1,False,False,True,True
60,0.6361028950434705,0.8992560724209017,0.9482148600836282,0.9903505950466388,0.040983606557377,0.3868852459016393,0.981016731016731,0.9993564993564994,0.0261865793780687,0.3895253682487725,0.8810408921933085,1.0,0.1195054945054945,0.8815247252747253,0.1,False,False,True,True
61,0.6646073954696033,0.9008863819500404,0.9624230644638808,0.9980563654033042,0.0330188679245283,0.3883647798742138,0.9834658187599364,0.9987281399046104,0.0276816608996539,0.4065743944636678,0.7396088019559902,0.9792176039119804,0.246815834767642,0.8802065404475043,0.1,False,False,True,True
62,0.6211224672763135,0.8998565537027076,0.9191820837390458,0.9889646218760144,0.0941915227629513,0.4285714285714285,0.984375,1.0,0.0189003436426116,0.3848797250859107,0.9079754601226994,1.0,0.0682053048570444,0.875645883568722,0.1,False,False,True,True
63,0.6281465555854161,0.9067454985219028,0.9355975648830503,0.9955142582505608,0.0516666666666666,0.41,0.984192222573506,0.9993676889029404,0.007168458781362,0.4068100358422939,0.9107142857142856,0.9987244897959184,0.0783112019067075,0.8845760980592441,0.1,False,False,True,True
64,0.6508277404921701,0.9062192393736018,0.8600129617627997,0.983797796500324,0.1721439749608763,0.5712050078247262,0.8724702858978477,0.9752650176678446,0.1176470588235294,0.5163398692810458,0.6160388821385177,0.942891859052248,0.4183321847002068,0.8952446588559614,0.1,False,False,True,True
65,0.6600376242945445,0.8946519752754636,0.8211408314534322,0.9658395101514664,0.1909385113268608,0.5097087378640777,0.9325588899645046,0.994514359470797,0.0562700964630225,0.3938906752411575,0.5335731414868106,0.9304556354916068,0.4613785936958781,0.8908901974367855,0.1,False,False,True,True
66,0.6792942862260434,0.9049794017553286,0.9123086734693876,0.9917091836734694,0.0887372013651877,0.4965870307167235,0.8793873643905552,0.978940650925335,0.1292517006802721,0.4982993197278911,0.4721189591078067,0.8884758364312267,0.5005145797598628,0.9008576329331046,0.1,False,False,True,True
67,0.6296594982078854,0.899910394265233,0.7909677419354839,0.9706451612903226,0.2290322580645161,0.6387096774193548,0.8289389067524116,0.9672025723472668,0.1852459016393442,0.5229508196721312,0.5703794369645043,0.8873929008567931,0.4395452979676197,0.8908026179813986,0.1,False,False,True,True
68,0.6256272401433691,0.8959677419354839,0.830042084817093,0.9728067335707348,0.1759112519809825,0.5055467511885895,0.8150048092337288,0.9663353638986856,0.1980033277870216,0.5357737104825291,0.6074429771908764,0.9471788715486196,0.3948735711811569,0.8832698302736405,0.1,False,False,True,True
69,0.6352572706935123,0.8954809843400447,0.9510058403634004,0.9944841012329656,0.0357698289269051,0.3919129082426127,0.9875875238701464,1.0,0.0171526586620926,0.3756432246998284,0.8906439854191981,0.9987849331713244,0.1030323914541695,0.8638869745003446,0.1,False,False,True,True
70,0.6695402298850575,0.899066091954023,0.929700096742986,0.9954853273137696,0.0801963993453355,0.4582651391162029,0.8710912571793236,0.9850031908104658,0.1349480968858131,0.4290657439446367,0.5433168316831684,0.8304455445544554,0.4397382920110192,0.9087465564738292,0.1,False,False,True,True
71,0.6381950040290089,0.8983794431014415,0.7976804123711341,0.9606958762886598,0.1906300484652665,0.518578352180937,0.8826886493341788,0.984147114774889,0.1265377855887522,0.4323374340949033,0.5588599752168525,0.9318463444857495,0.4207818930041152,0.9015775034293552,0.1,False,False,True,True
72,0.6541286046928175,0.8887694787748522,0.908675799086758,0.992498369210698,0.1006097560975609,0.3902439024390244,0.95445798588839,0.9967928159076332,0.0314569536423841,0.347682119205298,0.7324613555291319,0.9785969084423306,0.2919125303713988,0.8622006247830615,0.1,False,False,True,True
73,0.6408810099382218,0.8977527083892918,0.8472446019980664,0.9819529487592652,0.1709677419354838,0.5177419354838709,0.9020602218700476,0.9892234548335974,0.0774647887323943,0.3503521126760563,0.6575,0.96375,0.3445090660280533,0.8785494355114608,0.1,False,False,True,True
74,0.6448983248230762,0.8921436889724984,0.9691858579305872,0.9996756406097956,0.0282131661442006,0.4012539184952978,0.9610721123165284,0.9939374601148692,0.0306643952299829,0.3611584327086882,0.8390243902439024,1.0,0.1637366425370562,0.8528093760772147,0.1,False,False,True,True
75,0.6183691756272401,0.9004480286738351,0.8390841663979361,0.9719445340212834,0.1809369951534733,0.5896607431340872,0.839568801521877,0.9686112872542804,0.1501766784452297,0.5247349823321554,0.6922110552763819,0.978643216080402,0.3088235294117647,0.8683310533515732,0.1,False,False,True,True
76,0.6382616487455197,0.8969534050179212,0.9221113614419054,0.997425168973286,0.065252854812398,0.3507340946166394,0.9752380952380952,0.9996825396825396,0.0122807017543859,0.3210526315789473,0.8463476070528967,0.9987405541561712,0.1596035543403964,0.878673957621326,0.1,False,False,True,True
77,0.6301271717714491,0.9000537345513165,0.8915275994865212,0.9894094993581516,0.1138613861386138,0.4702970297029702,0.8864864864864865,0.979650238473768,0.1057192374350086,0.4228769497400346,0.7194968553459119,0.9849056603773584,0.2623846942261701,0.8793987017423983,0.1,False,False,True,True
78,0.6331901181525241,0.899391335481561,0.7989707301383081,0.965905435831457,0.208130081300813,0.5756097560975609,0.8255739795918368,0.9706632653061223,0.1598639455782313,0.5357142857142857,0.5170316301703163,0.916058394160584,0.4665747760165403,0.888697450034459,0.1,False,False,True,True
79,0.6520648571172624,0.8968019349637194,0.9147011308562196,0.9906300484652666,0.0814696485623003,0.4424920127795527,0.8979460847240052,0.9910141206675224,0.0958677685950413,0.3867768595041322,0.6438026474127557,0.9530685920577616,0.3480968858131488,0.8837370242214533,0.1,False,False,True,True
80,0.6422108752127564,0.9019080892233272,0.8617260186076355,0.9797882579403272,0.1357615894039735,0.478476821192053,0.8334934357989113,0.9756644252321486,0.1538461538461538,0.5217391304347826,0.5326633165829145,0.9221105527638191,0.4382905982905983,0.8998290598290598,0.1,False,False,True,True
81,0.6615618842915995,0.9039047107289988,0.8469648562300319,0.9718849840255592,0.1807432432432432,0.5337837837837838,0.8623211446740858,0.9774244833068364,0.1421143847487001,0.5043327556325823,0.5460277427490542,0.9041614123581336,0.4786616592693752,0.9057698873335608,0.1,False,False,True,True
82,0.6198547215496368,0.9049412608734644,0.8109756097560976,0.9733632862644416,0.1647254575707154,0.5141430948419301,0.8721973094170403,0.981742472773863,0.146218487394958,0.5109243697478991,0.6521197007481296,0.945137157107232,0.3269296740994854,0.8994854202401372,0.1,False,False,True,True
83,0.634417271342829,0.9025351607990684,0.9265936896329684,0.9890534449452671,0.08130081300813,0.4211382113821138,0.9678548695098664,0.9990451941438574,0.0466321243523316,0.3799654576856649,0.8745294855708908,1.0,0.1330369357045143,0.8850889192886456,0.1,False,False,True,True
84,0.6341682377233144,0.904120657150552,0.8855011352578657,0.9857281868310088,0.1222222222222222,0.4825396825396825,0.9664516129032258,0.9980645161290322,0.032626427406199,0.4078303425774878,0.8029197080291971,0.9914841849148418,0.2009685230024213,0.8886198547215496,0.1,False,False,True,True
85,0.657614053957157,0.9000627408801649,0.9297052154195012,0.9948169744088112,0.0791139240506329,0.4129746835443038,0.9423881557772772,0.9977470228516252,0.0473856209150326,0.3986928104575163,0.6549636803874092,0.9757869249394672,0.317663325267888,0.8848945731075009,0.1,False,False,True,True
86,0.607110872290883,0.8985312555973491,0.8554950336430631,0.9839794937520026,0.1331114808652246,0.4858569051580699,0.8431622569333759,0.972585272553395,0.1452991452991453,0.4632478632478632,0.7309644670050761,0.9847715736040608,0.2464212678936605,0.8766189502385822,0.1,False,False,True,True
87,0.6326001430615165,0.9016452074391988,0.804333970681963,0.9716379859783302,0.1847457627118644,0.5627118644067797,0.8003796267004113,0.9648845302119582,0.1922398589065255,0.5396825396825397,0.5038461538461538,0.8961538461538462,0.4782903663500678,0.898236092265943,0.1,False,False,True,True
88,0.6632607331719996,0.8940575423500942,0.8525703200775946,0.9712253475590042,0.1469648562300319,0.4888178913738019,0.8738451736221726,0.9856642242752468,0.1448275862068965,0.4551724137931034,0.5263803680981595,0.8785276073619632,0.4872589531680441,0.8922176308539945,0.1,False,False,True,True
89,0.6386577181208054,0.8965548098434004,0.94909793814433,0.9958118556701032,0.0418679549114331,0.4251207729468599,0.9301365512861226,0.9926960939980948,0.0572916666666666,0.3697916666666667,0.8172715894868585,0.9949937421777222,0.18796992481203,0.8646616541353384,0.1,False,False,True,True
90,0.6336553945249598,0.8956879584898909,0.9653833710773212,0.9980588806211582,0.0330708661417322,0.3984251968503937,0.9723546234509056,0.9987289482046392,0.0276338514680483,0.3039723661485319,0.9136868064118372,0.998766954377312,0.0895368782161235,0.8730703259005146,0.1,False,False,True,True
91,0.6385908440629471,0.9014663805436338,0.843960269144505,0.9785325216276834,0.1647446457990115,0.4958813838550247,0.857232902615821,0.9744721084147494,0.1423423423423423,0.4864864864864865,0.6547770700636942,0.9719745222929936,0.3720693170234455,0.8841318382602786,0.1,False,False,True,True
92,0.6350188273265196,0.8959117805271651,0.8360128617363344,0.9771704180064308,0.15625,0.5279605263157895,0.9181847235538512,0.9929689996804092,0.1035653650254669,0.365025466893039,0.6736453201970444,0.9655172413793104,0.3121128699242945,0.8695801789401238,0.1,False,False,True,True
93,0.6500179018976011,0.9044038668098818,0.9240587109125716,0.9964901084875558,0.0847457627118644,0.4389830508474576,0.9704216488357458,0.998112020138452,0.0384615384615384,0.3901098901098901,0.8098318240620958,0.9883570504527812,0.198237885462555,0.8719078278549645,0.1,False,False,True,True
94,0.6792013609096607,0.8913958277374877,0.919391388798964,0.989316931045646,0.0630914826498422,0.4321766561514195,0.9355562680346264,0.9935876883616545,0.0496688741721854,0.3576158940397351,0.5357575757575758,0.92,0.4541062801932367,0.8806073153899241,0.1,False,False,True,True
95,0.6392020039363034,0.8985507246376812,0.8965740142210731,0.9912734324499032,0.0949367088607595,0.425632911392405,0.9891165172855314,1.0,0.0083056478405315,0.3322259136212624,0.824390243902439,0.996341463414634,0.1858224363386098,0.883344803854095,0.1,False,False,True,True
96,0.6231767337807607,0.8995078299776287,0.82624,0.97024,0.1616666666666666,0.5466666666666666,0.8015170670037927,0.959228824273072,0.2032085561497326,0.5490196078431373,0.6274007682458387,0.9218950064020488,0.3889266304347826,0.8930027173913043,0.1,False,False,True,True
97,0.632859314909221,0.9014399427600394,0.8894634776987718,0.9851325145442792,0.1200631911532385,0.4849921011058452,0.8647096362476069,0.982769623484365,0.133220910623946,0.4232715008431703,0.6791314837153196,0.97708082026538,0.3091787439613526,0.8913043478260869,0.1,False,False,True,True
98,0.6429019818850328,0.901085104474935,0.9439252336448598,0.9967773122784402,0.0374592833876221,0.4446254071661237,0.9862488007675088,1.0,0.011864406779661,0.4101694915254237,0.8437884378843789,0.993849938499385,0.1515151515151515,0.862603305785124,0.1,False,False,True,True
99,0.6174863387978142,0.9004747827644898,0.780715898097388,0.9751693002257336,0.2161290322580645,0.5370967741935484,0.9709358032577452,0.9993612264452252,0.0271186440677966,0.3644067796610169,0.7688504326328801,0.9814585908529048,0.2266483516483516,0.8780906593406593,0.1,False,False,True,True
0,0.6421542315262122,0.8996242619431025,0.9733506662333442,0.9996750081247968,0.036979969183359,0.3759630200308166,0.9582542694497154,0.9968374446552816,0.0407801418439716,0.3971631205673759,0.8415094339622642,0.9949685534591196,0.1490958717161378,0.8764926646195838,0.1,False,False,False,True
1,0.6141950478233664,0.899794404219183,0.8322104587744626,0.9752967597048444,0.1650326797385621,0.5081699346405228,0.9276729559748428,0.9959119496855344,0.0801457194899817,0.3916211293260473,0.8343949044585988,0.9987261146496816,0.179008152173913,0.865828804347826,0.1,False,False,False,True
2,0.6223895312359954,0.9006901496818142,0.84512,0.97632,0.143097643097643,0.4747474747474747,0.914618777567738,0.9905482041587902,0.0788990825688073,0.4477064220183486,0.7787839586028461,0.9844760672703752,0.2274270196877121,0.8713509843856077,0.1,False,False,False,True
3,0.643746082908049,0.8941713671770077,0.8262835001614466,0.9731998708427512,0.1549520766773162,0.5431309904153354,0.850431447746884,0.9689996804090764,0.1531986531986532,0.4983164983164983,0.5677655677655677,0.9291819291819292,0.4535123966942149,0.8760330578512396,0.1,False,False,False,True
4,0.6485954553587404,0.9068706387546968,0.9454953510740622,0.9961526130169926,0.0395387149917627,0.4761120263591433,0.9698316926008256,0.9990473166084471,0.0277296360485268,0.3830155979202773,0.8396946564885496,0.9783715012722646,0.1860544217687074,0.8860544217687075,0.1,False,False,False,True
5,0.6238696391798728,0.9070641955412302,0.7928823340814364,0.9730682911189484,0.2119205298013245,0.5811258278145696,0.8829377806286081,0.9849262347658756,0.1157024793388429,0.515702479338843,0.6609756097560976,0.9841463414634146,0.345160179125043,0.8801240096451947,0.1,False,False,False,True
6,0.630843632455669,0.900322407307899,0.8063279002876318,0.966762543943752,0.163575042158516,0.521079258010118,0.8819400127632419,0.9850031908104658,0.1122448979591836,0.4642857142857143,0.6090322580645161,0.9561290322580646,0.3807261621988463,0.8883610451306413,0.1,False,False,False,True
7,0.6559139784946236,0.8991039426523297,0.9837372448979592,1.0,0.0342465753424657,0.3801369863013699,0.951803383338653,0.998723268432812,0.0425894378194207,0.3458262350936967,0.797940797940798,1.0,0.199796126401631,0.872239211688753,0.1,False,False,False,True
8,0.6274615109201576,0.9042248478338704,0.9466453674121406,0.999041533546326,0.0538720538720538,0.4225589225589226,0.9145996860282576,0.9949764521193092,0.072356215213358,0.4155844155844156,0.8415584415584415,1.0,0.1404874746106973,0.8669600541638456,0.1,False,False,False,True
9,0.6325452265806913,0.8975461221565466,0.8433194488945851,0.9695610381288048,0.1414309484193011,0.4742096505823627,0.9244444444444444,0.9926984126984127,0.0804195804195804,0.3706293706293706,0.7672090112640801,0.9949937421777222,0.2651385562777968,0.8816284639069449,0.1,False,False,False,True
10,0.6351896690879741,0.9075419244910772,0.8738332796910203,0.9777920823945928,0.1442622950819672,0.5819672131147541,0.9165073295092416,0.9936265137029956,0.082901554404145,0.4041450777202072,0.7568238213399504,0.977667493796526,0.2562693232566128,0.8886980419099966,0.1,False,False,False,True
11,0.6274193548387097,0.9059139784946236,0.8756393861892583,0.9840153452685422,0.1131756756756756,0.535472972972973,0.8646260650047334,0.98295992426633,0.1415607985480943,0.4827586206896552,0.712258064516129,0.9883870967741936,0.2804753820033956,0.8719864176570459,0.1,False,False,False,True
12,0.6088984571223538,0.897021887334051,0.8416963418582065,0.9744253803820008,0.1451355661881977,0.4896331738437001,0.9291008701256848,0.9929100870125684,0.0799347471451876,0.4094616639477977,0.8229665071770335,0.9916267942583732,0.165625,0.8756944444444444,0.1,False,False,False,True
13,0.6295600858369099,0.8957439198855508,0.8608779857972886,0.9680438992898645,0.1142857142857142,0.5031746031746032,0.928433889602054,0.9939024390243902,0.0947712418300653,0.4558823529411764,0.7787182587666264,0.9975816203143894,0.2437090658393657,0.8621165115477422,0.1,False,False,False,True
14,0.6254489942528736,0.9050826149425288,0.818907697221335,0.974768444586394,0.1841652323580034,0.5731497418244407,0.8910702976567447,0.9851171627612412,0.095667870036101,0.4584837545126354,0.7356770833333334,0.953125,0.2927989130434782,0.8821331521739131,0.1,False,False,False,True
15,0.6181264553107648,0.8919039942683146,0.8132686084142395,0.9588996763754044,0.170886075949367,0.5015822784810127,0.8573248407643312,0.9853503184713376,0.1529209621993127,0.4690721649484536,0.6034271725826194,0.9596083231334148,0.3466437177280551,0.870223752151463,0.1,False,False,False,True
16,0.6266344259358768,0.9037255955579436,0.8698149329929802,0.9802169751116784,0.1360544217687075,0.5119047619047619,0.8946700507614214,0.988261421319797,0.1122807017543859,0.4508771929824561,0.8191082802547771,0.9936305732484076,0.2260810350697991,0.8736806264896153,0.1,False,False,False,True
17,0.6353858564130143,0.8989871829344805,0.8034962771123341,0.966979605050178,0.2269841269841269,0.5619047619047619,0.8304167992363983,0.9691377664651608,0.1736111111111111,0.5173611111111112,0.6027060270602707,0.918819188191882,0.4349621472814866,0.8940123881624226,0.1,False,False,False,True
18,0.6496324188631881,0.8991393222162453,0.8876834716017868,0.98851308232291,0.0941780821917808,0.4246575342465753,0.9709687598611548,0.9996844430419692,0.0309653916211293,0.3861566484517304,0.765399737876802,0.9947575360419396,0.2473773265651438,0.8609137055837564,0.1,False,False,False,True
19,0.6026329930145083,0.8976356797420741,0.9568715803025426,0.9961377534599292,0.0276422764227642,0.383739837398374,0.8116677235256817,0.966708941027267,0.1830985915492957,0.4929577464788732,0.8675914249684742,0.9974779319041616,0.1321270058040286,0.8781153977466712,0.1,False,False,False,True
20,0.6269819940876109,0.8972498432321061,0.8103670315518352,0.9700579523502898,0.1674796747967479,0.5626016260162602,0.8409815168897387,0.9767367750159336,0.1355060034305317,0.4665523156089194,0.5782983970406905,0.9260172626387176,0.4096219931271477,0.8828178694158075,0.1,False,False,False,True
21,0.6160258133906964,0.8897553105673568,0.8541868735855157,0.965082444228904,0.1485623003194888,0.4824281150159744,0.8433312061263561,0.969687300574346,0.1487179487179487,0.4923076923076923,0.6765799256505576,0.9405204460966544,0.2960164835164835,0.8770604395604396,0.1,False,False,False,True
22,0.6588751567257747,0.9027404621171412,0.773840206185567,0.9590850515463918,0.2297734627831715,0.6326860841423948,0.8943639291465378,0.9835748792270532,0.0923824959481361,0.492706645056726,0.4235860409145607,0.8471720818291215,0.5627810446212383,0.9166378415773088,0.1,False,False,False,True
23,0.6263736263736264,0.8987760207272403,0.8700673724735323,0.9887712544112928,0.1319218241042345,0.4055374592833876,0.983147853736089,0.999046104928458,0.030716723549488,0.3737201365187713,0.8501259445843828,1.0,0.1474293496765407,0.8764044943820225,0.1,False,False,False,True
24,0.6241382397707942,0.9005282478288119,0.7981266149870802,0.9551033591731266,0.1850079744816587,0.5087719298245614,0.8528470889315419,0.9811260396673064,0.1725293132328308,0.4924623115577889,0.6533816425120773,0.9855072463768116,0.3709844559585492,0.8998272884283247,0.1,False,False,False,True
25,0.6878804153240243,0.8969745793054064,0.948486799742434,0.9980682549903412,0.0598705501618122,0.3640776699029126,0.9686900958466452,0.9971246006389776,0.0303030303030303,0.3468013468013468,0.6051660516605166,0.939729397293973,0.3984884919271728,0.8948814840261079,0.1,False,False,False,True
26,0.6254591059750964,0.8945623936217862,0.9033203125,0.9879557291666666,0.1078582434514637,0.4391371340523883,0.8852988691437803,0.9835218093699516,0.1182108626198083,0.4313099041533546,0.7701564380264742,0.9939831528279182,0.2363321799307958,0.8740484429065744,0.1,False,False,False,True
27,0.6238466362089045,0.9014601809549404,0.848,0.9824,0.1392617449664429,0.5268456375838926,0.8656338918748024,0.987037622510275,0.1003584229390681,0.4032258064516129,0.6609724047306176,0.9816031537450722,0.3155405405405405,0.8733108108108109,0.1,False,False,False,True
28,0.6683687180865359,0.9008331093791992,0.9098865478119936,0.9850891410048622,0.0896226415094339,0.4811320754716981,0.8278166772756206,0.97040101845958,0.1796200345423143,0.538860103626943,0.5490683229813664,0.9167701863354036,0.4972565157750342,0.8957475994513031,0.1,False,False,False,True
29,0.6376889365888561,0.9044808156694392,0.8702995538559593,0.98565965583174,0.1239388794567062,0.5025466893039049,0.9217002237136466,0.9923298178331736,0.0869565217391304,0.3929765886287625,0.7562814070351759,0.9974874371859296,0.2688502217673149,0.8836574547935858,0.1,False,False,False,True
30,0.6284461152882206,0.899749373433584,0.9856687898089171,1.0,0.011986301369863,0.3698630136986301,0.9654196793461176,0.999371266897202,0.0313075506445672,0.3683241252302026,0.958994708994709,1.0,0.0357142857142857,0.8628706199460916,0.1,False,False,False,True
31,0.7100321888412017,0.900840486409156,0.9137267479153304,0.9894162924951893,0.0967213114754098,0.440983606557377,0.9438807863031072,0.9955611921369688,0.0749128919860627,0.3954703832752613,0.4731585518102372,0.8876404494382022,0.5582507687051589,0.9029723266142808,0.1,False,False,False,True
32,0.6322950232724669,0.8950053705692803,0.8203805224121251,0.9783940664301838,0.1556982343499197,0.4719101123595505,0.9151728553137004,0.98943661971831,0.07,0.41,0.6537059538274606,0.9562575941676792,0.3391933815925543,0.8779731127197518,0.1,False,False,False,True
33,0.6415009851334408,0.8972774493999641,0.9599871959026888,1.0,0.0451505016722408,0.3729096989966555,0.9892029215624007,1.0,0.019197207678883,0.3717277486910995,0.8478260869565217,0.9884910485933504,0.1183673469387755,0.8629251700680272,0.1,False,False,False,True
34,0.6216192011463371,0.901576213505284,0.7828461291358818,0.96370061034372,0.2085385878489326,0.5812807881773399,0.8843710292249047,0.979987293519695,0.0993031358885017,0.4616724738675958,0.6798516687268232,0.9678615574783684,0.338482663920357,0.8856848609680742,0.1,False,False,False,True
35,0.6478948779833735,0.9021185304371144,0.9351230425055927,0.994566954298498,0.055,0.44,0.9764331210191084,0.998407643312102,0.0237691001697792,0.4159592529711375,0.7940813810110974,0.9716399506781752,0.1936257710760795,0.8732008224811515,0.1,False,False,False,True
36,0.6173336914674545,0.8937236995254723,0.9310679611650484,0.9925566343042072,0.0552922590837282,0.3965244865718799,0.9791332263242376,0.9987158908507224,0.0148026315789473,0.3075657894736842,0.9438470728793308,1.0,0.0464310464310464,0.8762993762993763,0.1,False,False,False,True
37,0.6251233737101839,0.8992373261552266,0.903028350515464,0.986791237113402,0.1080196399345335,0.3862520458265139,0.9250398724082934,0.9945773524720892,0.0879310344827586,0.35,0.8113440197287299,0.995067817509248,0.1683884297520661,0.893595041322314,0.1,False,False,False,True
38,0.6435732187611887,0.90109201575367,0.9455128205128204,0.9967948717948718,0.0629139072847682,0.4172185430463576,0.9993642720915448,1.0,0.0017301038062283,0.3719723183391003,0.8849104859335039,0.9859335038363172,0.1240652617267165,0.8745751189666894,0.1,False,False,False,True
39,0.6450344149459194,0.896576383302047,0.907059585492228,0.9876943005181348,0.0842433697347894,0.4024960998439937,0.91744,0.98848,0.0827814569536423,0.4221854304635761,0.7325301204819277,0.9879518072289156,0.2883753018282166,0.8823732321490169,0.1,False,False,False,True
40,0.6506142946820913,0.9038651242041073,0.8751213199611776,0.9835004852798448,0.1293929712460063,0.512779552715655,0.8673731535003212,0.981053307642903,0.154228855721393,0.5174129353233831,0.6078431372549019,0.9558823529411764,0.40641158221303,0.8862461220268872,0.1,False,False,False,True
41,0.625313957660567,0.8984571223537854,0.8397578846766486,0.9827970691302964,0.1559792027729636,0.4610051993067591,0.930239898989899,0.9936868686868688,0.0547445255474452,0.3832116788321167,0.7833553500660502,0.9828269484808454,0.2281176072997634,0.8661710037174721,0.1,False,False,False,True
42,0.6326092786269777,0.9001519620988647,0.8358692133376497,0.9808999676270638,0.15625,0.525,0.89664,0.98848,0.1026490066225165,0.4503311258278146,0.6257594167679222,0.951397326852977,0.3496214728148658,0.88093599449415,0.1,False,False,False,True
43,0.619482496194825,0.8990061778135912,0.8839371593459442,0.9791599871753768,0.1291390728476821,0.4768211920529801,0.9184385909235164,0.9933354490637892,0.0839160839160839,0.3601398601398601,0.7904269081500647,0.9883570504527812,0.18,0.8810169491525424,0.1,False,False,False,True
44,0.632563551736484,0.9018976011457216,0.97495183044316,0.999678869621066,0.0245901639344262,0.3967213114754098,0.984664536741214,0.9987220447284344,0.0185185185185185,0.3922558922558922,0.9339045287637698,1.0,0.0550395596835225,0.8754729962160303,0.1,False,False,False,True
45,0.634792729877339,0.903303787268332,0.9520919833918876,0.998403066113063,0.0557432432432432,0.4104729729729729,0.9512893982808024,0.9980897803247374,0.0824742268041237,0.4140893470790378,0.8669201520912547,0.9974651457541192,0.1213360599863667,0.8715064758009543,0.1,False,False,False,True
46,0.6267668634818393,0.9001610305958132,0.9464915091316886,0.9964754886254406,0.0495867768595041,0.4826446280991736,0.9529262086513997,1.0,0.0257731958762886,0.3333333333333333,0.9193548387096774,0.9950372208436724,0.0924657534246575,0.863013698630137,0.1,False,False,False,True
47,0.6568073854978937,0.9050820112933584,0.8365200764818356,0.97131931166348,0.1962134251290878,0.576592082616179,0.8724409448818897,0.9798425196850392,0.1102941176470588,0.4742647058823529,0.6164021164021164,0.9497354497354498,0.4363820452244347,0.8869389132635842,0.1,False,False,False,True
48,0.6261866380082393,0.8985312555973491,0.8162532637075718,0.9719321148825064,0.182370820668693,0.5516717325227963,0.8748803064155761,0.9849984040855412,0.1256366723259762,0.4346349745331069,0.6445783132530121,0.9662650602409638,0.3530428769017981,0.8810511756569848,0.1,False,False,False,True
49,0.6492123165055496,0.8941102756892231,0.9344419571474256,0.9929645027182604,0.0552763819095477,0.4304857621440536,0.9383343928798474,0.998410680228862,0.0709342560553633,0.3425605536332179,0.7544303797468355,0.9873417721518988,0.2416496250852079,0.8548057259713702,0.1,False,False,False,True
50,0.6085709162632239,0.9017392863546708,0.8992621110041706,0.9903753609239654,0.0898502495840266,0.4475873544093178,0.8483502538071066,0.9698604060913706,0.1607773851590106,0.5265017667844523,0.8472222222222222,0.9962121212121212,0.169172932330827,0.8742310321257689,0.1,False,False,False,True
51,0.6293211535017016,0.9002328497223715,0.9356499356499356,0.9983912483912484,0.0781758957654723,0.4120521172638436,0.8633322714240204,0.9831156419241796,0.1406518010291595,0.451114922813036,0.7858910891089109,0.9962871287128712,0.2210020590253946,0.8723404255319149,0.1,False,False,False,True
52,0.6332704910674207,0.8873327946853398,0.784625364904314,0.9549140447615958,0.2015873015873016,0.5158730158730159,0.8653723742838956,0.9735837046467218,0.1225919439579684,0.436077057793345,0.5258620689655172,0.9224137931034484,0.4453636677007928,0.8817649086521889,0.1,False,False,False,True
53,0.6417562724014337,0.9016129032258065,0.9284332688588008,0.9941972920696324,0.0776699029126213,0.4288025889967637,0.9865728900255756,1.0,0.0135135135135135,0.3935810810810811,0.8290282902829028,1.0,0.1603027175782593,0.8734090127278982,0.1,False,False,False,True
54,0.6306741874832125,0.8998119795863551,0.9307791371538956,0.9958145524790728,0.0567260940032414,0.4327390599675851,0.9382755329303214,0.9968183264397072,0.0448275862068965,0.3896551724137931,0.8530510585305106,0.99626400996264,0.1568493150684931,0.8667808219178083,0.1,False,False,False,True
55,0.6173765514778106,0.8994553085096884,0.9343629343629344,0.9935649935649936,0.088,0.448,0.908596995845318,0.9856184084372004,0.0910596026490066,0.4205298013245033,0.897908979089791,0.998769987699877,0.111986301369863,0.875,0.1,False,False,False,True
56,0.6360379724162637,0.8995163890381516,0.8932511356262167,0.9970798182998052,0.0828125,0.4453125,0.9491687979539642,0.9974424552429668,0.0505050505050505,0.3855218855218855,0.7720144752714113,0.9758745476477684,0.2270998963014172,0.8738333909436571,0.1,False,False,False,True
57,0.6235115050586445,0.8994538454651267,0.9009932713873758,0.9897468760012816,0.0880398671096345,0.4601328903654485,0.9141123882503192,0.9913793103448276,0.0795262267343485,0.3874788494077834,0.8377028714107366,0.9875156054931336,0.1772758384668035,0.8744010951403148,0.1,False,False,False,True
58,0.6151914626490897,0.904313514483006,0.8836234687298518,0.9919406834300452,0.1040650406504065,0.456910569105691,0.9132653061224488,0.9920280612244898,0.1049913941480206,0.4492254733218588,0.8053097345132744,0.9987357774968394,0.1684894053315106,0.8762816131237184,0.1,False,False,False,True
59,0.6375256994726022,0.9069455618128184,0.9163193331195896,0.9967938441808272,0.0754098360655737,0.4622950819672131,0.915533059158494,0.9860803543182536,0.0880281690140845,0.4366197183098591,0.7742749054224464,1.0,0.2282016348773842,0.8845367847411444,0.1,False,False,False,True
60,0.6251680559290131,0.8985390337904454,0.843036346091991,0.9639755548407848,0.1573770491803278,0.5229508196721312,0.9330759330759332,0.9922779922779924,0.0589198036006546,0.3698854337152209,0.7868649318463445,0.9987608426270136,0.2359203296703296,0.8904532967032966,0.1,False,False,False,True
61,0.6282567821649208,0.8982899095711344,0.9484936831875608,0.9938451571104632,0.0455974842767295,0.3867924528301887,0.967885532591415,0.997456279809221,0.0501730103806228,0.4325259515570934,0.930317848410758,0.9987775061124694,0.0777969018932874,0.8657487091222031,0.1,False,False,False,True
62,0.6223776223776224,0.9007530930607852,0.931515741642324,0.9977280103862384,0.075353218210361,0.4050235478806907,0.9764030612244898,0.9996811224489796,0.0189003436426116,0.4347079037800687,0.9386503067484664,0.996319018404908,0.0640716500172235,0.866345160179125,0.1,False,False,False,True
63,0.6386276090656634,0.906028845292484,0.949375200256328,0.9987183595001602,0.0483333333333333,0.4166666666666667,0.9807145115396776,0.9990515333544104,0.0197132616487455,0.4121863799283154,0.8788265306122449,1.0,0.1140619679945522,0.8760640108954716,0.1,False,False,False,True
64,0.6441163310961968,0.9003131991051454,0.8282566429034348,0.9727802981205445,0.1768388106416275,0.5633802816901409,0.8467716029553486,0.9832958560873756,0.1584967320261437,0.5130718954248366,0.5722964763061968,0.919805589307412,0.4565816678152998,0.8845623707787733,0.1,False,False,False,True
65,0.6303860969273493,0.8943832303144316,0.8488559458588463,0.9780857234933936,0.1521035598705501,0.4724919093851132,0.9457889641819942,0.9980638915779284,0.040192926045016,0.3118971061093247,0.7050359712230215,0.9676258992805756,0.2649809490820921,0.887772774506408,0.1,False,False,False,True
66,0.6543972774494,0.9053376320974388,0.9036989795918368,0.9894770408163264,0.1040955631399317,0.4658703071672355,0.8723675813656668,0.9786215698787492,0.141156462585034,0.4965986394557823,0.6703841387856257,0.9690210656753409,0.3615780445969125,0.8891938250428817,0.1,False,False,False,True
67,0.6238351254480287,0.8949820788530466,0.8716129032258064,0.980967741935484,0.1354838709677419,0.4854838709677419,0.9244372990353698,0.9932475884244372,0.0540983606557377,0.3622950819672131,0.7772337821297429,0.9620563035495716,0.2180502928005511,0.8784016534619359,0.1,False,False,False,True
68,0.6231182795698925,0.8985663082437276,0.8015539009388152,0.9676270637746844,0.2044374009508716,0.5641838351822503,0.7964091054825264,0.96344982366143,0.2046589018302828,0.540765391014975,0.5654261704681873,0.9039615846338536,0.4402493938344302,0.9005888465535158,0.1,False,False,False,True
69,0.6338255033557046,0.8987919463087248,0.945165476963011,0.9961064243997404,0.0482115085536547,0.4136858475894245,0.972310630171865,0.9990451941438574,0.039451114922813,0.3567753001715266,0.9125151883353584,1.0,0.1068228807718814,0.8745692625775328,0.1,False,False,False,True
70,0.642510775862069,0.8980783045977011,0.9155111254434054,0.9919380844888744,0.1096563011456628,0.4435351882160392,0.845564773452457,0.9783024888321634,0.1626297577854671,0.4498269896193771,0.6608910891089109,0.9282178217821784,0.334366391184573,0.8877410468319559,0.1,False,False,False,True
71,0.6307637210135195,0.9007073148894261,0.8070231958762887,0.9632731958762888,0.1890145395799677,0.5476575121163166,0.8972733037412809,0.988268864933418,0.1212653778558875,0.4094903339191564,0.711276332094176,0.9566294919454772,0.3257887517146776,0.894718792866941,0.1,False,False,False,True
72,0.6331721296793839,0.8873365574064124,0.92204827136334,0.9908675799086758,0.0670731707317073,0.3719512195121951,0.9457985888389994,0.9971135343168698,0.0513245033112582,0.3543046357615894,0.8252080856123662,1.0,0.1822283929191253,0.8545643873654981,0.1,False,False,False,True
73,0.615095353209777,0.8986480436923628,0.8095391556558169,0.9677731227844022,0.2241935483870967,0.6112903225806452,0.8047543581616482,0.9610142630744848,0.1795774647887324,0.5158450704225352,0.655,0.96625,0.3605884365378036,0.8747861785836469,0.1,False,False,False,True
74,0.6389859356803727,0.8986831496909433,0.9789166396367176,0.999026921829387,0.0094043887147335,0.4169278996865204,0.969687300574346,0.9987236758136566,0.0289608177172061,0.3560477001703577,0.8304878048780487,0.998780487804878,0.1282316442605998,0.8714236470182696,0.1,False,False,False,True
75,0.6172043010752688,0.8991039426523297,0.9677523379554982,0.99935504675911,0.0290791599353796,0.4361873990306946,0.9140773620798984,0.9904882688649336,0.0848056537102473,0.4257950530035335,0.9409547738693468,1.0,0.0646374829001368,0.8563611491108071,0.1,False,False,False,True
76,0.6528673835125448,0.896236559139785,0.9452848406823302,0.9967814612166076,0.0505709624796084,0.3931484502446982,0.939047619047619,0.9952380952380953,0.043859649122807,0.3771929824561403,0.7405541561712846,0.9760705289672544,0.2552973342447027,0.8677375256322625,0.1,False,False,False,True
77,0.6329034569228014,0.9021135590184488,0.8427471116816432,0.9791399229781772,0.1419141914191419,0.5082508250825083,0.9255961844197138,0.9930047694753578,0.0537261698440207,0.4020797227036395,0.7081761006289308,0.9773584905660376,0.2903997266826101,0.8821318756405876,0.1,False,False,False,True
78,0.6435732187611887,0.9019871106337272,0.8314570601479575,0.9723383724670313,0.1626016260162601,0.5235772357723577,0.8740433673469388,0.9815051020408164,0.1258503401360544,0.4625850340136054,0.5802919708029197,0.916058394160584,0.4179875947622329,0.9059269469331496,0.1,False,False,False,True
79,0.6259070142434829,0.898862312998298,0.920193861066236,0.9935379644588044,0.0686900958466453,0.4217252396166134,0.8956996148908858,0.9922978177150192,0.0892561983471074,0.3983471074380165,0.7713598074608905,0.9783393501805054,0.2110726643598615,0.8820069204152249,0.1,False,False,False,True
80,0.6184717369882649,0.8955477918122369,0.8437600256657042,0.973692653192172,0.1506622516556291,0.4850993377483443,0.835414665385847,0.968299711815562,0.1488294314381271,0.5535117056856187,0.6620603015075377,0.9522613065326632,0.3275213675213675,0.8738461538461538,0.1,False,False,False,True
81,0.6160666308436324,0.9023822317750312,0.8971246006389776,0.9904153354632588,0.1266891891891892,0.4510135135135135,0.9303656597774244,0.9914149443561208,0.0814558058925476,0.3951473136915078,0.8902900378310215,1.0,0.1082280641857289,0.8774325708432912,0.1,False,False,False,True
82,0.6390458254865035,0.903237377813649,0.9470474967907574,0.9990372272143774,0.0415973377703826,0.4342762063227953,0.9865470852017936,1.0,0.0218487394957983,0.3495798319327731,0.8703241895261845,0.9975062344139652,0.123156089193825,0.8809605488850771,0.1,False,False,False,True
83,0.6407775687539192,0.9038788856042282,0.933354797166774,0.995492594977463,0.08130081300813,0.4113821138211382,0.9627625716104392,0.9987269255251432,0.0310880829015544,0.3903281519861831,0.8368883312421581,1.0,0.1689466484268126,0.8837209302325582,0.1,False,False,False,True
84,0.6249214471676093,0.9011580931861028,0.8877716509892961,0.9883230619526436,0.1222222222222222,0.4587301587301587,0.9735483870967742,0.9996774193548388,0.0261011419249592,0.3882544861337683,0.8710462287104623,0.9987834549878344,0.1373227257004496,0.8799723279142165,0.1,False,False,False,True
85,0.6458725463834364,0.8982701443040244,0.9384515711046324,0.9970845481049564,0.0759493670886076,0.379746835443038,0.958802703572578,0.9967814612166076,0.0408496732026143,0.380718954248366,0.8062953995157385,0.9915254237288136,0.2042862080884894,0.8831662633944003,0.1,False,False,False,True
86,0.6425756761597707,0.9076661293211536,0.8007049022749119,0.9657161166292856,0.1930116472545757,0.6189683860232945,0.8355116353203698,0.9738603761555626,0.1829059829059829,0.5333333333333333,0.5063451776649747,0.9048223350253808,0.4884117246080436,0.9096796182685754,0.1,False,False,False,True
87,0.6473533619456366,0.8957439198855508,0.8094327597195666,0.9620777565328236,0.1898305084745762,0.5288135593220339,0.8190446061372983,0.9737424865548876,0.1622574955908289,0.4973544973544973,0.4474358974358974,0.8371794871794872,0.5284938941655359,0.907055630936228,0.1,False,False,False,True
88,0.6456932867258224,0.903916823518867,0.8480439702554154,0.9776915615906888,0.1565495207667731,0.5031948881789138,0.893915259636827,0.9866199426568972,0.1103448275862069,0.4379310344827586,0.6257668711656442,0.9582822085889572,0.3798209366391185,0.900137741046832,0.1,False,False,False,True
89,0.6225503355704698,0.9006711409395973,0.9304123711340206,0.9977448453608248,0.0676328502415458,0.4251207729468599,0.9317243569387108,0.9866624325182598,0.0694444444444444,0.4131944444444444,0.8923654568210263,0.9962453066332916,0.1161995898838004,0.8759398496240601,0.1,False,False,False,True
90,0.6392914653784219,0.8950617283950617,0.9517955354254288,0.9977353607246846,0.0472440944881889,0.3779527559055118,0.9707658087067048,0.9990467111534796,0.0224525043177892,0.3644214162348877,0.8853267570900123,0.998766954377312,0.1331046312178387,0.8631217838765008,0.1,False,False,False,True
91,0.637428469241774,0.9023605150214592,0.924383210509452,0.9961550785004806,0.0807248764415156,0.4382207578253707,0.973526630948629,0.9996848408446264,0.0288288288288288,0.3477477477477477,0.867515923566879,1.0,0.1389738362215426,0.872239211688753,0.1,False,False,False,True
92,0.6360050206204052,0.8994082840236687,0.885209003215434,0.9871382636655948,0.1266447368421052,0.4654605263157895,0.9226589964845,0.9942473633748802,0.0679117147707979,0.3853989813242784,0.7253694581280788,0.9802955665024632,0.2573984858912594,0.8757742601514109,0.1,False,False,False,True
93,0.6436627282491945,0.9067311134980308,0.9093809827696236,0.990427568602425,0.0694915254237288,0.459322033898305,0.9713656387665198,0.999370673379484,0.0421245421245421,0.3736263736263736,0.8382923673997412,0.9961190168175936,0.1836665537106065,0.8827516096238563,0.1,False,False,False,True
94,0.6424030799534426,0.8922016295102516,0.9080608611201036,0.9883457429588864,0.1009463722397476,0.417981072555205,0.8820134658544405,0.9868547611413916,0.0910596026490066,0.3741721854304636,0.6884848484848485,0.9757575757575756,0.3216011042097998,0.8757763975155279,0.1,False,False,False,True
95,0.6255144032921811,0.8982823403113258,0.91661279896574,0.9928894634776988,0.0712025316455696,0.4446202531645569,0.9263764404609476,0.9929577464788732,0.074750830564784,0.3903654485049834,0.8524390243902439,0.998780487804878,0.1627666896077081,0.8713007570543703,0.1,False,False,False,True
96,0.6411633109619687,0.9046979865771811,0.8064,0.97248,0.205,0.5833333333333334,0.8328065739570164,0.9740834386852086,0.1800356506238859,0.5347593582887701,0.5352112676056338,0.8847631241997439,0.4646739130434782,0.8994565217391305,0.1,False,False,False,True
97,0.6286557552991683,0.8977730077810572,0.8868778280542986,0.9848093083387202,0.1295418641390205,0.4344391785150079,0.8787492022973835,0.981174218251436,0.118043844856661,0.4519392917369308,0.7104945717732207,0.991556091676719,0.2726017943409248,0.8802622498274673,0.1,False,False,False,True
98,0.6328580396377007,0.9005470361402564,0.9494038027715116,0.9925878182404124,0.0456026058631921,0.4641693811074918,0.9814518708026864,0.9993604093380236,0.0101694915254237,0.3610169491525424,0.904059040590406,0.997539975399754,0.0940082644628099,0.8705234159779615,0.1,False,False,False,True
99,0.6301173519663174,0.8964436083490102,0.8290873911641407,0.9838761689777492,0.1677419354838709,0.482258064516129,0.9642286809326094,0.9990418396678378,0.0288135593220339,0.3576271186440678,0.7552533992583437,0.976514215080346,0.2445054945054945,0.8681318681318682,0.1,False,False,False,True
